Item Number,People mentioned,Places mentioned,Aboriginal & Torres Strait Island communities,WARNING,Description ,Letter Number,"Relevant pages in digitised file
[page # relates to pdf]",Document Date,Event date,Previous system Number,Hyperlink
ITM3681973,"WALKER, Commandant",Condermine River,,,Letter from Commandant of the Native Police Frederick Walker to the Colonial Secretary at Sydney regarding ‘outrages’ on the Condamine River.,"1849/1999
and
1849/8",p.1,26/5/1849,,,https://www.archivessearch.qld.gov.au/items/ITM3681973
ITM3681974,"MARSHALL, R.P., Lieut.; WILLIAMS, Dugald; PLUNKETT, John, Attorney-General; MANNING, William, Solicitor-General",Callandoon; Condamine; Wide Bay; Fitzroy,,,"Deposition by Dugald Williams at Callandoon, forwarded to Sydney; noted by Attorney General John Plunkett and Solicitor-General William Manning.",1850/15,p.1-6,9/11/1850,,NMP/J1,https://www.archivessearch.qld.gov.au/items/ITM3681974
ITM3681975,"WALKER, Commandant; HALY, C.R.","Burnett District; Traylan, Gayndah, Lower Burnett",,,Petition from C.R. Haly and 27 residents and landholders at Gayndah to the Colonial Secretary at Sydney regarding the Native Police.,,p.1-4,27/1/1851,,,https://www.archivessearch.qld.gov.au/items/ITM3681975
ITM3681976,"MURRAY, John (Lieutenant); WALSH, Wett; NEDDY (Aboriginal man); LANDSBOROUGH, Mr;",Degilbo; Wide Bay; Maryborough; Waller District,,,"Letter from Native Police Lieutenant John Murray at Degilbo, Wide Bay, to the Colonial Secretary at Sydney",,p.1-2,12/12/1852,,,https://www.archivessearch.qld.gov.au/items/ITM3681976
ITM3681977,"CLARY, ; WALKER, Sub-Lieutanant; HALLORAN, A.E.",Maryborough; Fraser Island; Widgee Widge; Tinana;,"Widgee Widgee Distict Aborigines
Saltwater Aborigines
Fraser Island Aboriginals",,"Letter from Crown Lands Commissioner Arthur E. Halloran at Tinana near Maryborough, to the Chief Commissioner of Crown Lands Sydney reporting on the aggression of Aboriginal people.",1854/6 ,p1-2,7/2/1854,,,https://www.archivessearch.qld.gov.au/items/ITM3681977
ITM3681978,"CLARY, ; WALKER, Sub-Lieutanant; HALLORAN, A.E.",Maryborough; Fraser Island; Widgee Widge; Tinana;,"Widgee Widgee Distict Aborigines
Saltwater Aborigines; Fraser Island Aboriginals",,"Letter from Crown Lands Commissioner Arthur E. Halloran at Tinana near Maryborough, to the Chief Commissioner of Crown Lands Sydney reporting on the aggression of Aboriginal people.",,p.1-3,"7/2/1854
","16/01/1854
",,https://www.archivessearch.qld.gov.au/items/ITM3681978
ITM3699918,"FITZ, Mr; CONNOR, Mr; WISEMAN, W.H.; HAY, Mr",Rannes; Leichhardt; McKenzie River; Bribie Island; Brisbane; Cairns; Herde? Bay; Clarence District; Dawson; Fitzroy; Broad Sound; Isaac; Moreton; Darling Downs; Maranoa; Burnett; Wide Bay; Peak Downs; ,Ningi Ningi ,,Letter from Crown Lands Commissioner Wiseman at Rannes near Rockhampton to the Chief Crown Lands Commissioner at Sydney in response to an application to have a permanent detachment of Native Police stationed on the McKenzie River,1855/35,p. 1-4,28/8/1855,,,https://www.archivessearch.qld.gov.au/items/ITM3699918
ITM3681979,"LANDSBOROUGH, J; ALLMAN, Sub lieutenant; JAKKI (Aboriginal man); KITTY (Aboriginal woman)","Monduran, Gayndah",,,"Letter from J. Landsborough at Monduran, Gayndah, to the Inspector General of Police at Sydney regarding conflict between Aboriginal people and Native Police",1857/521,p.1-3,31/12/1856,,,https://www.archivessearch.qld.gov.au/items/ITM3681979
ITM3681980,"FERGUSON, Lieut. ",,,,Letter from the Colonial Secretary at Sydney to the Government Resident at Moreton Bay regarding the murder of a German shepherd and a subsequent collision with Aboriginal people.,1857/198,p.1-3,16/1/1857,,,https://www.archivessearch.qld.gov.au/items/ITM3681980
ITM3681981,"HARRIS, James Turner; CARR, Frederick W.;WILLIAMS, Evan  G.; PHIBBS, Charles H. ",,,,"Letter from the Colonial Secretary at Sydney to the Government Resident at Moreton Bay, advising that the Executive Council have approved the appointment of Frederick W. Carr to Second Lieutenant in the Native Police","1857/73937

or could be #13937
25/5",p. 1-3,18/5/1857,,,https://www.archivessearch.qld.gov.au/items/ITM3681981
ITM3681982,"WICKHAM, Captain; DUNCAN, Charles; DUNCAN, David; STEWART, John",Bald Hills; Cabbage Tree Creek; Pine River,,,Letter from Charles Duncan and others at Bald Hills to the Government Resident at Moreton Bay requesting assistance from the Native Police,,p.1-2,7/10/1857,,,https://www.archivessearch.qld.gov.au/items/ITM3681982
ITM3681983,"WALKER, Commandant; MORISSET,  E, R.",,,,Letter from the Commandant of the Native Police to the Government Resident at Moreton Bay regarding matters relating to Troopers in the Native Police.,,p. 1-3,15/10/1857,,RES/1,https://www.archivessearch.qld.gov.au/items/ITM3681983
ITM3681984,"WHEELER, Frederick; MORISSET,  E, R.",,,,Letter from the Commandant of the Native Mounted Police to the Government Resident at Moreton Bay recommending the appointment of Frederick Wheeler as Second Lieutenant ,,p.1-2,15/10/1857,,RES/1,https://www.archivessearch.qld.gov.au/items/ITM3681984
ITM3681985,"FRASER, Silvester, Mr; NEAGLE, Mr; MILES, Mr; BOULTON, Mr; POWELL, Lieutenant;",Hornet Bank Station; Upper Dawson;  Eurombah Sation; Ipswich,,,"Deposition from Silvester Fraser at Ipswich, forwarded to Sydney, in relation to the violent attack by Aboriginal people at his family's property at Hornet Bank on the Upper Dawson.",,p.1-5,7/11/1857,27 October 1857,,https://www.archivessearch.qld.gov.au/items/ITM3681985
ITM3681986,"FRASER, Family; MURRAY, Lieut.; NICOLL, Lieut,; BLIGH, Lieut. ","Upper Dawson; Clarence, Wide Bay, Logan",,,Letter from the Government Resident at Moreton Bay to the Colonial Secretary at Sydney reporting on an atrocious murder committed on the Upper Dawson by Aboriginal people,,p.1-3,13 November 1857,27 October 1857,RES/1,https://www.archivessearch.qld.gov.au/items/ITM3681986
ITM3681987,FRASER FAMILY; CARR; WALKER; POWELL,Hornet Bank,,,Letter from the Colonial Secretary at Sydney to the Government Resident at Moreton Bay regarding retribution and killings undertaken by Native Police in relation to the Hornet Bank murders,1858/920,p.1-5,15/3/1858,,,https://www.archivessearch.qld.gov.au/items/ITM3681987
ITM3681988,,,,,Letter from the Colonial Secretary at Sydney to the Government Resident at Moreton Bay requesting an enquiry into collisions between the Native Police and Aboriginal people resulting in deaths ,1858/3614,p.1-6,22/10/1858,22/10/1858,,https://www.archivessearch.qld.gov.au/items/ITM3681988
ITM3681989,"MURRAY, G; MURRAY, John; MORISSET, E; CARR; MACARTNEY; MAYNE; PASSANT/TARRENT(?), John; KING JOHN (Aboriginal); BILLY (Aboriginal); BOWEN? (Aboriginal); MITZIE (Aboriginal); Billy Billy",Lower Dawson; Fitzroy; Robinson; Fitzroy River; 'Glenmore'; 'Coonooma';,'Coonooma' tribe,,Letter from Second Lieutenant F.W. Carr at the Fitzroy Native Mounted Police Camp to Lieutenant John Murray regarding an altercation with a camp of Aboriginal people resulting in deaths and prisoners taken.,1860/79,p.1-4,15 November 1859,12 November 1859,COL/A2; SRS5253/1/2,https://www.archivessearch.qld.gov.au/items/ITM3681989
ITM2720136,"McLACHLAN, John,  Darky (Aboriginal man); PALMER, Edward Fielding; O'CONNELL BLIGH, John; BLEARY; PALMER, Henry; HAUGHTON, William Francis; SMITH, Samuel",Maryborough,,,"Inquest held at Maryborough into the death of Darky, an Aboriginal man, found dead in the bush at Maryborough.",1860/6a,p.1-11,8 February 1860,3 February 1860,,https://www.archivessearch.qld.gov.au/items/ITM2720136
ITM3681990,"CARR, F; SIMS; Beilba/Baulie; [native troopers involved:] - Paddy; Jack; Tommy; Charlie; May Boy; Tippo; Jervis; Philip","Bendamere, Upper Dawson",,,Letter from Lieutenant F.W. Carr at Bendemere to Inspector General regarding a violent altercation between Native Police and a group of Aboriginal people.,1860/381,p.1-3,8 March 1860,,,https://www.archivessearch.qld.gov.au/items/ITM3681990
ITM3681991,MORISSET; BRAMSTON; LYTTON,,,,Despatch from the Governor to the Secretary of State for the Colonies in relation to the effectiveness of the Native Mounted Police in Queensland and provides comparison with other colonial military models used across the British Empire.,1860/33,p.1-5,10 April 1860,,,https://www.archivessearch.qld.gov.au/items/ITM3681991
ITM3681992,WALKER; Darby,,,,Letter from the Commandant of the Native Police to the Colonial Secretary regarding the Wide Bay and Fitzroy districts and reporting on the aggression of the Aboriginal people. ,"1860/1611
in Top Number 1860/1799
",p.1-10,17 September 1860,,,https://www.archivessearch.qld.gov.au/items/ITM3681992
ITM3681993,QUIRK,Brisbane - Eagle Farm,,,Executive Council Minute regarding an investigation into the destruction of an Aboriginal camp near Eagle Farm by police,1860/48,p.1,23 October 1860,,,https://www.archivessearch.qld.gov.au/items/ITM3681993
ITM2720186,"WATT, John Alexander; PLOWRIGHT, Frederick; KELLY, Francis; KENNEDY, Hugh; TREVOR, Edward; MURRAY, John; MORRISSET, Captain; HAY, James; GULLIVER (Trooper); TOBY (Trooper); TROOPER BILLY; ALMA (Aboriginal man); JOHNNY READ (Aboriginal, Native Corporal); TROOPER ROBIN HOOD; TROOPER BALLYNTINE; WISEMAN, Mr; DICKY (Aboriginal boy); WILLIAMS, Tom; BURKE, James; QUIRK, Thomas; ",Rockhampton,,Contains details regarding rape,"Inquest held at Rockhampton into the murder of Fanny Briggs, also known as 'White Mary', by Aboriginal Troopers",1860/61,p.2-60,12 November 1860,10 November 1860,,https://www.archivessearch.qld.gov.au/items/ITM2720186
ITM2720196,"Tommy; WHEELER, Frederick; CAMPIGUE (?); COLLINS, A; HARDIE; HENDERSON; LUCAS, Francis; Diobly (?); Maggie;  Herbert; Dolly; Ellen","Normanby Station, near Ipswich; Dugandan scrub, Mt Flinders; Ipswich; Christmas Creek; Fassifern; Albert River; Peak Mountain; Mt Lindsay; McPherson Ranges",,,"Inquest held at Mt. Flinders by the Police Magistrate Henry Challinor, into the death of an Aboriginal man, Tommy, shot by Native Police",1860/71,p.2-17,24 December 1860,,,https://www.archivessearch.qld.gov.au/items/ITM2720196
ITM2720202,"WEINHOLT, Arthur; HARDIE, John; HARDIE, Ellen Lucy; CHALLINOR, Henry JP; FARRINGTON, Francis Henry; WHEELER, Lieutenant; SETSON (Aboriginal?); KITTY (Aboriginial 'gin'); JONES, John (storekeeper); KENWOOD; SHEPHERD TOMMY (Aboriginal); BALBI, Alexander (landlord of Bush Inn Fassifern); TURBAYNE, Mr; PUNCHARD, David; BLACKMORE, Charles; PETER (Aboriginal); MACGREGOR, Peter; MR CAMERON (Aboriginal); BENNETT, James (shepherd); BAEY, Jane; BAEY, William; COLLINS, Cordin; PUNCHARD, David; BLACKMORE, Charles; LUCAS, Francis Norman; CARSON, Constable William; BROTHER GEORGE/ BENNETT, George; QUINN, Chief Constable Edward;","Head Station, Fassifern, County of Churchill, Ipswich, County of Stanley, Limestone, Peak Mountain Road, Coorabin, Moograh Station, the Logan; Coochin, Dugandon,",,,Inquest held at Fassifern by Henry Challinor into the deaths of three elderly Aboriginal men shot by a Native Police detachment,1861/1,p.2-18,3 January 1861,24 December 1860,,https://www.archivessearch.qld.gov.au/items/ITM2720202
ITM3681994,,,,,Executive Council Minute to the Secretary of State for the Colonies regarding views on Imperial defence forces and includes discussion on the Queensland Native Police,1861/1,p.1-12,7 January 1861,,,https://www.archivessearch.qld.gov.au/items/ITM3681994
ITM3681995,"HERBERT, R.G.W; WHEELER; ",Sandgate; Dagandan Scrub,,,Letter from Colonial Secretary to Native Police Lieutenant Wheeler at Sandgate in relation to his use of force in a patrol dispersion.,,p.2-1,11 January 1861,,A/71730; RSI12848/1/1,https://www.archivessearch.qld.gov.au/items/ITM3681995
ITM3681996,Toby; Alma,Rockhampton,,,Executive Council Minute regarding dismissal of troopers Toby and Alma from the Native Police for their involvement in the death of Fanny Briggs,1861/3,p.2,14 January 1861,,EXE/E3,https://www.archivessearch.qld.gov.au/items/ITM3681996
ITM3681997,"Toby; Alma; BRIGGS, Fanny; MANNING",Rockhampton,,,Letter from the Colonial Secretary to Commandant of Native Mounted Police regarding Troopers Toby and Alma accused of the murder of Fanny Briggs,1861/46,p.13,14 January 1861,,COL/Q1,https://www.archivessearch.qld.gov.au/items/ITM3681997
ITM3681998,"WHEELER, Lieutenant; CHALLINOR, Henry; PRING, Ratcliffe;",Fassifern; Ipswich,,,Letter from Attorney General Ratcliffe Pring to Challinor regarding inquest held into deaths of Aboriginal people at Fassifern and clearing Native Police of any criminal charge,1861/16,p.2-3,14 February 1861,24 December 1860,JUS/G1,https://www.archivessearch.qld.gov.au/items/ITM3681998
ITM3681999,"CHALLINOR, Henry; PRING, Ratcliffe; WHEELER, Lieutenant",Fassifern; Ipswich,,Mentions Rape from 1859 and subsequent retribution shootings,Letter from Attorney General to Challinor regarding inquest held into deaths of Aboriginal people at Fassifern and clearing Native Police of any criminal charge,"1861/16
in Top number 1861/359  ",p.2-3,14 February 1861,,COL/A9; SRS5253/1/13,https://www.archivessearch.qld.gov.au/items/ITM3681999
ITM3690429,"CHALLINOR, Henry","Fassifern, Ipswhich",,,Letter from Henry Challinor to the Attorney General regarding the Fassifern inquest,1861/10,p.2-3,16 February 1861,,JUS/A2 ,https://www.archivessearch.qld.gov.au/items/ITM3690429
ITM3682000,"WHEELER, Frederick; HARDIE",Fassifern; Mongero (?); Dugundara (?); Coochiri (?),,,Letter from Lieutenant Frederick Wheeler of the Native Police to the Colonial Secretary regarding his account of his patrol dispersal.,1861/712,p.2-3,25 March 1861,December 1860,COL/A13,https://www.archivessearch.qld.gov.au/items/ITM3682000
ITM846744,BLIGH; MORISSET; MURRAY; FRAZER; PARKINSON; LAWLESS,Bunya Bunya; Wide Bay; Upper Dawson,,,"Letter from Lieutenant Morisset to the Commandant of the Native Police, including a report of his patrol of the ‘Bunya Bunya’ district and dispersal of a group of Aboriginal people.",1861/945,p.2-3,10 April 1861,March/April 1861,COL/A14,https://www.archivessearch.qld.gov.au/items/ITM3682001
ITM846747,DALRYMPLE; BLIGH; WILLIAMS; POWELL; O'REILLY; BODE; ALLINGHAM,Kennedy district; Rockhampton; Port Denison; Yamba; Abott Bay; Mt Dryander (?); Mt DowAll (?); Mt Little; Upstart Bay; Cape Upstart; River Don; Queens Bay' Edgecombe,,,Letter from the Crown Lands Commissioner at Port Denison to the Colonial Secretary regarding the Aboriginal communities of the Kennedy,1861/1527,p.84-87,20 May 1861,,COL/A17,https://www.archivessearch.qld.gov.au/items/ITM846747
ITM846748,"WALKER, Frederick; RAWLINS; Tahiti [Aboriginal man from Victoria]; DUTTON, Chas",Juandah,,,"Letter from Frederick Walker to Attorney General regarding a complaint about treatment of Aboriginal people by magistrates, including a reference to the Juandah massacre.",1861/1909,p.112-115,8 August 1861,,COL/18,https://www.archivessearch.qld.gov.au/items/ITM846748
ITM3682004,"WHEELER, Frederick",,,,"Letter from the Colonial Secretary to Native Police Lieutenant Frederick Wheeler regarding his request for appointment as a postal inspector, and that it would be with regret should they lose his services.",1861/1092,p.2,4 September 1861,,COL/Q1,https://www.archivessearch.qld.gov.au/items/ITM3682004
ITM3682005,,,,,"Despatch from the Governor to the Secretary of State for the Colonies regarding Queensland is the only colony on the Australian continent where Aboriginal communities are so numerous and hostile as to afford any serious ground for apprehension, and includes comparisons to other colonial territories in the British Empire.",1861/51,p.1-6,5 September 1861,,GOV/22,https://www.archivessearch.qld.gov.au/items/ITM3682005
ITM3682006,"POWELL; IRVING, Henry; MILLER, Nicholas; DALRYMPLE; GILBERT; KENNEDY; WILLIAMS; SINCLAIR",Port Denison; Whitsunday Island; Shaw Island; Great Barrier Reef; FitzAllan Point; Gloucester Island; Pentecost Island,,"Graphic description of dead bodies.
Graphic language and attitude towards Aboriginal people.","Letter from the Police Magistrate at Bowen, Port Denison to the Colonial Secretary, regarding the inquest into the deaths of Messrs. Irving and Miller, and steps taken to chastise Aboriginal people for the murder.",1861/2787,p.2-10,10 October 1861,27 August 1861,COL/A22,https://www.archivessearch.qld.gov.au/items/ITM3682006
ITM3682007,WHEELER; Frederick; BLIGH,,,,"Letter from the Colonial Secretary to the Commandant of the Native Police, regarding the conduct of Lieutenant Wheeler and that it is the opinion of the Government that he has proven himself to be a valuable and zealous officer",1861/1318,p.2,23 October 1861,,COL/Q1,https://www.archivessearch.qld.gov.au/items/ITM3682007
ITM3682008,McINTOSH; GREGSON,Albinia Downs; Rainworth; Leichardt; Cullin-la-Ringo,,,"Letter from Colonial Secretary to Messrs Gregson, McIntosh & others, Rainworth & Albinia Downs re: additional protection in district",1861/893,p.2-3,11 November 1861,,COL/R2,https://www.archivessearch.qld.gov.au/items/ITM3682008
ITM3682009,"WHEELER, Frederick; Georgie/Georgy",Brisbane,,,"Letter from the Colonial Secretary to Lieutenant Frederick Wheeler approving his request that the Native Police under his command should attend the execution of Georgie, an Aboriginal man sentenced to death ",1861/1489,p.2,29 November 1861,,COL/Q1,https://www.archivessearch.qld.gov.au/items/ITM3682009
ITM3682010,"WALDECK (?); BUCKLEY; WHEELER, Frederick",Cleveland; Bulimba; Brisbane; Tingalpa Creek; Logan River; Pine Mountain,,,Letter from Lieutenant Frederick Wheeler to the Colonial Secretary recounting activities whilst on patrol including the destruction of an Aboriginal camp at Bulimba and that every discretion would be taken to minimize bloodshed in the case of collisions with Aboriginal people.,1861/2974,p.2-3,2 December 1861,November 1861,COL/A22,https://www.archivessearch.qld.gov.au/items/ITM3682010
ITM3682011,,,,,"Despatch from the Governor to the Secretary of State for the Colonies, reporting on establishment of a new settlement at Cape York and includes comparisons to other colonial territories in the British Empire.",1861/73,p. 2-9,9 December 1861,,GOV/23,https://www.archivessearch.qld.gov.au/items/ITM3682011
ITM3682012,"WILLS, Horatio; BOWEN; DILLON; CAVE; BLIGH",Nagoa River; Hornet Bank; Logan; [Cullin-la-Ringo],,"Contains details regrding Rape and the
execution of 3 Aboriginal men for this crime.",Despatch from Governor Bowen to Duke of Newcastle re: massacre of Wills' party,1861/74,p. 2-7,16 December 1861,17 October 1861,GOV/23,https://www.archivessearch.qld.gov.au/items/ITM3682012
ITM3682013,"JOHNSON; CAVE; MORISSET; BLAKENEY; BAKER; BLIGH; DUTTON; MOOREHEAD; STUART; GENATAS; WILLS, Horatio; JOHNSON",Roxborough Station; Fitzroy River; Maranoa district; Upper Murray River; Mackenzie River; Peak Downs; Nagoa River; Lower Condamine River; Comet River; Upper Dawson; Lower Dawson; Port Curtis,,,Letter from Lieutenant Moorhead to the Commandant of the Native Police reporting a dispersal which resulted in deaths.,1862/823,p. 2-4,20 December 1861 ,,COL/A26,https://www.archivessearch.qld.gov.au/items/ITM3682013
ITM3682014,"JOHNSON; CAVE; MORISSET; BLAKENEY; BAKER; BLIGH; DUTTON; MOOREHEAD; STUART; GENATAS; WILLS, Horatio; JOHNSON",Roxborough Station; Fitzroy River; Maranoa district; Upper Murray River; Mackenzie River; Peak Downs; Nagoa River; Lower Condamine River; Comet River; Upper Dawson; Lower Dawson; Port Curtis,,,Letter from Native Police Cadet R.C.G. Johnson to Lieutenant Murray reporting a dispersal of a large gathering of Aboriginal people.,1862/823,p. 2-3,22 December 1861 ,6 December 1861,COL/A26,https://www.archivessearch.qld.gov.au/items/ITM3682014
ITM3682015,"WILLS, Thomas; WILLS, Horatio; DUTTON; MOOREHEAD; CAMERON","[Cullin-la-Ringo], Mr Dutton's station",,,Letter from Thomas W Wills to Colonial Secretary regarding the harbouring of perpetrators who murdered his family.,1862/156,p.2-4,6 January 1862,,COL/A25,https://www.archivessearch.qld.gov.au/items/ITM3682015
ITM3682016,STEELE; DUTTON; WALKER; BLIGH; MOOREHEAD; CAVE,"[Cullin-la-Ringo]; Comet; Murimibdgee; Expedition Range; Nogoa River; Minora (?) Creek, Mr Dutton's station",,,Letter from Commandant of Native Police to Colonial Secretary regarding the harbouring of perpetrators of the Wills family murders,1861/3177,p. 2-3,6 December 1861,,COL/A25,https://www.archivessearch.qld.gov.au/items/ITM3682016
ITM861036,"WILLS, Thomas; WILLS, Horatio; DUTTON; MANNING, A.W.",[Cullin-la-Ringo],,,Letter from the Colonial Secretary to Thomas W. Wills replying to his letter regarding the harbouring of suspected murderers on Mr Dutton’s station.,1862/41,p.82,20 January 1862,,COL/R2,https://www.archivessearch.qld.gov.au/items/ITM861036
ITM3682018,"WILLS, Horatio",Cullin-la-Ringo,Gayiri,,"Despatch from the Secretary of State for the Colonies to the Governor discussing a number of matters, and touches on the murders of the Wills family, and the subsequent retaliation served upon the perpetrators.",1862/5,p. 2-9,2 February 1862,17 October 1861,GOV/3,https://www.archivessearch.qld.gov.au/items/ITM3682018
ITM3682019,"WILLS, Horatio",Cullin-la-Ringo,Gayiri,,"Despatch from Secretary of State for the Colonies to the Governor regarding his views on the ongoing conflict of Aboriginal people and colonists, and includes mention of use of strychnine.",1862/7,p.2-5,8 March 1862,17 October 1861,GOV/3,https://www.archivessearch.qld.gov.au/items/ITM3682019
ITM3682020,"COWPER, William; WOOD; NICHOL; FRAZER; PLUNKETT; 
AUBYN, Captain and His Lady","Hornet Bank
Negoa River (Cullin-la-ringo)
Dawson
Charlies Creek (50kms west of Upper Dawson)",,"Contains details regarding Rape and 
Cannibalism
","Letter from William Cowper to the Colonial Secretary, forwarding comments made by Mr. Wood about Aboriginal people and reference to the Hornet Bank massacre",1862/1118,p.2-9,10 April 1862,,COL/A28,https://www.archivessearch.qld.gov.au/items/ITM3682020
ITM3682021,"GENATAS, 2nd Lt; CHAMBERS, Mr; ",Rockhampton,,Contains details regarding assault against 'Aborigines',Letter from the Colonial Secretary to the Commandant of the Native Mounted Police regarding the maltreatment of Aboriginal people by Mr Chambers.,1862/523,p. 2,27 June 1862,,COL/Q2; SRS5360/1/2,https://www.archivessearch.qld.gov.au/items/ITM3682021
ITM3682022,"WHEELER, Frederick; NOBLE; LEATHERLAND","Sandgate, Barambah; Myall Creek; Cressbrook; Noble's Dam; Durundur; Brisbane; Wide Bay","Ubi Ubi, Durundur and Brisbane blacks",,"Letter from Lieutenant Frederick Wheeler to the Colonial Secretary regarding the dispersal of a large gathering of Aboriginal people including Ubi Ubi, Durundur [Wide Bay in margin] and Brisbane.",1862/1897,p.2-3,31 July 1862,,COL/A31,https://www.archivessearch.qld.gov.au/items/ITM3682022
ITM3682023,"WILSON, J.K.;",Maranoa; Fitzroy Downs; Balonne; ,,,Letter from J. Wilson at Fitzroy Downs to the Secretary of Lands and Works asking if the owners of adjoining runs can congregate on one run to afford mutual protection and the avoidance of bloodshed.,1862/674,p.2-4,1 August 1862,,LWO/A2,https://www.archivessearch.qld.gov.au/items/ITM3682023
ITM3682024,,,,,"Executive Council Minute from the Commandant of the Native Police, who reports great dissatisfaction among the Troopers as a result of pay reductions and fears an increase in desertions could prove problematic due to Trooper’s knowledge of firearms and acquaintance with Native Police movements.",1862/34,p. 2-3,6 August 1862,,EXE/E6,https://www.archivessearch.qld.gov.au/items/ITM3682024
ITM3682025,"LAMB, Edward W",Peak Downs District; Ipswich,,,Letter from the Colonial Secretary to Edward W. Lamb in response to a letter regarding lack of police protection at Peak Downs and includes mention of desertion of Troopers as well as loss of Native Police officers.,1862/590,p. 2,30 September 1862,,COL/R3; SRS5333/1/3,https://www.archivessearch.qld.gov.au/items/ITM3682025
ITM3682026,BOWEN; DALRYMPLE; SMITH; BURNETT; JEFFREY,Port Denison; Rockhampton; Gladstone; Maryborough; Fitzroy River; Edgecombe Bay; Bowen; Kennedy district; Burdekin River; Cape York Peninsula; Port Curtis; Hervey's Bay; [Hervey Bay],,Contains details regarding Cannibalism,Despatch from the Governor to the Secretary of State for the Colonies regarding tour of North Queensland and reporting that in the short space of eighteen months pastoral settlers have occupied an extensive area over the Kennedy District,1862/58,p. 2-6,5 November 1862,,GOV/23,https://www.archivessearch.qld.gov.au/items/ITM3682026
ITM2720431,"Tallboy (Aboriginal man); Charlie (Aboriginal man); Jacob (Aboriginal man) CONOLLY, John; SWIFT, Meade Jacob; MOORE, Edward; CHAMBERLAINE, John; LIEUT CARR;",Tieryboo Station,,,"Inquest held at Tieryboo station, Darling Downs,  by W.F. Kennedy into the death of an Aboriginal man called Tallboy suspected of being shot by Native Police Troopers.",No. 22,p.2-4,21 January 1863,20 January 1863,JUS/N5,https://www.archivessearch.qld.gov.au/items/ITM2720431
ITM3682027,,Kennedy district,,,"Petition from squatters and residents in the Kennedy district to the Colonial Secretary regarding various concerns, including low proportion of Native Police in comparison to the large number of Aboriginal people.",1863/1046,p.2-9,18 March 1863,,COL/A37; SRS5253/1/41,https://www.archivessearch.qld.gov.au/items/ITM3682027
ITM2720467,"Chinaman Tommy; Jimmy/Jemmy (Aboriginal man); Jimmy (Aboriginal boy); HARRIS; ELIOTT, Gilbert; CAMERON, James; NICHOLAS, Albert John; STEVENSON; Jimmy's Gin and a one month old child","Sandy Creek, Mingo, Cattle camp",,,"Inquest held at Gayndah by W.H. Stevenson into the death of an Aboriginal man named Jemmy, suspected of being shot by a Native Police detachment ",No. 58,p.2-8,20 April 1863,17 April or 18 April 1863,JUS/N5,https://www.archivessearch.qld.gov.au/items/ITM2720467
ITM3682028,Georgy (Aboriginal man); COXEN; Lieut CARR,"Bendemere, Elutha ",,,Petition from Georgy to the Colonial Secretary stating that he will give himself up if he is protected from the Native Police ,1863/934,p.2-4,6 May 1863,,COL/A39,https://www.archivessearch.qld.gov.au/items/ITM3682028
ITM3682029,"Lietuenant HARRIS; ""Jemmy"" [Aboriginal man]; Lt CARR; ""Georgy"" [Aboriginal man];","Mingo Station, Gayndah",,,"Executive Council Minute in relation to the case against Lieutenant Harris of the Native Police regarding the shooting of an Aboriginal man named Jemmy, and recommending his dismissal from the service",1863/22,p.1-2,16 May 1863,17 April or 18 April 1863,EXE/E7,https://www.archivessearch.qld.gov.au/items/ITM3682029
ITM3682619,"TOM, Charles;",,,,Letter from Mr. Charles Tom to the Colonial Secretary regarding the role of the Native Police in dispersing groups of Aboriginal people and that they are often obliged to commit murder ,1864/1752,p.2-3,31 May 1864,,COL/A56,https://www.archivessearch.qld.gov.au/items/ITM3682619
ITM3682030,,,,,Despatch from the Secretary of State for the Colonies to the Governor regarding preferred approach and treatment of Aboriginal people.,1864/27,p.2-3,15 July 1864,,GOV/5,https://www.archivessearch.qld.gov.au/items/ITM3682030
ITM3682031,GREGORY; STUTCHBURY,Pine River; Cabulture; Birwah; Glass House Mountains ,,,"Despatch from the Governor to the Secretary of State for the Colonies reporting on a number of matters, including the effectiveness of the Native Mounted Police.",1864/36,p.1-5,4 August 1864,,GOV/24; PRV8226/1/3,https://www.archivessearch.qld.gov.au/items/ITM3682031
ITM2720716,CORFIELD; CUSTARD; HIRST; FULTON; BROWN SGT; WARD; GILES; Governor [Aboriginal man]; Lazy Billy [Aboriginal man],Eureka Station; ,,,"Inquest held at Eureka station, Wide Bay, into the cause of death of two Aboriginal men, Governor and Lazy Billy.",No. 147,p.2-13,24 September 1864,mid August 1864,JUS/N8; SRS36/5/8,https://www.archivessearch.qld.gov.au/items/ITM2720716
ITM2720717,"GOVERNOR (Aboriginal man); LAZY BILLY (Aboriginal man); CORFIELD, Henry.C (Justice of the Peace); CUSTARD, George. N; PALMER, Henry. J.; WARD, Joseph H.; HIRST, N.H.G; BROWN, Sergent; 
FULTON, David; GILES; FARQUHAR, A; MACKAY, Hugh; O'BRIEN, Darby; BONEY (Aboriginal man)",Wide Bay District; Eureka Station; Gigoom; Marybrorough; Station Harcourt,,Contains graphic description of dead bodies,"Inquest held at Eureka station, Wide Bay into the cause of death of two Aboriginal men, Governor and Lazy Billy suspected of being shot by Native Police ",No. 148,p.2-24,15 October 1864,mid August 1864,JUS/N8; SRS36/5/8,https://www.archivessearch.qld.gov.au/items/ITM2720717
ITM3682032,WILSON,Somerset; Cape York;  ,,,"Letter from licensed surveyor W.H. Wilson at Somerset to the Surveyor-General. Includes reference to hostilities with Aboriginal people, including an attack on the settlement, and subsequent killings of local Aboriginal people.",1865/62,p.2-4,2 December 1864,13 September 1864,SUR/A23,https://www.archivessearch.qld.gov.au/items/ITM3682032
ITM3682033,,Torres Strait,,,Despatch from Secretary of State for the Colonies to the Governor requesting a formal inquiry into the loss of life of Aboriginal people due to reports of collisions at the settlement of Somerset.,1865/20,p.1-2,27 March 1865,,GOV/6,https://www.archivessearch.qld.gov.au/items/ITM3682033
ITM3682034,"JARDINE, J.M., P.M.; RICHARDSON, Surveyor; JARDINE, Frank; JARDINE, Alexander","Somerset, Rockhampton, Boyne River, York Peninsula, Newcastle Bay",,,"Letter from the Police Magistrate at Somerset to the Colonial Secretary reporting on progress of the settlement of Somerset. Includes details of an overland journey and encounters with Aboriginal people, including one occasion crossing the Mitchell River when a considerable number were shot.",1865/1451,p. 2-5,1 May 1865,07/02/1905,"COL/A67
",https://www.archivessearch.qld.gov.au/items/ITM3682034
ITM16945,,,,,"Executive Council Minute noting the Imperial Government have sent 10,000 troops to New Zealand while providing little military protection to the colony of Queensland, listing examples of incidents in 1858 and 1861 when settlers were killed. Includes comparisons of military protection provided to other colonial territories in the British Empire.",1865/26,p.16 -23,10 May 1865,1858; 1861,,
ITM3682036,,"New Zealand, The Cape",,,Despatch from the Governor to the Secretary of State for the Colonies that includes comparisons of military support provided to other colonial territories in the British Empire. Mention is made of two instances in 1858 and 1861 when entire families of settlers were killed. ,1865/30,p.1-4,18 May 1865,,GOV/24; PRV8226/1/3,https://www.archivessearch.qld.gov.au/items/ITM3682036
ITM3682037,"JARDINE; PASCOE, Lieutenant",Somerset,,,"Executive Council Minute, noting a collision which took place at Somerset, and includes a general summary of opinion in relation to the ongoing violence that accompanies every new settlement and pastoral station across the continent of Australia.",1865/43,p. 2-17,4 July 1865,06/02/1905,EXE/E12; PRV8112/1/12,https://www.archivessearch.qld.gov.au/items/ITM3682037
ITM3682038,,,,,"Despatch from Secretary of State for the Colonies to the Governor regarding the Jardine expedition to Somerset, which was not accomplished without bloodshed. Includes views on the preferred approach and treatment of Aboriginal people.",1865/61,p.1-3,27 November 1865,,GOV/6,https://www.archivessearch.qld.gov.au/items/ITM3682038
ITM2721051,GLEN; IRVING; SEYMOUR; HILL; GILLESPIE; MCMAHON,Banana; Nandoo Station,,,Inquest held at Banana into the death of an unknown Aboriginal woman reported to have been shot by Native Police Acting Sub Inspector E.B. Seymour,No. 87,p.2-9,22 May 1866,14 Dec 1865,JUS/N12,https://www.archivessearch.qld.gov.au/items/ITM2721051
ITM3682039,"HERBERT, R.G.W; HILL, Sub Inspector; CARDWELL, Mr; PASCHEN, Sub Inspector (?); WILLS, Mr; ",,,"Mentions Cannibalism
","Memorandum from the late Colonial Secretary, R.G.W. Herbert, in a Despatch from the Governor to the Secretary of State for the Colonies regarding Herbert's observations on the Government's policing and management of Aboriginal people, including his views on the role and activities of the Native Police","1866/61
Enclosure No 2",p. 2-4,20 June 1866,May 1865,GOV/24; PRV8226/1/3,https://www.archivessearch.qld.gov.au/items/ITM3682039
ITM3682040,,,,,"Executive Council Minute outlining options for protection of the colony, including details about the role of the Native Police, and mentions terrible violence enacted both by Aboriginal people and the colonists",1866/64,p.1-17,7 November 1866,,EXE/E14; PRV8112/1/14,https://www.archivessearch.qld.gov.au/items/ITM3682040
ITM3682041,"BOWEN, G.F.; CARNARVON; CARDWELL; HERBERT; SEYMOUR; ",Albert River; Great Britain and Ireland; Gulf of Carpentaria; Logan River; Moreton Bay; Brisbane; Paroo River; Cape York; Polynesian Islands; ,,,Despatch from the Governor to the Secretary of State for the Colonies covering in detail matters relating to the Native Mounted Police,1866/61,p.1-5,12 November 1866,,GOV/24; PRV8226/1/3,https://www.archivessearch.qld.gov.au/items/ITM3682041
ITM3682042,,,,,Despatch from the Secretary of State for the Colonies to the Governor regarding his views on the treatment of the Aboriginal people of Queensland,1867/6,p.1-3,6 February 1867,,GOV/8,https://www.archivessearch.qld.gov.au/items/ITM3682042
ITM3682043,,,,,"Letter from the Colonial Secretary to the Commissioner of Police instructing that under an Order in Council, officers of the Native Police are instructed to cease all unnecessary harshness or cruelty in their treatment of Aboriginal people",1867/160,p.2,26 February 1867,,COL/Q4,https://www.archivessearch.qld.gov.au/items/ITM3682043
ITM3682580,"MURRAY, Chief Inspector; BROWNE, Chief Inspector; MARLOW, Inspector; MURRAY, Inspector John; SEYMOUR, Commissioner",,,,"Memo from the Commissioner of Police to officers of the Native Police, instructing them on  reporting requirements in relation to outrages or collisions with Aboriginal people, and the need for caution when acting without Warrants",1867/249,p. 2,14 May 1867,,POL/4; RV10741/1/1,https://www.archivessearch.qld.gov.au/items/ITM3682580
ITM282366,,"Rockhampton, Morinish",,,"Letter from Chief Inspector GPM Murray to the Commissioner of Police, regarding his enquiry into the conduct of Acting Sub Inspector Aubin of the Native Police respecting a recent collision at Morinish resulting in the shooting of Aboriginal people",1867/113,p.40,13 July 1867,,,
ITM846826,,"Morinish Diggings, Rockhampton",,,"Letter from the Legislative Assembly to the Colonial Secretary, requesting all correspondence concerning the massacre of Aboriginal people at the Morinish Diggings near Rockhampton",1867/2589,p.94,4 October 1867,June 1867,,
ITM846835,GRAHAM; MARTIN; MACARTNEY; SHIELS; BINNEY; DALRYMPLE; HOLMES; BAKER; ROSS; KENNEDY; FITZGERALD,Mackay; Remedy District; Bloomsbury,,,"Letter from T.H. (Henry) Fitzgerald and fifteen selectors and squatters of the Mackay district to the Colonial Secretary, requesting that a Native Police Station be established at Bloomsbury to provide protection from Aboriginal attacks",1868/1271,p.207-210,17 April 1868,,,
ITM846836,UHR; COWARD; LANDSBOROUGH; ,"Bowen, Burketown",,,Letter from the Commissioner of Police to the Colonial Secretary regarding Police protection in the Burketown District and mentions enlisting Native Police Troopers,1868/1788,p.129-130,12 June 1868,,,
ITM846836,UHR; PALMER; GIBSON; HETZER; MANSON; CASSADY; WALSH,Clermont; Norman; Wide Bay District; Palmer's Statoion; Gibson's Station,,,Letter from the Police Magistrate Landsborough at Burketown to the Colonial Secretary urgently requesting Native Police protection due to outrages by Aboriginal people,1868/1706,p.131-132,8 June 1868,,,
ITM846841,MARLOW,"Bowen, Port Denison, Cleveland Bay, Dalrymple, Townsville",,,"Letter from Rev. James Black to the Colonial Secretary seeking government cooperation to improve the condition of Aboriginal children of the Kennedy District, due to increase of orphans through violence from settlers and Native Police",1868/2974,p.108-113,7 September 1868,,,
ITM861252,,Bentinck Island; Sweers Island,,,Letter from the Colonial Secretary to the Police Magistrate at Burketown regarding the forcible abduction of three Aboriginal children from Bentinck Island and outlining the governments views on these actions,1868/857,p.25 ,17 December 1868,,,
ITM846848,,,,,"Annual Report from the Commissioner of Police reporting on the year 1868, including comment that the Native Police detachments are too small and too far apart, and includes mentiion of non compliance of officers in charge",1869/730,p.226-229,2 February 1869,,,
ITM2721837,BILLY (Aboriginal); JERRY (Aboriginal); MCLEAN; JOHNSTONE,Fort Cooper; Norblo Creek; Old Head Station,,,"Inquest held at Nebo into the death of squatter James Collins, suspected of being murdered by two Aboriginal men",No. A38,p.2-12,19 January 1869,22-24 December 1868,,
ITM846849,BODE,"Port Denison, Strathdon",,,"Letter from F.R.Bode to the Colonial Secretary, applying for Government assistance to support Aboriginal people",1869/809,p.166,13 February 1869,,,
ITM846865,UHR; COWARD; PHILLIPS; MURPHY; WALSH,Norman River; Bowen; Norman; Burketown,,,"Letter to the Colonial Secretary from F. Scarr, Commissioner of Crown Lands, in relation to a report that Sub Inspector Coward of the Native Police had killed a number of Aboriginal people near the Norman River in November 1868",1869/4532,p.178-180,15 November 1869,November 1868,,
ITM846875,"COWARD, J.W., Sub Insp.; ",Norman River,,,Letter from Sub Inspector Coward at Norman River to the Commissioner of Police reporting on the low morale of the Troopers in his district ,1870/1132,p.128-129,20 January 1870,25 December 1869,COL/A145; SRS5253/1/146,
ITM846868,STEPHENS; CHESTER; SEYMOUR,"Burketown, Somerset",,,"Letter from the Commissioner of Police to the Colonial Secretary discussing an arrangement to use Aboriginal men serving a prison sentence for lesser crimes, in the Police force",1870/544,p.100-101,16 February 1870,,COL/A138; SRS5253/1/139,
ITM844831,BOBBY (Aboriginal); BLUE JACKET (Aboriginal); DICKABASKET (Aboriginal); BILLY BORANG (Aboriginal); JOHNNY  (Aboriginal),"Brisbane, Somerset",,,"Executive Council Minute approving the granting of free pardons to five Aboriginal prisoners by the names of Bobby, Blue Jacket, Dickabasket, Billy Borang & Johnny, taken from Brisbane Gaol to Somerset as Native Police Troopers for three years",1870/60,p.86,23 February 1870,,COL/E5; SRS5247/1/5,
ITM846883,"MONTGOMERY CAPTAIN; MARKLAW LEITENANT; JARDINE; MOLLOY DR; HUTCHINSON; CHESTER, Police Magistrate; ",Somerset; Possession Island; Prince of Wales Island; Howe Island; Banks Island; Albany Port; Wednesday Island,Kolkaleega (tribe from Mount Ernest); Koraregas; Gudauy ?/Gudang?,,Letter from the Police Magistrate at Somerset to the Colonial Secretary regarding the unsuccessful search at Prince of Wales Island for Mrs. Gascoyne and her son from the cutter “Sperwer”,1870/1421,"p.79-84
",14 April 1870,April 1869,"COL/A153; SRS5253/1/154

Gall Estray",
ITM846883,"GASCOIGNE, Harriet Mrs;",,,,"Letter from the Police Office in Melbourne to the Colonial Secretary stating in response to a telegram respecting Mrs Gascoigne, can inform that Mrs Harriet Gascoigne lives in Prahan, Melbourne",1870/1264,"p.89
",01 June 1870,April 1869,"COL/A153; SRS5253/1/154
GAll Estray",
ITM846880,"UHR; LANDSBOROUGH; DOUGHTY; COWARD; SHARKEY; PHILLIPS; HALL, MICHAEL; VICTORIA (Aboriginal boy); BENTINCK (Aboriginal boy); DAYLIGHT (Aboriginal boy)",Sweers Island; Gulf of Carpentaria; Bentinck Island; Norman; Burketown,,,Letter from Michael Bird Hall to the Colonial Secretary regarding W.D. Uhr’s involvement in the kidnap of Aboriginal boys from Bentinck Island ,1870/3098,p.47-55,10 October 1870,23 Nov 1866,COL/A150; SRS5253/1/151,
ITM846882,"SCARR; UHR, W.D.; LANDSBOROUGH; COWARD; HETZER, M.",Urilla Nook; Townsville; Burke; ,,,"Letter from M. Hetzer to Frank Scarr providing a character reference on Mr Uhr, initially when in the employ of the Native Police, and since his dismissal from the Force","1871/195C.B.

in Top Number 1871/449
",p.15-16,25 November 1870,,COL/A152; SRS5253/1/153,
ITM2722209,"CORBETT, John; MARTELL, Thomas; KINCAIDE, John; BORCK?, G.A.; FOTHERINGHAM, Thomas; ST GEORGE, Howard; BINDON, Mr; FRED",Gilberton; Robertson River; Western Creek; Normanton; Cloncurry; Cave Creek; Conglomerate Ranges,,,"Inquest held at Gilberton into the death of John Corbett, alleged to have been killed by Aboriginal people",No. 106,p.1-42,04 June 1871,31 May 1871, JUS/N30; SRS36/5/30;,
ITM2722211,TOWNS; LAMBTON; LONGFIELD; CUNNINGHAM; SLATER; REID; VOGE; MANGROVE (Aboriginal man); TOMMY AND JIMMY (Black boys),Leichardt; Strathalbyn; Moorehouse; Bowen; ,,,Inquest held at Strathalbyn Station near Leichhardt Downs into the deaths of George Stanley Lambton and George A. Longfield alleged to have been killed by Aboriginal people,No. 108,"p.1-7
",18 June 1871,16 June 1871,"ITM2722211; JUS/N30; SRS36/5/30; 
",
ITM2722335,"BRINSLEY; SHERIDAN; SELLHEIM; BRITTAN; SMITH, HARRY; CLEMENTS, CHARLES; MCKENZIE; MORNEY; JONES; FITZGERALD; BOYLE; ",Gould Island; Cardwell; Hinchinbrook; Garden Island,,,"Inquest held at Cardwell into the deaths of Henry Smith and Charles Clements, alleged to have been killed by Aboriginal people on Gould Island ",No. 22,p.1-10,17 January 1872,13-15 January 1872,"ITM2722335; JUS/N32; SRS36/5/32;
",
ITM846902,GOWLLAND; MORESBY; JONES; JOHNSTONE.,Point Cooper; Newcastle; Sydney; Shoal Rivulet; Cardwell; Louisa River.,,,"Lieutenant Gowlland’s report to Sir James Martin. The official report on the search for the shipwreck and crew of the “Maria” expedition, ‘The Last of the New Guinea Expedition’",in Top Number 1872/1812,p.25-26,04 April 1872,,COL/A172; SRS5253/1/173,
ITM846899,"WELFORD; HILL, C Lumley; NICOLSON; ARMSTRONG; BARRON.",Barcoo; Brisbane; Isis Downs.,,,Letter from C. Lumley Hill to the Colonial Secretary regarding the murder of Mr. Welford on the Lower Barcoo River,1872/806,p.180-182,06 May 1872,,COL/A168; SRS5253/1/169,
ITM846899,YEATES,Bowen,,,Letter from Sidney Yeates at Bowen to the Colonial Secretary complaining of sheep being stolen by Aboriginal people,1872/796,p.53-54,18 May 1872,,COL/A169; SRS5253/1/170,
ITM846902,"STIRLING; MORESBY; GOWLLAND, J.",Cape York; Bramble Reef,,,Letter from Secretary of State for the Colonies enclosing an extract from a Despatch regarding the wreck of the “Maria” near Cardwell and the murder of part of the crew,1872/1812,"p.13-15
",29 July 1872,26 February 1872,COL/A172; SRS5253/1/173,
ITM2722474,"WILLIAMS; BOON; COLLINSON; KINCAIDE; RYAN, Daniel;",Percy River; Gilberton,,,Inquest held at the Percy River in the District of Gilberton into the death of miner Daniel Ryan ,No. 164,p.60-66,02 August 1872,July 1872,"JUS/N34; SRS36/5/34;
",
ITM846900,HALL; MARLOW; JOHNSTONE,Gulf of Carpentaria; VAlley of Lagoons; Cardwell,,,Letter from the Acting Commissioner of Police to the Colonial Secretary regarding Richard Bird Hall’s allegations about the kidnapping of children and recent murders committed at Wyandotte Station near the Valley of Lagoons by Native Police,1872/1296,p.4-5,19 August 1872,,COL/A170; SRS5253/1/171,
ITM2722496,"MAIER, Frederick; TAMBO (Aboriginal man from Nogoa); DIAS?; LACY; GORDON; LANGSTON",Marathon; Aramac; Aramac Creek; Alice River;,,,"Inquest held at Aramac into the death of Frederick Maier. Tambo, an Aboriginal man, accused of his murder",No. 187,p.1-13,28 August 1872,13 August 1872,"JUS/N34; SRS36/5/34; 

348633",
ITM2722577,GOME; BREED; HENRY; GIBSON; SCARR; MORISSET; APLIN; HUTCHISON; SALMOND,Norman; Cloncurry; Cloncurry Diggings; Wetherley's Old Station,,,Inquest held at Cloncurry into the death of John Cook ,"No. 271


",p.1-10,27 September 1872,,"JUS/N35; SRS36/5/35; 


348634",
ITM2722527,SHERIDAN; MACKENZIE; JOHNSTONE; COWARD; SHARPE; WICKHAM; HILL; CAMPBELL; WILKINSON; AHERN; RANKIN; LONNERGAN; ATKINSON; HAWKINS; WALKER; BROWNE; PALMER; TAMBO; HECTOR; ALICK (Runaway Trooper),Herbert River; Cardwell; Gairlock,,,"Inquest held at Gairlock into the death of an Aboriginal woman named Kassey or Cassie, shot dead by Native Police troopers at Palm Tree Gully, near the Herbert River","No. 218
","p.1-23
",12 October 1872,,,
ITM846900,FOWLER; WHEELER; ANDREWS,Rockhampton,,,"Letter from Inspector Wheeler at Marlborough Barracks to the Colonial Secretary regarding the apprehension of a man by the name of Fowler, suspected of murder, who then drowned whilst trying to escape","1872/80

in Top Number 1872/1484 ","p.145
",18 October 1872,,COL/A170; SRS5253/1/171,
ITM2722639,"BILLY (Aboriginal); CHOW CHOW (Aboriginal); BELL, Robert N.; BELL, Henry L.; SINNOTT?, George; RIDGE, Joseph; HENRY, Alfred; MOREHEAD, B.D.; PATERSON, R.L.",Tambo; Mitchell,,,"Inquest held at Tambo into the deaths of two Aboriginal men, Billy and Chow Chow",No. 64a,p.1-10,30 October 1872,28 October 1872,"JUS/N36; SRS36/5/36; 

348635",
ITM2722532,"HETHERINGTON, Alexander; DOUGLAS, Acting Sub Inspector; HARRY / CARRY (Aboriginal); DALEY, John; RANKIN (Aboriginal); BARMUNDOO BILLY (Aboriginal); TOMMY (Aboriginal); FISCHER, Charles; WHEELER, Inspector; YOUNG, Mr; PUJALOS, Mr; SPIDER (Aboriginal); MOWBRAY, Trooper; LLOYD, Mr; WITT, Mr; WALKER, Miss; BELL, Mr; MORTON, Mr; HOWELL, Sir Maurice; WARE; RICH; RANDEN; RIDDLER; BEAM (Chinaman); TOBY (Aboriginal)",Milton Station; Gladstone; Six Mile Scrub; CAllipe Diggings; ,,,Inquest held at Milton station into death of an Aboriginal man by the name of Harry/Carry shot by Native Police Troopers,1872/223,p.1-17,15 November 1872,8 November 1872,"A/4835; SRS5739/1/4; 

882128",
ITM19610,DOUGLAS,Gladstone; Milton Station,,,Letter from the Police Magistrate at Gladstone to the Attorney General forwarding information relating to the deaths of three Aboriginals who were shot by the Native Mounted Police,1872/536,"p.195-196

p.605-606",19 November 1872,,JUS/A14; PRV9149/1/7,
ITM2722538,FAULKENER; COAKLEY; AH WAY; YUN HA; ST GEORGE ; AH CHAN; AH MAY or AH WAY; AH PANG; STYLES (Native Police),Gilberton; Gilbert River,,,"Inquest held at Gilbert River into the deaths of two miners, Ah Pu and Chung Sang, reported as being killed by Aboriginal people",No. 230,p.1-17,7 November 1872,6 November 1872,JUS/N35; SRS36/5/35; ,
ITM2722546,AH SUT; CHUNG PONG; COAKLEY,Gilberton; 6 Mile;,,,"Inquest held at Gilberton into death of Ung Cow, a miner, reported as being killed by Aboriginal people ",No.238,p.1-7,19 November 1872,12 November 1872,"JUS/N35; SRS36/5/35;
",
ITM2722549,ST GEORGE; AH LONG; GUNG WAH; COAKLEY; GILL; GOUGH;,Gilberton; 6 Mile; 10 Mile;,,,"Inquest held at Gilberton into death of Ah Cook, a miner, reported as being killed by Aboriginal people",No.241,p.1-7,19 November 1872,12 November 1872,JUS/N35; SRS36/5/35; ,
ITM2722550,ST GEORGE; GILL; SAM WAH; ,Gilberton; 10 Mile;,,,"Inquest held at Gilberton into death of Cum Ty, a miner, reported as being killed by Aboriginal people ",No.242,p.1-5,19 November 1872,12 November 1872,JUS/N35; SRS36/5/35; ,
ITM846912,FARRELL; CHRISTISON; MCCARTHY; JIMMY AH FOO; FAHEY; MORISSET,Sweers Island; Bentinck Island; Red Cliffs; Inspection Hill; Locust Rock; McDonalds Point; Customs Station; Fowler Island,,,Inquest held at Sweer’s Island into deaths of a number of Aboriginal people shot by men from the Customs station ,1873/849,p.89-109,25 January 1873,25 October 1872,COL/A182; SRS5253/1/183,
ITM846914,JOHNSTONE; ARMIT; DUMERESQ,Lower Herbert; Herbert Vale; Seaview Range; Bellendeen; Mt Leech; Burdekin River; Stone Station,,,Letter from Acting Sub Inspector Robert Johnstone to the Commissioner of Police reporting on successful dispersals of Aboriginal people by the Native Police ,1873/1354,p.89,31 March 1873,,COL/A184; SRS5253/1/185,
ITM846914,STONE; SCOTT BROTHERS; ARMIT; GOUGH; HAMPTON; CORNELIUS; HUGHES; HOGG; DRISCOLL,Vale of Herbert,,,Petition from Henry Stone and other employees of the Scott Bros. at the Vale of Herbert near Cardwell to the Colonial Secretary regarding complaints against Aboriginal people and the inefficiency of the Native Police,1873/1154,p.86-87,24 June 1873,,COL/A184; SRS5253/1/185,
ITM846914,SEYMOUR; STONE; JOHNSTONE; SCOTT; SHARP,Lower Herbert; Cardwell; Vale of Herbert; Bellendeen,,,Letter from the Commissioner of Police to the Colonial Secretary regarding complaints against Aboriginal people at Vale of Herbert station and Native Police assistance that has been provided,1873/1165,p.83-85,26 June 1873,,COL/A184; SRS5253/1/185,
ITM2722754,MERCER; REEVES; FINLAY; TOWIE (South Sea Islander man); KELLY; SMELLIC; CURDNO; SMITH; STEELE; BOWLER; SOMERSET; GORTON,Townsville; Green Island; Cleveland Bay; Mercer's Camp,,,"Inquest held at Townsville into the deaths of four men (John Finlay, James Mercer, Charles Reeves and a South Sea Islander man named Towie), reported to have been killed by Aboriginal people on Green Island ","No.174

",p.151-165,28 July 1873,10 July 1873,"JUS/N37; SRS36/5/37; 
",
ITM846914,SEYMOUR; FITZGERALD; ARMIT; DUMERESQ,Vale of Herbert,,,Letter from Walter Scott to the Colonial Secretary about the inefficiency of the Native Police at the Vale of Herbert,1873/1430,p.80-82,05 August 1873,,COL/A184; SRS5253/1/185,
"ITM2722762

",WILLIAMS; WINTER; WRIGHT; MORRIS; BLLLY; BLACKALL; MCLAUGHLIN; DENNIS; JIMMY; BOLD; CHARTERS,Walshtown Etheridge Gold Field; Goulburn,,,Inquest held at Walshtown in the Etheridge district into the death of Henry Williams reported as being killed by Aboriginal people,No.182,p.26-33,18 August 1873,17 August 1873,"ITM2722762 JUS/N37; SRS36/5/37;  348636 
",
"ITM2722763

",WRIGHT; DENNIS; WILLIAMS; MORRIS; CHARTERS; WINTER,Walshtown; Etheridge ,,,Inquest held at Walshtown in the Etheridge district into the death Samuel Blackall reported as being killed by Aboriginal people,No.183,p.34-39,18 August 1873,17 August 1873,"ITM2722763 JUS/N37; SRS36/5/37;  348636 
",
ITM846919,,Georgetown; Branston; Palmer River; Mt Mulligan; Mt Taylor,,,"Telegram from Gold Commissioner at Georgetown to the Colonial Secretary, regarding the Palmer River gold-rush and recommending that Native Police and Troopers be sent ",In Top Number 1873/2483,"p.23-26
",13 September 1873,,COL/A189; SRS5253/1/190,
"ITM846917
","DOUGLAS, ACTING SUB INSPECTOR; FOX, GEORGE J P; BUCKLEY, SERGEANT",St Lawrence; Waverley,,graphic language,Telegram from Sergeant Buckley at St Lawrence to the Commissioner of Police regarding the murder an Aboriginal boy found near Waverley and reported to have been shot by Native Police,"1873/1809

in Top Number 1873/2122",p.34-38,15 September 1873,,"JUS/N35; SRS36/5/35;
",
ITM2722770,"DICKEY (Aboriginal boy); BUCKLEY, Michael; CORMACK; APPLETON; WHITE, Walter; GELDER; FOX, George; JIMMY (Aboriginal boy).",Waverley; St Lawrence; Saltwater Creek. ,,graphic language,"Inquest held at St Lawrence into the death of Dickey, an Aboriginal boy, found dead near Waverley station and believed to have been killed by Native Police ","1873/190
",p.1-18,16 September 1873,14 September 1873,"JUS/N37; SRS36/5/37
",
ITM846917,DOUGLAS; WHEELER,St Lawrence; Gladstone,,,Letter from Frederick Wheeler to the Commissioner of Police reporting that Acting Sub Inspector Douglas has not yet learnt circumspection in undertaking his duties in the Native Police,1873/2122,p.33   ,29 September 1873,,"JUS/N35; SRS36/5/35; 
",
ITM846917,BEDDOME; JARDINE; ATTAIN; MURRY; MCARTHUR,Somerset; New Guinea; Saibai Island ,,,"Letter from the Police Magistrate at Somerset to the Colonial Secretary providing a detailed report on the settlement of Somerset. Includes reports of violent attacks of Aboriginal people, and the dispersal of a large gathering of Aboriginal people by Native Troopers",1873/2194,p.9-18,11 November 1873,,"ITM846917,  JUS/N35; SRS36/5/35; ‘GAll Estray’
",
ITM846919,ST GEORGE; DUMARESQ; GOUGH,Junction Creek; Cashmere; Western Creek; Cooktown; Palmerston,,,Telegram from Police Magistrate at Palmerstown to the Colonial Secretary regarding large and hostile numbers of Aboriginal people and requesting Police protection along the road from Cookstown to Palmerstown,1873/2483,p.19-21,24 November 1873,, COL/A189; SRS5253/1/190,
ITM107790,DALRYMPLE; CLEMENT; MACMILLAN; MINTON?; JOHNSTONE; SELLHEIM; ,Palmerston; Palm River; Burdekin; Endeavour,,,Letter from Gold Commissioner at Palmerstown to the Secretary for Works and Mines regarding Native Troopers and lack of horses for them to be sent where they were required,1874/160,p.29-31,16 November 1873,,WOR/A77; PRV12635/1/546,
ITM107790,St George,Palmerston; Endeavour,,,Letter from the Gold Commissioner at Palmerstown to the Secretary for Works and Mines regarding concerns over the danger posed by the local Aboriginal people,1874/45,p.89-91,24 November 1873,,WOR/A77; PRV12635/1/546,
ITM846919,MACMILLAN,Endeavour River; Townsville; Palmer River,,,Telegram from A.C. MacMillan to Under Secretary for Works regarding request for assistance from Native Police due to reports of men being speared near the Endeavour,1873/2458,p.49-52,24 December 1873,,COL/A189; SRS5253/1/190,
ITM846924,Palmer River,,,,"Letter from Alfred Davidson to the Colonial Secretary regarding a newspaper article that details the shooting of Aboriginal people and stating that as British subjects, Aboriginal people are protected under British law. Also mentions expectations concerning the Royal Commission into the condition of Aboriginal people in the colony",1874/190,p.8-13,23 January 1874,,COL/A194; SRS5253/1/195,
ITM2722969,"DOBITZ, Adolph; ST GEORGE, Howard; KILKEARY, Edward; JOHNNY (Aboriginal); JENNINGS?, John; BELL, Edward",Palmerstown; Etheridge; Three Mile Beach,,,Inquest held at Palmerstown into the death of Adolph Doblitz (or Dobitz) found deceased on the Palmer River and reported to have numerous spear wounds in his body,1874/100,p.1-6,19 March 1874,12 March 1874,JUS/N39; SRS36/5/39; 348638,
ITM844839,,Palmer River; ,,,Executive Council Minute regarding increasing the number of ordinary Police and the Native Police due to the reoccupation of stations in the Northern Districts and the sudden influx of population caused by gold discoveries on the Palmer River,1874/91,p.216-217,12 March 1874,,COL/E13; SRS5247/1/13,
ITM846924,,Cooktown; Palmer River; Endeavour River; Normanby River,,,"Letter from the Police Magistrate at Cooktown to the Colonial Secretary in response to an article on the indiscriminate killing of Aboriginal people that occurred during the expedition Cooktown to Palmer River, and writing to support that such actions were necessary",1874/701,p.4-7,28 March 1874,,COL/A194; SRS5253/1/195,
ITM846932,COOPER,,,,Despatch from the Secretary of State for the Colonies to the Governor regarding reports of outrages committed on Aboriginal people by the Native Police,1874/2807,p.46-48,13 May 1874,,COL/A202; SRS5253/1/203,
ITM2723094,"HURFORD, CORNELIUS; WHITE, CHARLES; GADES, RICHARD; MULDOON, JOHN; SEATON, CHARLES; JACK; DUMARESQ, EDWARD JOHN; ST GEORGE, HOWARD",Palmer River; Palmerville; Granite Creek,,Conatins details regarding Cannibalism,"Inquest held at Palmer River into the death of Cornelius Hurford, reported to have been killed by a group of Aboriginal people",1874/225,p.1-7,30 July 1874,22 July 1874,"JUS/N41; SRS36/5/41; 

348640",
ITM846933,"HENRY, Alfred",Normanton,,,Telegram from the Police Magistrate at Normanton to the Colonial Secretary regarding reports of troublesome behaviour of local Aboriginal people thought to be provoked by the kidnapping of Aboriginal women and children,1874/2913,p.3-7,29 September 1874,,COL/A203; SRS5253/1/204,
ITM2723142,"STRAUVE?, John; COURT, Alfred; STANDEN, Charles; GREEN, Martin; ST GEORGE, Howard; PATTERSON, John; STRAUVE?, Bridget; STRAUVE?, Annie; DOUGLAS, Mr",Palmer Bend?; Palmerston; Palmer River; Eight Mile; Battle Camp; Normanby River; Cooktown,,,"Inquest held at Cooktown into the deaths of the Straher family (John, Bridget and Annie) reported to have been killed by Aboriginal people",1874/274,p.1-14,21 October 1874,17 October 1874,JUS/N41; SRS36/5/41; 348640,
ITM846930,McCARTHY,"Kimberly Station, Normanton",,,Letter from the Police Magistrate at Normanton to the Colonial Secretary regarding his observations that the kidnapping of Aboriginal women and children is a frequent occurrence and could be the reason for the recent misdeeds of the local Aboriginal people,1874/2424,p.67-73,28 October 1874,,COL/A200; SRS5253/1/201,
ITM846933,TAYLOR,Normanton,,,Telegram from the Acting Crown Lands Commissioner at Normanton to the Minister for Lands regarding concerns about the threat posed by the local Aboriginal people and requesting an increase in Police protection at Normanton,1874/2949,p.68-73,17 December 1874,,COL/A203; SRS5253/1/204,
ITM17689,"CARNARVON, Earl of; CHESSON, F.W.; HERBERT, Mr; NORMANBY, Lord; COATH, Cptn; MCDOUGALL, Mr; HEYDEN, Mr; DAVIDSON, Mr; O'CONNELL, Sir W.",Queensland; Brisbane; Sydney,,,"Letter from F.W. Chesson, London, to Lord Carnarvon, the Secretary of State for the Colonies regarding the South Pacific Islander labour trade, the maltreatment of the Aboriginal people of Queensland by the Native Mounted Police and the reappointed Royal Commission ",1875/194,p.2-5,29 December 1874,, GOV/11A; PRV8231/1/1,
ITM846945,,Cooktown; Cook District; Palmer District; Cardwell; Palmer Gold Fields; Brisbane; Wide Bay; Maranoa; Warrego; Rockhampton; Mitchell; Kennedy; Burke; Millchester and Towers; Gympie; Georgetown; Ravenswood; Palmerville; Clermont,,,"Annual Report for 1874 from the Commissioner of Police, includes mention of incessant requests for additional Native Police protection",1875/3230,p.51-62,26 February 1875,,COL/A215; SRS5253/1/216,
ITM2723273,"BLAIR, JOHN MITCHELL; MCADAM, BERNARD; PEEL, WILLIAM; STEPHENSON, WILLIAM; HOGOFLESH?, JOHN;  ST GEORGE, HOWARD",Cooktown; Laura River; Normanby;,,,"Inquest held at Cooktown into the death of John Blair, reported to have been killed by Aboriginal people at the Laura River",No.32 1875,p.1-8,21 January 1875,18 January 1875,"JUS/N43; SRS36/5/43; 

348642",
ITM2723301,"MANN, ALEXANDER; NUNN, WILLIAM; DOUGHERTY",Laura River; Palmer River; Cooktown,,,"Inquest held at Cooktown into the death of Alexander Mann, reported to have been killed by Aboriginal people at the Laura River",No.61 1875,p.1-7,20 February 1875,7 February 1875,"JUS/N43; SRS36/5/43; 

348642",
ITM6919,,,,,Minute from the Governor to the Colonial Secretary regarding the Native Mounted Police Force,1875/1025,p.15,05 April 1875,,COL/B16; PRV7173/1/16  ,
ITM17628,"CHESSON?, MR; DAVIDSON, MR; O'CONNELL SIR",,,,Minute from the Governor to the Colonial Secretary regarding maltreatment of Aboriginal people by the Native Mounted Police. Includes mention of the Royal Commission and a suggestion to reorganise or replace the Native Police force ,,p.37-38,05 April 1875,,GOV/71; PRV8213/1/1;,
ITM564918,"FITZGERALD, Hervey; SEYMOUR, D., C.P.; MORRISSET, Insp.; HAYLOCK; ",Burdekin Crossing; ,,,"Minute from the Governor to the Colonial Secretary regarding complaint against Native Police officer, Fitzgerald, for whipping an Aboriginal woman",,p.53-61,13 April 1875,,A/40291; SRS1108/2/2022,
ITM2723477,"CONN, William G.; SHERIDAN, Brimsley G., P.M.; JOHNSTONE, Robert, Sub Inspector;",Hermitage Williamsbrook; Cardwell; Hinchinbrook Channel; Conn Landing; ,,,"Inquest held at Cardwell into the death of William Conn reported to have been killed by Aboriginal people, including a report that Native Troopers were sent out to look for his wife, Elizabeth Conn, who was missing",1875/244,p.1-4,09 April 1875,7 April 1875,,
ITM2723479,,,,,Inquest held at Cardwell into the death of Elizabeth Conn reported to have been killed by Aboriginal people,1875/246,p.2-5,1 June 1875,7 April 1875,,
ITM846939,"SEYMOUR, D.",Brisbane,,,Letter from the Commissioner of Police to the Colonial Secretary rejecting allegations brought against the Native Police in relation to treatment of Aboriginal people,1875/1276,p.64-69,1 May 1875,,COL/A209,
ITM17628,,,,,Letter from the Governor to the Colonial Secretary in relation to providing the Aboriginal Commissioners the powers necessary to hold a detailed enquiry into the alleged malpractices of the Native Police,,p.39,14 May 1875,,GOV/71; PRV8213/1/1,
ITM846947,"WAITE, George; SUMERSON",Crystal Brook; Bowen; Cleveland Bay,,Contains highly offensive language and graphic details of violence,Letter from George Waite to the Secretary of State for the Colonies recounting an attack by Aboriginal people and that the Police followed up by shooting many more. Also includes a letter from the son of George Waite recounting violent attacks in Cleveland Bay,1875/2542,p.8-12,27 July 1875,,COL/A217; SRS5253/1/218,
ITM17668,"DREW; GREGORY; COXEU (?)SEYMOUR, Mr; GRIFFITH, Mr; CAIRNS, W.W; CARNARVON",,,,Despatch from the Governor to the Secretary of State for the Colonies regarding the Native Police and their alleged inhuman treatment of the Aboriginal people of Queensland,,p.60-61,30 August 1875,30 August 1875,GOV/35,
ITM2723588,"NED [surname unknown]; FITZPATRICK, DENNIS;",Cooktown; Palmer River; Hell's Gates,,,"Inquest held at Cooktown into the death of a miner named Ned, reported to have been killed by Aboriginal people",1875/356,p.1-5,28 September 1875,22 September 1875,"JUS/N46; SRS36/5/46; 

348645",
ITM2723653,"COLLINS, DANIEL; SHARP, WILLIAM; JANSEN, TIMM; NOLAN, MRS",Cooktown; Palmer River; Palmer Gold Fields,,,Inquest held at Uhrstown into the death of Daniel Collins reported to have been killed by Aboriginal people on the Palmer River,1875/421,p.1-5,22 October 1875,20 October 1875,JUS/N47; SRS36/5/47,
ITM3515,"GRIFFITH, Samuel; WHEELER, Frederick Sub Inspector; JEMMY (Aboriginal man); MURRAY, G.P.M. Police Magistrate;",Belyando Native Police Camp; Clermont,,,Letter from the Police Magistrate at Clermont to the Attorney General about the inquest into the death of Jemmy. Noted by Attorney General Samuel Griffith that Wheeler be prosecuted for the wilful murder of Jemmy,1876/871,p.1,21 March 1876,,CCT7/N31; PRV6098/1/27,
ITM882698,"WHEELER, Frederick; JEMMY (Aboriginal); MURRAY; COOLING, Alfred; KEANE, John; TOBY (Aboriginal); LOVE, Paul; DYAS, George; HARRICKS, John Hugh; MCGAVIN, Robert; BAKER, Thomas; HAMILTON, Frank; BROWN, Arthur; DICKEY (Aboriginal); REVOLVER (Aboriginal); MURRAY; PETERSEN; MACKAY",Mistake Creek; Clermont; Belyondo; Ditley; Rockhampton; Banchony Station; ,,Describes brutal behaviour,Committal hearing held at Clermont in relation to The Queen against Sub Inspector Frederick Wheeler charged with willful murder of an Aboriginal man named Jemmy at Mistake Creek ,1876/372,p.1-28,10 April 1876,15 March 1876,SCT/CG7; SRS5750/1/7,
ITM846957,HERBERT; FITZGERALD; WHEELER; JIMMY; SEYMOUR; ,Burdekin; Bowen District; Belyondo; Clermont; ,,,"Despatch from the Governor to the Secretary of State for the Colonies regarding serious charges of cruelty inflicted upon Aboriginal people by two officers of the Native Police, Fitzgerald and Wheeler",1876/2698,p.275-282,18 April 1876,December 1875 and March 1875/76, COL/A227; SRS5253/1/228,
ITM846960,"CHESTER, HENRY; ",Somerset; Cooktown;,,,Letter from the Police Magistrate at Somerset to the Colonial Secretary reporting that all the Native Police Troopers stationed at Somerset deserted on the night of 13 June,1876/3440,p.550,04 July 1876,13 June 1876,COL/A230; SRS5253/1/231,
ITM564918,"FITZGERALD, Harvey; ",,,,Letter from the Colonial Secretary to the Commissioner of Police regarding officer Fitzgerald of the Native Police reporting that he has proven himself unfit to be in the force,1876/3134,p.97-99,07 October 1876,,A/40291; SRS1108/2/2022,
ITM3690236,SEYMOUR,,,,Memo from the Commissioner of Police prohibiting flogging of Aboriginal people ,No.596,p. 2-3,28 October 1876,,POL/4; RV10741/1/1,https://www.archivessearch.qld.gov.au/items/ITM3690236
ITM17689,"CAIRNS, Governor; WHEELER; FITZGERALD; CARNARVON, Earl of",Queensland,,,Despatch from the Secretary of State for the Colonies to the Governor reporting concerns over the outcomes of charges against two Sub Inspectors of the Native Mounted Police who were found guilty of acts of cruelty to Aboriginal people,1876/310,p.11-12,23 December 1876,,GOV/11A; PRV8231/1/1,
ITM846979,"DAY, INSPECTOR TYRREL",Cardwell; Tam O'Shanter Point,,,Telegram from Native Police Sub Inspector Day at Cardwell to the Commissioner of Police regarding finding 3 men found dead and believed to have been killed by Aboriginal people. Also notes that murderers have been punished,"1877/411
in
Top Number 1877/5567","p.7
",05 February 1877,January 1877,COL/A249; SRS5253/1/250,
ITM846980,"MACQUARIE, HUGH; MACQUARIE, DONALD; MOORE",Cooktown; ,,,Telegram from Sub Inspector Moore at Cooktown to the Commissioner of Police regarding the death of two men alleged to have been killed by Aboriginal people,1877/5882,"p.43-46
",14 February 1877,28 January 1877,COL/A250; SRS5253/1/251,
ITM2724065,"MACQUARIE/MCQUARRIE, HUGH; MACQUARIE/MCQUARRIE, DONALD; CAMERON; CLOHESY, THOMAS; ROGAN, JOHN; GRAY, ALLAN; PICKERING, WALTER; BRYAN, CONSTABLE; TWO NATIVE TROOPERS; O'CONNOR, SUB INSPECTOR",Cooktown; Palmer Road; Hell's Gates; Laura Hills; Revolver Point; Kennedy Point,,Contains graphic descriptions of death,Inquest held at Cooktown into the deaths of Hugh McQuarrie and Donald McQuarrie alleged to be killed by Aboriginal people on the Palmer Road  ,1877/47,p.1-15,22 February 1877,28 January 1877,JUS/N52; SRS36/5/52,
ITM846968,HILL;,Byerstown; Palmer,,,Telegram from the Police Magistrate at Byerstown to the Colonial Secretary regarding alleged murder of a colonist committed by a party of Chinese men ,1877/2730,"P.12-13
",5 May 1877,4 May 1877,,
ITM846968,,,,,Commissioner of Police's comments in relation to the Petition from the Magistrates of St Lawrence Bench to the Colonial Secretary. Includes comment from the Commissioner of Police that the Aboriginal people are generally very orderly ,1877/2964,p.51-57,15 May 1877,,COL/A238; SRS5253/1/239,
ITM22507,"MORGAN, Thomas; ",Island Point; Cairns; Morey River; Mossman; Daintree; Cooktown,,,"Letter from the Crown Lands Commissioner at Cairns to the Minister for Lands about the new port north of Cairns, Island Point, and mentions that a number of Aboriginal people have been shot near the Coast making it dangerous to travel alone in the area",1877/7028,p.3-4,24 June 1877,,LAN/A56; PRV9723/1/56,
ITM348655,"BATTEN, William; AITKEN, John I; DE LAUTOUR, George",Settlement Creek; Nicholson River; Normanton,,Contains details regarding Cannibalism,Inquest held at the Burke district into the death of William Batten reported to have been killed by Aboriginal people at the Nicholson River,1877/326,p.1-11,10 and 14 December 1877,2 December 1877,JUS/N56; SRS36/5/56,
ITM87287,"DOUGLAS, Alex D.; ISLEY, Insp.; TOWNSEND, Sub Insp; [?]INAHE, Const.; KOCH, a publican; MURPHY; ",Cairns; Cohen River; Barron Crossing; Collison Creek; ,,,Letter from Native Police Sub Inspector Alexander Douglas at Cairns to Inspector Isley in response to a reprimand received. Includes comment that the public have taken the law in to their own hands,1878/36,p.29-30,01 March 1878,,POL12M/G1; PRV10800/1/1,
ITM2724458,"HODGKINSON, W.O., P.M.; YOUS, Joseph Manuel; WARD, Thomas; O'BRIEN; MCGROARTY, Bernard C.; ",Georgetown; Gilbert River; Percy Falls;,,,Inquest held at Georgetown into the death of Joseph Manuel Yous alleged to have been killed by Aboriginal people ,1878/131,p.1-8,07 May 1878,,"JUS/N58; SRS36/5/58; 

348657",
ITM950297,"SANDROCK, G F; MORRISON, John; MCIVER, Alexander.",Bowen; Townsville; Whitsunday Island.,,,Telegram from G.F.Sandrock at Bowen to the Treasurer reporting an attack by Aboriginal people on the schooner “Louisa Maria” while at anchor off Whitsunday Island ,1878/1752,p.3-4,14 August 1878,,TRE/A19; SRS6232/1/19,
ITM2724564,"JOHNSTONE, Robert, Sub Inspector; PERRY, John; TAYLER, Matthew; NELSON; E.; WELCH, C.H.; GIFFIN, George James, P.M.; BRITTAIN, Peter; STENSON, Patrick, Constable; ",Cardwell; King Reef; South Barnard; ,,Contains graphic language,Inquest held at Cardwell into the deaths of two unknown fishermen reported to have been killed by Aboriginal people,1878/240,p.1-24,12 September 1878,,"JUS/N59; SRS36/5/59;

348658",
ITM847037,"DOUGLAS, Sub Inspector; MCDERMOTT, Constable; WARNER, F; SEYMOUR, Commissioner; WARE, Seargent; JOHNSTONE, Sub-Inspector; JOHNSON, Charley (fisherman); LAWSON, George; CORNEY, Trooper;",Hodkingson; Miriamvale; Bustard Bay Saw Mills; Maryborough; Palm Island; Dungeness; Cape de Verde; Green Island; Cairns; Port Douglas; Byerstown;,,,"Letter from Sub Inspector Alexander Douglas at the Baan Bero Native Police camp to the Commissioner of Police reporting that Aboriginal people are often forced away from the coast by settlers and consequently, due to hunger, forced to kill stock. He also notes that this puts Native Police officers in a difficult position","1878/4039

in Top Number 1881/296",p.178-182,15 November 1878,,COL/A306; SRS5253/1/308,
ITM17277,"JACKY (Aboriginal); JOHNNY (Aboriginal); THOMPSON, Ferdinand; BARTON, Hugh; COOPER, Mr; CANSDELL, Mr; TYSON, Reuben; LYM, William; DUNLOP, Robert; DUNLOP, Andrew; PEGUS, George; MATHIESON, Sarah; BAINES, Jane; BAINES, Mary; MADISON, Mr; HEERY, Charles; HILL; ",Ravenswood; Strathablan; Burdekin; Connolly Creek; Kirknee;,,,Letter from Supreme Court Judge Sheppard to the Governor regarding the death sentences passed on Jacky and Johnny for the murder of James Arthurs at Ravenswood. Judge Sheppard believes a prejudice exists against Aboriginal people in the north of Queensland and recommends a commutation of the sentence of death for these prisoners,"1878/4440
in 
Top Number 1879/3","p.120-132  
",16 December 1878,15 July 1878,EXE/2; PRV8123/1/2,
ITM6922,,,,,Annual Report from the Commissioner of Police for year ending 1878,1879/1310 Police Comm,p.13,04 February 1879,,COL/B19; PRV7173/1/19,
ITM87288,DOUGLAS; TOBY; STUART; ,Port Douglas; ,,,Letter from Inspector Stuart at Port Douglas to the Commissioner of Police outlining some of the difficulties for the Native Police in the District,1879/25,p.78-79,08 February 1879,,POL12M/G2; PRV10800/1/2,
ITM844859,,,"Tuan Islands, Saibai, Talbot Islands, Deliverance",,Executive Council Minute Item No.6 regarding the Proclamation of Queensland’s annexation of the Torres Straits islands ,1879/326,p.15-32,06 August 1879,,COL/E33; SRS5247/1/33 ,
ITM847013,"BLAKELY, Henry; FITZGERALD, Sub Inspector; GRAY, Robert Esq; ISLEY, Inspector; TORLOO (Aboriginal woman); WEIR, Mrs; WEIR, Mr; GILBERT (Native Trooper); JIMMY (Native Trooper); STAFFORD, Sub Inspector;",Cooktown; Moreton Island; Torres Strait; New Guinea; Oakey Creek,Moreton Island;,,"Letter to the Colonial Secretary regarding the abduction of an Aboriginal girl called Torloo (aged 10), abducted from Moreton Island, taken to sea and left at Cooktown where the Native Police seized her. Inspector Isley wrote to the Commissioner of Police, stating that she was found at Sub Inspector Fitzgerald’s house. Isley was informed ‘No action necessary’", 1879/3470,p.411-416,24 September 1879,,COL/A283; SRS5253/1/284,
ITM87288,STUART; MARRATT,Port Douglas; Mulgrave River; Cairns; ,,,Letter from Inspector Stuart at Port Douglas to the Commissioner of Police regarding a request for a Native Police detachment at the Mulgrave River goldfield near Cairns,1879/243,p.20-21,26 September 1879,,POL12M/G2; PRV10800/1/2,
ITM2725078,"BRANDY (Native Police Trooper);  HEDGES, Thomas, Police Constable; MACGROARTY, Bernard C; ARMIT, William, Sub Inspector; POLLY (Aboriginal woman); EMILY (Aboriginal woman); TIGER (Native Police Trooper); SODA (Native Police Trooper);",Normanton; Bynoe Native Police camp;,,,Inquest held at Normanton into the death of Native Police Trooper Brandy shot by Constable Thomas Hedges,No.81,p.1-10,20 March 1880,16 March 1880,JUS/N68; SRS36/5/68,
ITM847037,"HAMILTON, John, M.L.A.; DOUGLAS,Sub Inspector; COOPER, Pope A; POWER, Virgil; McDERMOTT, (Constable): WARE (Sergeant); JOHNSTONE, Robert; SEYMORE, D.T.; JOHNSON, Charlie; JIMMY (Aboriginal man); KITTY (Aboriginal woman); ANTONIE (Cape de Verde Island man); DAWSON, George; MULLIGAN, James Venture; CORNEY (Aboriginal man)",Miriam Vale; Maryborough; Cardwell; Palm Islands; Green Island; Hodgkinson Gold Field; Cairns; Port Doouglas; Daintree River,,"Contains details regarding Rape, 
offensive and vicious acts",Letter from Pope Cooper and Virgil Power to the Colonial Secretary regarding their investigation into the very serious charges preferred against Sub Inspector Alexander Douglas of the Native Police in relation to violence against Aboriginal people. They report that the charges are unsubstantiated and acquit Douglas ,296 of 1881,p.60-64,26 December 1880,,COL/A306,
ITM2725539,"KAYE, Henry P.; NICHOLS, William; SMITH, Pierce; TROOPER SAMBA; TROOPER SANDY; TROOPER JERRY; MOWBRAY, A.M.;",Georgetown; Etheridge; Woolgar,,,Inquest held at Georgetown into the death of Native Police Sub Inspector Henry Kaye reported to have been killed by Aboriginal people  ,1881/259,p.1-11,26 September 1881,14 September 1881,JUS/N77,
ITM563776,"KAYE, Henry .P.",Woolgar,,,"Police Staff file of Henry P. Kaye, noting that he was speared by Aboriginal people at Woolgar on 14 September 1881",,p.1,,14 September 1881,A/38864,
ITM2725770,"ALLEN, Arthur; HODGE, Dr. Joseph; SKENE, John Ward; SKENE, Peter;","Flaggy Creek, Herbeton",,,"Inquest held at Herberton into the death of John Skene, reported to have been killed by Aboriginal people at Flaggy Creek",,p.1-6,1 April 1882,31 March 1882,JUS/N83; SRS36/5/83,
ITM2726165,"BERESFORD, Marcus (NMF)
CHAPMAN, Grant B
HART, Alfred A
BELL, John
","Farley Station
Cloncurry ",,,"Inquest held at Cloncurry into the death of Native Police Sub Inspector Marcus Beresford, reported to have been killed by Aboriginal people",No.59 ,p.1-10,28 January 1883,24/01/1883,"JUS/N91, 1883/59",
ITM2726206,"DE SAILLY, Charles
CARROLL, Denis
MIDDLEMISS, Peter",Thornborough,,,Inquest held at Thornborough into the death of Charles Desailly (or de Sailly) reported to have been killed by Aboriginal people near Mt Mulligan,No.102,p.1-11,13 March 1883,08/03/1883,"JUS/N92, 1883/102",
ITM2727005,"POWELL, James White (Inspector)
KENNEDY, Alexander
URQUHART, Frederick James","Mistake Creek
Cloncurry",,,"Inquest held at Cloncurry into the death of James White Powell, reported to have been killed by Aboriginal people at Mistake Creek",1884/415,"p.1-7


p.121-136",20/08/1884,29/07/1884,JUS/N108,
ITM2727097,"King Billy (Aboriginal)
SEAMAN, George William
MOFFAT, John JP
MOFFAT, Peter
MARONEY, Denis
BOWKETT, William David
Toby (Aboriginal)
SEDGWICK, John  Charles
LEONI, ALexander

",Irvine Bank,,,"Inquest held at Irvinebank into the deaths of King Billy, two Aboriginal women and an Aboriginal child, reported to have been killed by Troopers of the Nigger Creek Native Police Detachment",1884/511,p.1-22,23/10/1884,18/10/1884,JUS/N110,
ITM847159,"SEYMOUR, D J, Commissioner of Police",,,,"Letter from the Commissioner of Police to the Colonial Secretary, that includes observations relating to the difficult predicament of Aboriginal people being forced out of their hunting grounds with the rapid nature of settlement and that serious consideration is required into the matter, including the potential for legislative action",1885/4592,p.198-203,24/06/1885,,COL/A428,
ITM1137553,"MUSGRAVE, A.",,,,"Despatch from the Governor to the Secretary of State for the Colonies regarding a number of matters, including an objection to the affiliation of New Guinea to Queensland unless there is no attempt to prevent the oppression of the native indigenous people",,p.1-3,13 January 1886,,GOV/35,
ITM17668,"STANLEY, Colonel; GARRICK, Mr; BISHOP HALE; GRIFFITH, Mr; MCILWRAITH, Sir Thomas",West Indies; New Guinea,,,Despatch from the Governor to the Secretary of State for the Colonies regarding potential future administraton of New Guinea,,p.117-120,11 March 1886,,GOV/35,
ITM847262,"BRAY, William; CURRIE, Arthur Webster; BUZZA, John; BONEY (Aboriginal boy); DYSON, Thomas Shephard (Dr); LORRIGAN, Daniel (Constable); SALISBURY (Native Police trooper); Spider (Native Police trooper); Sambo (Native Police trooper); Peter (Native Police trooper); NEDDY (Native Police trooper); POINGDESTRE Lyndon (Sub-Inspector); MACCARTHY, John (Constable); BLANNELLY, Patrick (Sub-Insprector of Police)",Normanton; Kimberley;,,,Inquest held at Normanton into the death of Aboriginal people reported to have been killed by Sub Inspector Poingdestre’s Native Police detachment at the Kimberley Pilot Station,105 of 1888,p.18-87,24/11/1887,13/11/1887,COL/A531,
ITM2729086,"WRIGHT, Alfred
CARRIGAN, John
McNAUGH, Joseph Melvin","Maytown
Palmer River
Strathleven Station",,,Inquest held at Maytown into the death of Alfred Wright reported to have been killed by Aboriginal people,1888/93,p.1-17,23/01/1888,10/01/1888,JUS/N152,
ITM270935,"MURRAY, FJ; JONES, Henry Russell; JOKER (Aboriginal man); SMITH, George; LINEHAN, Michael; BYRONE, George Robert; WARREN, George; O'NEILL, Constable James; ",Koolburra Station; Laura; Cooktown; Townsville; Geraldton; British New Guinea,,,"Court documents relating to the trial of Joker, a young Aboriginal boy (aged about 14), charged with killing his employer Henry R Jones in 1890, and placed on trial at Cooktown. Joker said that he shot Jones in self-defence: 'Me __ run away. Mr Jones been too much kill em’ and ‘Me been shoot 'em that one that one want shoot one morning me been shoot 'em first time’. The Police Magistrate at Cooktown recommended he be sent to New Guinea after the charge was dismissed because 'the feeling being so strong against the prisoner, it would not be advisable to let him go here’ ",,p.1-5,20/04/1891,3 August 1890,A/18494,
ITM847444,"SWAN, JS; DOUGLAS, AD; HANN, F; JOE FLICK (Aboriginal)",Camooweal; Lawn Hill,,,Letter from Inspector Alexander Douglas to the Commissioner of Police about charges made against Mr Hann and other squatters in the Burke district. Includes a comment that Aboriginal women are engaged in stock work as there are no Aboriginal men in the district to do the work as they were exterminated in the early days of the settlement,12790 of 1892,p.206-207,04/10/1892,,COL/A713,
ITM2732419,"BRUCE, C; ROWE, S",Cape York Peninsula,,,"Inquest held at the Court House Port Kennedy, Thursday Island, into the deaths of Charles Bruce and Samuel Rowe, beche de mer fishermen, reported to have been killed by Aboriginal people about 20 November 1893",48 of 1894,p1-18,27/12/1893,,JUS/N220,
ITM6826,"DOUGLAS, John;",Thursday Island,,,"Letter from John Douglas, the Government Resident at Thursday Island, to the Colonial Secretary, strongly recommending that further legislative action should be taken to restrict and regulate the sale of opium",1896/2538,p.1-4,10 January 1896,,COL/140; PRV7126/1/1;,
ITM665854,"McKENZIE, Donald
Harry (Aboriginal)
Toby (Aboriginal)
Johnny (Aboriginal)
Madge Mr
LAMOND Inspector
WHELAN Constable",Lakefiled Station; Normanby River,,Contains  graphic language of dead bodies,"Letter from Inspector Lamond to the Commissioner of Police regarding the murder of Donald McKenzie at Lakefield Station. Also refers to previous incidents in the District, and deaths brought about by flour poisoned with strychnine  ",,p.1-58,9 September 1896,29 April 1896,A/49714,
ITM86473,"LAMOND, James",Cape York Peninsula,,,Letter from Inspector Lamond to the Commissioner of Police recommending against appointing Mr Meston as Black Protector for the North,8526 of 1897,p340-342,04/07/1897,,POL/J14,
ITM6826,"TOZER, Horace",Tropic of Capricorn,,,"Letter from the Chief Secretary to the Governor, about proposed Aboriginal Protection legislation",,p.53,8 October 1897 ,,COL/140  ,
ITM86495,"LAMOND, James",Turnoff Lagoon  ,,,Letter from Inspector Lamond to the Commissioner of Police regarding Native Police operations at Turn Off Lagoon near Burketown. Correspondence includes orders that the Native Police prevent all Northern Territory Aboriginal people from coming into Queensland,1899/2921,p182-187,07/02/1899,,POL/J20,
ITM6826,MESTON; FOXTON;,,,,"‘Monograph on the Aboriginals - Past and Present condition' by Archibald Meston; Addressed to the Hon J.F.G.Foxton Home Secretary. Outlines the history of conflict, protection, violence and reserves in Queensland relating to Aboriginal people","1900/3566
and
1897/13253","p.103-132
and
p.74-87",13/03/1900,,COL/140; PRV7126/1/1;,
ITM17980,,"Cooktown; Mackay; Atherton; Cairns; Coleman River; 
Normanton; Croydon",Kalkadun,Contains details regarding Cannibalism,"‘Report of the Northern Protector of Aboriginals for 1900. Presented to both Houses of Parliament by Command’. Report prepared by Walter E Roth, Northern Protector of Aboriginals",1901/4884,p.232-259,01/01/1901,,1901/4884,
ITM716903,"Peter (Aboriginal)
Johnny (Aboriginal)
Old Bob (Aboriginal)
Topsy's father (Aboriginal)
Cockroach (Aboriginal);",Moreton,,,"Magisterial Enquiry held at Moreton Telegraph Station, Cape York Peninsula, into the murder of four Aboriginal men by Native Police troopers ",,p.1-155,16/09/1902,08/04/1902,A/58850; SRS4356/1/57; A1 Item ID 716903,
ITM2736531,"ROTH, Dr; HOOLE, Constable; NOBLE (Native Police Trooper/Tracker); ALBERT (Native Police Trooper/Tracker); ROB (Native Police Trooper/Tracker); JERRY (Native Police Trooper/Tracker)",Cape York Pennisula; ,.,,"Inquest notes regarding human remains found near Moreton Telegraph Station, Cape York Peninsula, believed to be the bodies of four Aboriginal people shot by Native Police Troopers",No.330,p.1-2,,,JUS/N309,
ITM563661,"ROTH, Dr; MARRETT, Inspector; WHITEFORD, Sergeant; HOOLE, Constable; HOOLE, Arthur Stephen; HOOLE, George; ",Thursday Island; Moreton Telegraph Station; McDonell Telegraph Station; ,,,"Letter from George Hoole to the Commissioner of Police, that includes a newspaper clipping referring to the Magisterial Inquiry held at Moreton Telegraph Station, Cape York Peninsula, into the murder of a number of Aboriginal people by Native Police troopers",1902/16196,p.1-3,04/10/1902,,,
ITM17981,"ROTH, Dr; MESTON, A; CHARLEY [Aboriginal man]; SANDY [Aboriginal man]; PEREIVA [Singalese man]; TOBY [Aboriginal boy]; MORAN, Mr; COX, F.C.; CHATTERTON, Mr; GEORGE [Aboriginal man]; DAYLIGHT [Aboriginal man]; PENNEFATHER, CAPTAIN; DARKEY [Aboriginal man]; LARRY [Aboriginal man]",Cooktown; Durundur; Cunnamulla; Palmer River; Cairns; Charleville; St Helena; Burketown; Fraser's Island; Yarraba; Coen; Herbert River;,Keppel Island blacks; Cocowarra tribe;,,"Letter from Meston, the Southern Protector of Aborigines to the Home Secretary regarding Aboriginal men being sent from Northern Queensland into his care in the South",1902/16277,p.1-8,24/09/1902,,,
ITM861036,"WILLS, Horatio; McDONALD; HERBERT, Robert G.W.;",Cullin-la-Ringo,,,"Letter from the Colonial Secretary to Rockhampton Mayor regarding a party from Rockhampton being sent to the scene of the Wills family murders, and affirming the importance of immediate and decisive action, and that every effort will be taken to protect life and property",1861/895,p.49-50,12 November 1861,,COL/R2,https://www.archivessearch.qld.gov.au/items/ITM861036
ITM2722206,"PICKERING, Walter; McMULLEN, John; Bungaree (Aboriginal man); Browning; CORNWELL; JESSEN, Andrew",Tiaro; Maryborough,,,"Inquest held at Tiaro into the death of Bungaree, reported to have been shot by Constable McMullen in the discharge of his duty",1871/103,"p.2-23

p.1",01 July 1871,20 June 1871,JUS/N30; SRS36/5/30,
ITM2725339,"KERSHAN, James; BROWN, Charles; MILLER, William; C…? JAMIE (Aboriginal man); KINSELLA, Sergent; CAMERON, Constable; HUNTER, Herbert;",Victoria Downs ,,,"Inquiry into the death of an Aboriginal man by the name of Jamie, reported to have been killed by Native Police",1881/39,p.1-11,14 Feb 1881,12 February 1881,JUS/N73,
ITM846771,BLIGH; HARRIS,,,,Correspondence from the Commandant of the  Native Police Rockhampton to the Colonial Secretary regarding petition for reinstatement of Mr Harris,1863/1431,p.86-92,30 June 1863,,COL/A37; SRS5253/1/42,
ITM844827,Sub Inspector AUBIN,Morinish diggings; Rockhampton; Mackenzie River,,,Executive Council Minute regarding the dismissal of Acting Sub Inspector Aubin of the Native Police ,"1867/172
No 7",p.13-14,11 July 1867,12 June 1867,COL/E1; SRS5247/1/1,
ITM861251,Sub Inspector AUBIN,,,,"Letter from the Colonial Secretary to the Commissioner of Police regarding the Executive Council's decision to dismiss officer Aubin from the Native Police, and instructing the Commissioner of Police to convey this information to the officer",1867/452,p.99,15 July 1867,,COL/Q4,https://www.archivessearch.qld.gov.au/items/ITM861251
ITM3690313,Sub Inspector AUBIN,,,,Dismissal of Acting Sub Inspector Myrtil Aubin ,1867/269,p. 2,11 July 1867,,POL/4; RV10741/1/1,https://www.archivessearch.qld.gov.au/items/ITM3690313
ITM844835,"MARQUIS OF NORMANBY; DAVIDSON, Alfred; ",,,,Executive Council Minute regarding a request from Mr Alfred Davidson to the Secretary of State for the Colonies to undertake a Commission of Enquiry into the Aboriginal people of Queensland. The request was not supported by the Council,1872/106,p.26-27,18 April 1872,,COL/E9,
ITM564918,FITZGERALD; MORRISSET;,,,,Letter from the Commissioner of Police to Colonial Secretary regarding charges of misconduct against Native Mounted Police Sub Inspector Fitzgerald,1876/609,p.144-145,06 March 1876,5 January 1876,A/40291; SRS1108/2/2022,
ITM844846,"FITZGERALD, Harry",,,,Executive Council Minute regarding the charge of misconduct against Sub Inspector Fitzgerald from the Native Police due to his assault of an Aboriginal woman and the man who interferred on her behalf,1876/757 No.6,p.24-25,05 October 1876,,COL/E20; SRS5247/1/20,
ITM266511,"COMPIGNE, A.W.; ELLIOT, A.J.; CARROL, John William; WYCLIFFE, George; LOUIS (Aboriginal woman)",Aramac,,,"Record of J.W. Carrol being charged with assault, and having case against him dismissed",,p.72-73,13 September 1876,,A/5117; RSI203/1/1,
ITM267771,"CARROL, John William",Aramac; Mount Cornish; Mitchell District,,,"pages from the Ledger of the Police Watchouse in Aramac listing entries relating to John W. Carroll. One charge is for the wilful murder of an Aboriginal Trooper, for which he is discharged on grounds of insufficient evidence",,p.8-10,6 September 1876,25 October 1875,A/5097; RSI343/1/1,
ITM3690323,"WHEELER, Frederick",Fassifern; Coochin; Sandgate,,,"Letter from 2nd Lt Wheeler to the Colonial Secretary, reporting that he will depart for Fassifern as instructed",1861/358,p.2,14 February 1861,,COL/A9; SRS5253/1/13,https://www.archivessearch.qld.gov.au/items/ITM3690323
ITM3690324,"HARDIE, Mr; GUNN, Ellgett? Constable; DENISON, Inspector; WHEELER; McDONALD; LESTER, Mrs; CRANKY CHARLIE (Aboriginal man); HYPPI or BRANDEY (Aboriginal man); NELSON (Aboriginal man); PYALL (Aboriginal man); SALTWATER JAMIE or ONE EYED JAMIE (Aboriginal man); MILLIONG JOHNNIE? (Aboriginal man); BLUTCHER (Aboriginal man); TOBY (Aboriginal man); JAMI COLLINS (Aboriginal man); GRAY, Charles George P.M.; ",Fassifern; Dugandine Station; Coochin,,Contains details regarding Rape,Letter to the Colonial Secretary from the Police Magistrate Ipswich summarising the circumstances concerned with sending police to Coochin for the purpose of dispersing a group of Aboriginal people,1861/435,p.2-8,21 February 1861,,COL/A9; SRS5253/1/13,https://www.archivessearch.qld.gov.au/items/ITM3690324
ITM3690325,"WHEELER, Frederick; HERBERT",Dugandan; Ipswich,,,Letter from the Colonial Secretary to the Attorney General regarding the report of Aboriginal people having been shot at Dugandan,1861/62,p.2,11 January 1861,,COL/Q1,https://www.archivessearch.qld.gov.au/items/ITM3690325
ITM3516,"WHEELER, Frederick; FOWLES, W.L.; MACPHERSON, PETER; BLAKE; THORROLD; LUTWYCHE, Alfred I.P.",Brisbane; Rockhampton; Clermont,,,"The Queen V Frederick Wheeler, in the Supreme Court of Queensland Criminal Jurisdiction. Wheeler confined in Rockhampton gaol under committal for murder",,p.1-2,12 May 1876,,CCT7/N32; PRV6098/1/28,
ITM99784,WHEELER; GARRICK;,Rockhampton,,,"Judge’s notes at Rockhampton Court, regarding charge of murder against Frederick Wheeler who had been released on bail. Wheeler did not appear when called",,p.71,02 October 1876,,"CCT7/N32; PRV6098/1/28
",
ITM846993,"THOMPSON, Mr; GLADSTONE, Mr; WHEELER, Sub Inspector","Mexico; New Zealand; Africa; United States, Texas; Brisbane",,,Series of articles and letters to the Editor in the Queensland 'Patriot' regarding violence and atrocities carried out by the Native Police. Handrwritten notations next to the articles provides an insight into the Government's response to the accusations,1878/3005,p.13-18,29 June 1878,,[COL/A263; SRS5253/1/264,
ITM847017,"DREW, William L.G.; O'CONNOR, Sub Inspector; ",Brisbane; Bribie Island,,,"Letter from William Drew to the Colonial Secretary, resigning from his role as one of the Commissioners for the protection of Aborigines, due to the breaking up of the Bribie Island settlement and the actions of the Native Police under Sub Inspector O'Connor",1879/908,p.343-344,8 March 1879,,COL/A287A,
ITM847017,"HALE, Bishop Matthew; LANDSBOROUGH, W.; LOUX, James; CAIRNS, Governor; BRIDGEMAN, G.F.;",Mackay; Maroochy; Bribie Island; Durandur; Townsville; Bowen; ,,,"Letter from Bishop Matthew Hale, Chairman of the Aborigines Commissioners, to the Colonial Secretary querying refusal to supply funds for the cause",1879/1343,p.325-338,13 September 1878,,COL/A287A,
ITM6920,"GREGORY, A.; DREW, W.; GRAHAM, C.; LANDSBOROUGH, W.;",,,,"Register of Letters that lists a letter from the Aboriginal Commissioner to the Colonial Secretary regarding the appointment of the Bishop of Brisbane, Drew, Graham, Landsborough and Gregory.",1876/1311,p.36  ,25 May 1876,,COL/B17,
ITM846952,"GREGORY, Augustus Charles.; DREW, W.illiam Laworthy Good.; GRAHAM, Charles James; LANDSBOROUGH, William; CAIRNS, William;", A. Macalister to,,,Letter from the Colonial Secretary to the Aboriginal Commissioners regarding their appointment,1876/1311,p.122-124,25 May 1876,,COL/A222; SRS5253/1/223,
ITM847002,"O'CONNOR, Sub Inspector; HALE, Bishop Matthew;","Cape Bedford, Cooktown",,,Letter from Bishop Hale to the Colonial Secretary regarding the tracking of Aboriginal men and women by Sub Inspector O'Connor and his Troopers,1879/858,p.213-214,04 March 1879,,COL/A272; SRS5253/1/273,
ITM950302,"BROOKE, Sub Inspector; IZATT, Captain; FITZGERALD, Inspector",Cooktown; Lizard Island; Knight Island; Cape Flattery;,,,"Telegram from B.Fahey to the Under Secretary Treasury regarding the possible abduction of Mrs Watson, her baby and two chinese men from Lizard Island","1881/1946 ?
Maybe 1881/1146?",p.17-22,25 October 1881,,,
ITM950302,"LAHEY/FAHEY, B; WATSON, Mrs",Look-out Point; Lizard Island; Cooktown,,,"Telegram from B. Fahey reporting that although Native Police and Troopers are looking for members of the missing party, there is no trace of Mrs Watson and her baby",2029 of 1881,p.217,02/11/1881,,TRE/A24,
ITM567139,"URQUHART, Sub Inspector Frederick Charles; CLERK, Sub Inspector; MARRETT, Sub Inspector; FIELDING, W.; CAMERON, D.;",Georgetown; Carl Creek; Cloncurry; Lake Nash; Corella; Cooktown; Paterson; Gregory District; Thursday Island; Townsville; Brisbane,,,"Police staff file for Frederick Charles Urquhart. Record includes Urquhart's application to the Native Police and his record of service indicating he was transferred to Carl Creek in 1883, and then placed in charge of Cloncurry in 1883 ",,"p.2
and
p.350-351",,,,
ITM665853,"POWELL, James White; URQUHART, Sub Inspector; AHERN, John; KENNEDY, Mr A.; MACDONALD, Mr; TROOPER BILLY (Aboriginal man); TROOPER LARRY (Aboriginal man); JACK (Aboriginal boy); MULLIGAN, Mr; JOHNSON, Inspector","Cloncurry; Carlton Hills Station; GuNative Policeowder Creek; Burke District; Muttaburra; Cameron Creek; Kamilaroi; Mistake Creek; Leichhardt River; Teddington Lock; Burke River; Ravensbourne Station; Mitchell District; Carl Creek;
",,,"Murder file for James W Powell, reported to have been killed by Aboriginal people",1884/6449,p.1-11,17/09/1884,13/7/1884,A/49714,
ITM564169,"BARRY, John  E. (1st class Detective); NICHOLLS; ISLEY, John B (Inspector); KING BILLY (Aboriginal man); KELLY (Aboriginal woman); GARRAWAY, Cadet; STEWART, Camp Sergeant; CARR; KINDREGAN, Sergeant; LEWIS, Inspector; MORRISETT, A. L; BREENE, Sergeant; MOWBRAY, Mr.",Irvinebank; Cairns; Townsville; Herbeton; Barron River; Nigger Creek; Port Douglas,,,William Nichols Native Police staff file and correspondence referring to the Irvinebank massacre,,p.13-51,26/02/1905,18/10/1884,A/40104,
ITM847145,"NICHOLS, William; KING BILLY (Aboriginal man); KITTY (Aboriginal woman); BARRY, John Elliott; BRUNE, Martin; GARRAWAY, Rowland Walter; BETHEL, James; ISLEY, John B.;
MERWART, John; DWYER, James; LEONI, Alexander; SEDGWICK, John Charles; SEARMAN, George William; MOFFAT, John; MORONEY, Denis
SAMBO (Aboriginal man); SANDY (Aboriginal man); LARRY (Aboriginal man); WILLIE (Aboriginal man); JIMMEY (Aboriginal man); PILURI (Aboriginal man); CARLO (Aboriginal man)","Herberton, Irvine Bank",,,Depositions taken in the case Regina vs William Nichols on suspicion of Nichols being an accessory before the fact to the murder of four Aboriginal people by Native Police Troopers at Irvinebank,1885/989,p.98-189,06/02/1885,18/10/1884,COL/A414,
ITM847150,"NICHOLS, W; SEYMOUR; ISLEY; GARRAWAY, Cadet; ",Herberton; Irvinebank,,,"Correspondence relating to the application by W Nichols, ex Native Police officer, to be re-instated following Irvinebank murders",1885/2331,p.126-134,07/04/1885,18/10/1884,COL/A419,
ITM847034,"JARDINE; PENNEFATHER, Captain; WAMEE (man from Marbiac Island); SUNDAY (man from Murray Island); ",Boigu Island; Papua New Guinea; Normanton; Brooker Island; Mai Cussar River New Guinea; Murray Island; Marbiac; Thursday Island; Yorke Isle; Dowan; Thoogari New Guinea,Torres Strait Islanders,Contains details regarding Rape,Correspondence relating to Native Police responding to attacks on Torres Strait Islanders by native people from the mainland of New Guinea,1880/6405,p.3-10,29/11/1880,,COL/A303,
ITM847090,"PENNEFATHER, Captain; GOOCHIN/GOOTACHIN (Missionary Teacher); GOODWIN; WILLIAMS; RANDOLPH; LOUIS (South Sea Islander man); ROBB, William Chief Officer whale boat; MACFARLANE, L., Reverend; SHARKEY (Bampton Island man); ELLIA (Missionary teacher)",Warrior Island; New Guinea; Murray Island; Keewai; Darnely Island; Stephen Island; Torres Strait; Bampton Island; Darnley Island; Bampton Islands; Tree Island; Fly River; Saibai; Koobira,South Sea Islanders; Torres Strait Islanders; Mowatt people; Bampton Island people,Contains graphic descriptions of dead people,Correspondence relating to a group of seamen and volunteers crossing the Torres Strait to the coast of New Guinea to avenge killings of shipwrecked crew,"1882/6347

in Top Number 1883/2040",p.48-62,13/12/1882,,COL/A359,
ITM847328,"URQUHART, Sub Inspector; SAVAGE, Rev. E.B.; ROBINSON; HUNT, Mr; SALTER, A.E.; MACGREGOR, Lady; MUSGRAVE, A.; NORMAN, H.W.; HENNESSY, Captain; MACGREGOR, Sir William; SEYMOUR; MURRAY, Inspector; REID, Captain; BOWDEN; DOUGLAS, John; ",Thursday Island; Darnley Island; Kewai; Murray Island; Port Moresby; Motu Motu; Cooktown; Townsville; Warrior Reef; Devera; New Guinea; Fly,,,"Correspondence relating to alleged massacre of Reverend Savage and his crew in Torres Strait, and Native Police search and response",1889/10010,p.36-63,11 November 1889,,,
ITM17668,"BRIDGEMAN, Mr; CAIRNS, W.W.; CARNARVON, Earl of;","Brisbane, Mackay District, ",,,Letter from Governor Cairns to the Secretary of State for the Colonies relating to the Royal Commission into the treatment of the Aboriginal peoples of Queensland,,p.52  ,16/04/1875,,GOV/35,
ITM861249,"HARRIS, LIET.; JEMMY [Aboriginal man]","Brisbane, Rockhampton",,,Letter from the Colonial Secretary's Office to the Commandant of the Native Police Rockhampton relating to the charge against Lieutenant Harris for shooting an Aboriginal man by the name of Jemmy,1863/423,p.258,01/06/1863,,,
ITM564918,WHEELER; FITZGERALD; SEYMOUR,"Brisbane, Burdekin",,,Telegram from Commissioner of Police to Sub Inspector Fitzgerald regarding charges brought against Fitzgerald for whipping an Aboriginal woman,,p.62,08/04/1876,,A/40291; SRS1108/2/2022,
ITM846887,JARDINE; GREENE; COOK; SMITH; HENDRY.,Somerset; Brisbane.,,,Letter from Police Magistrate at Somerset to the Colonial Secretary ,1871/1635,p.16-17,01 April 1871,,COL/A157; SRS5253/1/158,
ITM18308,"RYDER, W.H.; PURVIS, A.D.M.; MESTON, Harold; MESTON, A.; PERCY (Aboriginal); BRASSEY, Lord; PADDY BROWN/TERRINNAMEE (Aboriginal); ",Fraser's Island; Inskip Point; Maryborough; Durundur; Caboolture; Bogimba Creek; Pialba; Brisbane; ,,,Ex-troopers at Fraser Island,13014 of 1897,All,10/10/1897,,COL/483A,
ITM2802975,,,,,"Death of former Inspector Henry John Browne, from Roma [SCT/ P45/1600]",1600,p.19,14 March 1878,,SCT/ P45/1600,
ITM882128,,,,,"Appointment of Maxwell Armstrong as JP at Blackall [A/4835, 1871/554]",1871/554,p.61,14 August 1871,,A/4835,
ITM3434105,,,,,Burial at Maryborough Cemetery of Willy Nabby [Maryborough Cemetery Burial Register],1325 and 149,p.76,16 December 1879,,,
ITM2802490,,,,,Death of Charles Marshall Nutting at Amby near Mitchell [SCT/ P32/1115],1115,p.10-11,1 January 1875,,SCT/ P32,
ITM867886,"BROWN, Henry H.; ROGERS, William Cooke; POUNTNEY, John Humphrey Greville; HEDGES, Charles; O'KELLEY, Peter; FLEMING, Lionel John; COLQUHOUN, Cecil; YANNIWAY, Billy (Aboriginal); FAIRCLOTH, George; WALKER, Mr; BARNS, Mr; LYONS, Mr; NICHOLS, Mrs; LIZZY (Aboriginal woman); PONDOTHA (Aboriginal woman); HADDOW, Mr",Maryborough; Yardley; Owanyilla; Mary River,,,Death of Billy Yanniway (Aboriginal) at Yardley near Owanyilla,,All,24 September 1869,13 September 1869,CCT3B/N13,
ITM17697,,,,,"Despatch from Downing Street, London to Governor Bowen ",1860/30,p.1-2,1 September 1860,,"GOV/1, ",
ITM17697,,,,,"Despatch from Downing Street, London to Governor Bowen",1860/34,p.3-4,27 September 1860,,"GOV/1, ",
ITM17706,"WOODGATE, Mrs; WOODGATE, Edward; BLACKALL, Governor; CASSADY, Mr; GRANVILLE, Mr",Queensland,,,"Despatch from Downing Street, London to Governor Blackall",1869/48,p.220-221,29 November 1869,,"GOV/10, ",
ITM22057,,,,,Letter from the Police Magistrate at Cardwell to the Secretary for Lands and Works ,1865/1111,All,6 May 1865,,"LWO/ A21, ",
ITM22037,,,,,Letter from the Surveyor General to the Secretary for Lands and Public Works ,1862/22,p.1-2,2 April 1862,,"LWO/A1, ",
ITM22049,,,,,Letter from the Chief Commissioner of Crown Lands to the Secretary for Lands and Works,1864/1431,All,11 July 1864,,"LWO/A13, ",
ITM2801660,,,,,Death of William Moorhead at Roma,305,p.15,30 September 1865,,SCT/P7/305,
ITM2720716,"GOVERNOR (Aboriginal); LAZY BILLY (Aboriginal); PALMER, E.F.; CORFIELD, Henry C.; CUSTARD, George W.; HIRST, W.H.A.; WARD, Joseph H.; BROWN, Sergeant; FULTON, David; FARQUHAR, Arthur; MACKAY, Hugh; O'BRIEN, Darby; HILL, Sergeant; BONEY (Aboriginal); PALMER, Henry; PALMER, James",Eureka; Gigoom; Wide Bay; Maryborough; Burdekin; ,,,"Inquest held at Gigoom into the deaths of 'Governor' and 'Lazy Billy' (Aboriginal) (QSA item 2720716, 1864/147)",1864/147 AND/OR POSSIBLY 148,All,"25 October 1864
22 October 1864
15 October 1864
30 September 1864
27 September 1864
24 September 1864",,JUS/N8,
ITM103525,"CAMERON, Daniel.",Planet Downs; Dawson River; Mimosa Creek; Expedition Range; Comet River.,,,Letter from Daniel Cameron at Planet Downs to Surveyor General ,1860/791,all,29 April 1860,29/04/2023,SUR/A1; PRV12284/1/2,
ITM103526,,,,,Letter from Colonial Secretary to Surveyor General ,1860/1194,p.2-3,16 June 1860,,SUR/A2A; PRV12284/1/3,
ITM103530,RAWNSLEY.,Wide Bay District; Burnett District; Maryborough; Red Bank; Mary River.,,,Letter from Surveyor to Surveyor-General ,1860/3122,all,4 December 1860,,SUR/A4; PRV12284/1/7,
ITM103532,"MANNING, A.W; HALLORAN; JOSEPH MUNGOMERY (Aboriginal man); WILLIAM POUTTER (Aboriginal man).",Brisbane; Wide Bay and Burnett.,,,Letter from Crown Lands Commissioner Halloran to Surveyor General ,1861/698,all,15 March 1861,,SUR/A6; PRV12284/1/9,
ITM103534,BLIGH; KINGSFORD.,Robinson Creek; Upper Dawson.,,,Letter from Acting Commandant Bligh at Rockhampton to the Colonial Secretary ,1861/1889,p.4-7,18 July 1861,,SUR/A8; PRV12284/1/11,
ITM103534,"MANNING, A.W.",Brisbane; Robinson Creek; Robinson River.,,,Letter from Colonial Secretary to Surveyor General ,1861/3104,p.1-3,26 August 1861,,SUR/A8; PRV12284/1/11,
ITM103541,,,,,Letter from Dept of Land & Works to Surveyor-General ,1863/44,all,12 January 1863,,SUR/A15; PRV12284/1/18,
ITM103542,,,,,Letter from Surveyor ,1863/1362,all,11 May 1863,,SUR/A16; PRV12284/1/19,
ITM103588,,,,,Letter from Lands Dept to Surveyor General ,1870/4091 ,p.235  ,16 August 1870,,SUR/A62; PRV12284/1/65,
ITM103588,,,,,Letter from surveyor Geo Phillips at Cardwell to Surveyor- General in Brisbane,1870/856,p.236-237,16 July 1870,,SUR/A62; PRV12284/1/65,
ITM103588,,,,,Letter from Surveyor at Cardwell to Surveyor-General ,1871/1101 ,p.158,06 March 1871,,SUR/A62; PRV12284/1/65,
ITM107772,FAULKNER; GILL; CLEMENT (Aboriginal man); JACKEY (Aboriginal man).,Gilbert River; Robertson; Cave Creek; Gilberton; Ten Mile Beach.,,,Letter from Gold Commissioner at Gilberton to Minister for Works ,1872/4603 ,p.2-8,19 November 1872,,WOR/A59;PRV12635/1/528,
ITM107774,,,,,"Letter from Bailey, Boundary Street, Brisbane to the Honorable Minister of Works",1873/626,p.82-87,13 February 1873,, WOR/A61; PRV12635/1/530,
ITM107787,"GEORGE, Howard; CONNER.",Endeavour River.,,,Letter (numbered 1873/2081) from Howard St George to the Secretary for Works ,1873/4597,p.86-88,30 October 1873,,WOR/A74; PRV12635/1/543,
ITM107808,,,,,Letter from JM Main to the Colonial Secretary; prev 1873/1301 ,"1875/201
1874/2697",p.383-385,21 December 1874,,WOR/A95; PRV12635/1/564,
ITM107811,"KING, H. E.; KENNEDY; JARDINE; HANN; GEORGE, Howard St.",Cooktown; Cape York Peninsula; Palmer River; Princess Charlotte Bay.,,,Letter from Howard St George to Minister for Mines ,1875/1316,all,06 March 1875,,WOR/A98; PRV12635/1/567,
ITM107815,Seymour.,Cardwell; Herbert River; Brisbane.,,,Letter (numbered 1874/1771) from Residents of the Herbert River to the Colonial Secretary,"1874/2929

1874/1771",p.10-13,01 July 1874,,WOR/A102; PRV12635/1/571,
ITM107815,"MCALISTER, A.; NOAD, Philip.",Lower Herbert; Stone's Paddock; Stone River; Cardwell; Palm Creek.,,,Letter (numbered 1874/1258) from Philip Noad? represents Lower Herbert District to Hon McAlister (MLA to Works Dept? ),"1874/2929

1874/1258",p.6-9,20 June 1874,,WOR/A102; PRV12635/1/571,
ITM107818,,,,,Letter from James Mulligan to Minister for Works and Mines,1875/4150,all,06 August 1875,,WOR/A105; PRV12635/1/574,
ITM108560,,,,,Petition from Port Douglas residents to the Colonial Secretary ,1879/4599,p.4-5,20 December 1879,,WOR/N8; PRV12657/1/29,
ITM108560,,,,,Letter from John Byrne at Port Douglas to the Colonial Secretary; prev 1879/4599 ,1879/4682,p.1-3,22 November 1879,,WOR/N8; PRV12657/1/29,
ITM108638,,,,,Memo from Minister to Works Dept; prev 1877/4581; sub 1877/4796 ,1877/4786,p.11,26 September 1877,,WOR/B13; PRV12663/1/13,
ITM108638,,,,,Letter from Mines Dept to Works Dept; sub 1877/5684 ,1877/4792,p.12,25 September 1877,,WOR/B13; PRV12663/1/13,
ITM108638,,,,,Report from Engineer of Roads at Bowen to Works Dept; prev 1877/4786; sub 1877/4797 ,1877/4796; ,p.12,26 September 1877,,WOR/B13;  PRV12663/1/13,
ITM108638,,,,,Report from Engineer of Roads at Bowen to Works Dept; prev 1877/4796; sub 1878/1325 ,1877/4797 ,p.12,26 September 1877,,WOR/B13;  PRV12663/1/13,
ITM108638,,,,,Report from Engineer of Roads at Bowen to Works Dept; prev 1877/4609; sub 1877/5337 ,1877/5221,p.45,16 October 1877,,WOR/B13;  PRV12663/1/13,
ITM108638,,,,,Report from Engineer of Roads at Bowen to Works Dept ,1877/5395,p.59,19 October 1877,,"WOR/B13;
PRV12663/1/13",
ITM108638,,,,,"Letter from Fuller, Forsyth, etc at Salisbury to Works Dept; prev 1877/5337 & 1877/5395; sub 1877/5537 ",1877/5415,p.60,19 October 1877,,"WOR/B13;
PRV12663/1/13",
ITM108638,,,,,Report from Mulligan at Thornborough to Works Dept ,1877/5537,p.70,18 October 1877,,"WOR/B13;
PRV12663/1/13",
ITM108638,,,,,Report from Engineer of Roads at Bowen to Works Dept; prev 1877/5537; sub 1878/500 ,1877/5629,p.77,06 November 1877,,WOR/B13; PRV12663/1/13,
ITM108638,,,,,"Letter from E Myers, Secretary Cairns Progress Assoc to Works Dept; prev 1877/4797; sub 1878/5103 ",1878/1325,p.247,13 March 1878,,WOR/B13; PRV12663/1/13,
ITM108638,,,,,Report from Engineer of Roads at Bowen to Works Dept; prev 1878/500; sub 1878/3230 ,1878/1852,p.287,13 April 1878,,WOR/B13; PRV12663/1/13,
ITM108638,,,,,Letter from Secretary Hodgkinson Progress Assoc to Works Dept; prev 1877/5629; sub 1878/1852 ,1878/500,p.183,14 January 1878,,WOR/B13; PRV12663/1/13,
ITM108638,,,,,Memo from J Macrossan to Works Dept; prev 77/5221; sub 77/5415 ,1877/5337,p.54,22 October 1877,,WOR/B13; PRV12663/1/13,
ITM1460907,,"Cooktown, Byerstown, Edwardstown",,,"Petition (marked ‘no date’, received 13/10/1877) from the Chinese residents at Cooktown to the Colonial Secretary; see also 1877/3358 and 1877/4924 ","ITM1460907, 4924/1877 and 3346/1877

ITM1460907, 1877/5055",p.1-11,13 October 1877,,"ITM1460907, 1877/5055

ITM6921;COL/B18; PRV7173/1/18",
ITM16935,,,,,Executive Council Minute regarding the appointment of a Pay Master and Secretary of the Police Force of Queensland.,1860/13,p.47-69,8 March 1860,,EXE/E1,
ITM16935,GOVERNOR GENERAL OF NSW; COLONIAL STOREKEEPER,Brisbane,,,Executive Council Minute in respect to the supply of arms for the Native Police,1860/4,p.7-8,17 January 1860,,EXE/E1,
ITM16935,,,,,Executive Council Minute respecting correspondence from Secretary of State for the Colonies and the War Office in respect to what military protection is to be afforded the colony of Queensland,1860/9,p.35-45,15 February 1860,,EXE/E1,
ITM16943,,,,,Executive Council Minute ,1864/24,p.41-97,17 June 1864,,EXE/E9; PRV8112/1/9,
ITM16943,,,,,Executive Council Minute,1864/8,p.1-37,4 March 1864,,EXE/E9; PRV8112/1/9,
ITM16946,,,,,Executive Council Minute ,1865/50,All,29 July 1865,,EXE/E12; PRV8112/1/12,
ITM17564,"TIFFIN, Charles.",Rockhampton.,,,"Letter from Colonial Architect to the Commandant of Native Police, Rockhampton",1862/223,p.64,17 March 1862,,,
ITM17564,"TIFFIN, Charles; MURRAY, G. P. M.",Rockhampton; Brisbane.,,,"Letter from Colonial Architect to Lieutenant G. P. M. Murray, Rockhampton",1862/226,p.65,31 March 1862,,,
ITM17564,"TIFFIN, Charles; LLOYD; HORNBY.",Rockhampton.,,,"Letter from Colonial Architect to the Commandant of Native Police, Rockhampton",1862/263,p.70,26 May 1862,,,
ITM17564,"BLIGH; LLOYD; HORNBY; TIFFIN, Charles.",Rockhampton.,,,"Letter from Colonial Architect to Messrs Lloyd and Hornby, contractors at Rockhampton ",1862/264,p.70,26 May 1862,,,
ITM17564,"TIFFIN, Charles; BLIGH.",Rockhampton.,,,"Letter from Colonial Architect to Commandant Bligh, Native Police Rockhampton",1862/313,p.81,19 August 1862,,,
ITM17564,"TIFFIN, Charles; LLOYD; HORNBY.",Rockhampton.,,,"Letter from Colonial Architect to the Commandant of Native Police, Rockhampton",1862/315,p.81,1 September 1862,,,
ITM17564,"TIFFIN, Charles; LLOYD; HORNBY.",Rockhampton.,,,Letter from Colonial Architect to Commandant ,1862/322,p.83,15 September 1862,,,
ITM17564,"DEIGHTON, Edward; SPONG, S. N. ",Rockhampton.,,,"Letter from Colonial Architect to SN Spong, Clerk of Works at Rockhampton ",1862/353,p.89,8 November 1862,,,
ITM17564,"TIFFIN, Charles; LLOYD; HORNBY; SPONG.",Rockhampton; Keppel Bay; Warwick; Maryborough; Toowoomba.,,,"Letter from Colonial Architect to SN Spong, Clerk of Works at Rockhampton ",1862/377,p.94,22 December 1862,,,
ITM17564,"TIFFIN, Charles; FYFE, A. ",Rockhampton; Upper MacKenzie River.,,,"Letter from Colonial Architect to Commandant of Native Police, Rockhampton ",1863/408,p.101,4 February 1863,,,
ITM17564,"DEIGHTON, Edward; LLOYD; HORNBY.",Rockhampton.,,,Letter from Colonial Architect to Police Magistrate at Rockhampton ,1863/419,p.103,19 February 1863,,,
ITM17564,"DEIGHTON, Edward; FYFE, A.",Rockhampton; Upper MacKenzie River.,,,"Letter from Colonial Architect to Commandant of Native Police, Rockhampton ",1863/429,p.106,16 March 1863,,,
ITM17564,MORRISSETT; ROLFE.,Belyando River; Brisbane.,,,Letter from Colonial Architect to Commissioner of Police ,1864/664,p.160,26 April 1864,,,
ITM17564,"DEIGHTON, Edward; HARRIES, E. H; CLARKE; CAMPBELL.",Rockingham Bay.,,,Letter from Colonial Architect to Police Magistrate at Rockingham Bay ,1867/1183,p.258,2 January 1867,,,
ITM17672,"JARDINE; RICHARDSON; MACDONALD, J. G.; HANAN; PASCOE",Rockhampton; Moreton Bay; Cape York; Somerset; Torres Strait; New Zealand; British colonies,,,Despatch from Governor Bowen to Edward Cardwell ,1865/41,p.70-72 ,5 July 1865,,GOV/24; PRV8226/1/3,https://www.archivessearch.qld.gov.au/items/ITM17672?digrep=DR127307
ITM17674,JARDINE; MACKENZIE,Brisbane; Cardwell; Gladstone; Etheridge Gold Fields; Somerset; Hammond Island; Prince of Wales Island; Friday Island; Torres Strait; Murray Island; Darling Island; Cape Bedford; Endeavour River; Cape Melville; See View Range;  Vale of Herbert; Herbert River; Townsville; Bowen; Mackay; Rockhampton,,,Despatch from Governor to Secretary of State for Colonies ,1872/65,p.166-170,30 October 1872,,GOV/26; PRV8226/1/5,
ITM17675,"INGHAM, W.B.; CHESTER, P.M.; GORDON, Sir Arthur; PITT; KENNEDY, A.E.; HICKS BEACH, Sir M.;","Port Moresby, New Guinea; Fiji; Thursday Island; ",,,Despatch from Governor to Secretary of State for Colonies (Hicks Beach) ,1878/36,p.111,17 June 1878,,GOV/27; PRV8226/1/6,
ITM17675,"KENNEDY, A.E.; HICKS BEACH, Sir M.;",Raine Island; ,,,Despatch from Governor to Secretary of State for Colonies (Sir Hicks Beach) ,1879/101,p.50,21 November 1879,,GOV/27; PRV8226/1/6,
ITM17689,,,,,Despatch from Secretary of State for the Colonies to the Governor (received 28 March 1875) ,1875/192,p.1-2,13 January 1875,,GOV/11A; PRV8231/1/1  ,
ITM17689,,,,,Despatch from Secretary of State for the Colonies to the Governor,1875/224,p.6,06 July 1875,,GOV/11A; PRV8231/1/1,
ITM17689,,,,,Despatch from Secretary of State for the Colonies to the Governor,1876/278,p.7-8,04 January 1876,,GOV/11A; PRV8231/1/1,
ITM17689,"CAIRNS, Governor; WHEELER; CARNARVON, Earl of",Queensland,,,Despatch from Secretary of State for the Colonies to the Governor,1876/292,p.9-10,05 July 1876,,GOV/11A; PRV8231/1/1,
ITM17700,"MORILL, James; WALTERS, G. S. ",Brisbane,,,Despatch from London to Governor Bowen ,1863/23,All,10 July 1863,,,
ITM17704,"BOWEN, G; CAMERON.",Somerset; Downing Street.,,,Despatch from Secy of State for Colonies to Governor Bowen ,1867/12,p.63-64,1 March 1867,,"GOV/ 8, ",https://www.archivessearch.qld.gov.au/items/ITM17704
ITM17704,,,,,,Duplicate circular 1867,p.26-37,26 January 1867,,GOV/8,https://www.archivessearch.qld.gov.au/items/ITM17704
ITM18909,"Kitty (Aboriginal woman); BOLAND, Hugh. FRENDEN, Rudolph; TRAVIS; ",Maryborough,,,Trial at Maryborough of Kitty ,,All,10 February 1866,9 February 1866,,
ITM18909,"WILLIAMSON, John; MASTERS; NEEL, R.; KELLY, Thomas; CAVE, William; ",Port Mackay; Peak Downs; Clermont; ,,,Trial at Clermont of carrier John Williamson ,,All,15 November 1864,,,
ITM18909,"CLOHESY, Thomas; DEVINE, George; MACPHERSON, James; Jim (Aboriginal man); GILBERT; LAUCHLAN; WALSH; PULLEN; BLYTH; PHESSON",Gayndah; Jimbour; Dalby; Maryborough; Melbourne,,,"Warrant issued by the PM at Gayndah (Bligh), for arrest by Sub Inspector Thomas Clohesy of ‘Jim, late of Jimbour’ ",,All,4 April 1864,23 March 1864,,
ITM19606,,Queensland,,,Letter from James Henley at Norman Town to Attorney General ,,All,21 July 1869,,,
ITM19607,"ROBERT, Samuel",Spring Rock,,,Letter from Police Magistrate at Clermont to the Colonial Secretary ,1870/424,p.75-76,15 November 1870,,JUS/A11; PRV9149/1/4,
ITM19608,"CORBETT, John; BIRCH; TOTTINGHAM; ",Western Creek,,,Letter from Police Magistrate at Gilberton to Attorney General ,1871/329,p.179-181,22 June 1871,,JUS/A12; PRV9149/1/5,
ITM19608," CAMPBELL (Aboriginal); LEE, Archibald",Maryborough; Nanango,,,Letter from the Clerk of Petty Sessions at Nanango to Justice Dept ,1871/419,p.9,11 October 1871,,JUS/A12; PRV9149/1/5,
ITM19610,"CHOW CHOW (Aboriginal); DUTTON, A.R.",Tambo,,,"Letter from A.R. Dutton, JP, at Tambo to the Attorney General ",1873/84,p.149,14 February 1873,28 October 1872,JUS/A14; PRV9149/1/7,
ITM19610,,,,,"Telegram from Police Magistrate at Tambo, at Springsure, to the Attorney General",1873/84,p.150,25 March 1873,,JUS/A14; PRV9149/1/7,
ITM19610,,,,,"Letter from A.R. Dutton, JP, at Tambo to the Attorney General ",1873/96,p.88,21 February 1873,,JUS/A14; PRV9149/1/7,
ITM19611,"BOYLE, William",Townsville,,,Death (unknown causes) of William Boyle at the Palmer River ,1874/155,p.193,05 March 1874,,JUS/A15; PRV9149/1/8,
ITM19611,BIRCH,Palmerstone,,,Letter from H St George at Palmerstown to Attorney General ,1874/244,p.173,02 March 1874,,JUS/A15; PRV9149/1/8,
ITM19611,"JOHNSON, Jack; JOHNSON, Hubert; HALGETTE, Carlo",Townsville,,,"Letter from H St George at Palmerstown to Attorney General, forwarding depositions taken at inquest into death of Carlo Halgette; also, for German Jack and Hubert Johnson ",1874/245,p.174,16 February 1874,,JUS/A15; PRV9149/1/8,
ITM19611,"POWELL, Walter",Bowen; Queensland; Port Denison; New South Wales,,,Letter from Walter Powell to Attorney General ,1874/349,p.399,08 June 1874,,JUS/A15; PRV9149/1/8,
ITM19611,"HOMISK, B.; HAMILTON; HILL, Kate; SEEKER, Josephy; KELLY, Charles",Normanby Range; Cooktown,,,Letter from Dr Edwin Doudney to Attorney General ,1874/397,p.461-466,4 May 1874,,JUS/A15; PRV9149/1/8,
ITM19611,,Palmerville; Townsville,,,Inquest held at Palmerville ,1874/465,p.522,27 June 1874,,JUS/A15; PRV9149/1/8,
ITM19611,,Palmerstown; Townsville,,,Inquest held at Palmerstown ,1874/49,p.51,29 December 1873,29 December 1873,JUS/A15; PRV9149/1/8,
ITM19611,"MANOM, A; JACK, G.",Palmerstown ,,,Letter from H St George at Palmerstown to Attorney General ,1874/82,p.75,28 January 1874,,JUS/A15; PRV9149/1/8,
ITM19611,,Palmerstown; Townsville; Palmer Gold Fields,,,Letter from Howard St George to Attorney General ,1874/83,p.76,20 January 1874,,JUS/A15; PRV9149/1/8,
ITM19611,,Cooktown,,,"Letter from Police Magistrate at Cooktown to Attorney General, forwarding ‘depositions taken by him at an inquest into the deaths of three persons speared by Blacks’; probably the Straher family? ",1874/832,p.751,24 October 1874,,JUS/A15; PRV9149/1/8,
ITM19611,KING,Cooktown; Endeavour River; Palmer Gold Fields; Palmer River,,,Letter from EJ Dumaresq to Attorney General ,1874/88,p.90,10 February 1874,,JUS/A15; PRV9149/1/8,
ITM19612,"YARRAMAN, Jimmy (Aboriginal man); BARCOO, Charley (Aboriginal man); BARCOO, Billy (Aboriginal man); MILES, Samuel; ",Mount Perry; Tenningering,,,Letter from the Police Magistrate at Tenningering to the Attorney General re inquest into death of Jimmy Yarraman (Aboriginal) ,1875/1043,p.91,29 November 1875,,JUS/A16; PRV9149/1/9,
ITM19612,TOGATTEN,Cooktown,,,Letter from the Police Office Cooktown to the Attorney General ,1875/168,p.199,17 February 1875,,JUS/A16; PRV9149/1/9,
ITM19612,"NORMAN, Edward (Aboriginal man); LOWRY, James",Tambo; Charleville,,,Letter from Police Magistrate at Tambo to the Attorney General ,1875/260,p.40,17 March 1875,13 March 1875,JUS/A16; PRV9149/1/9,
ITM19612,"PALMER, R. S.; WALKER, A.",Bundaberg,,,Letter from Sub Inspector Macneill to Superintendent Browne at Bowen ,1875/445,p.172-173,25 March 1875,,JUS/A16; PRV9149/1/9,
ITM19612,"MILLER, Adam; PILL, A.",Maryborough,,,Letter from Police Magistrate at Maryborough to Crown Law Office ,1875/746,p.204-205,07 August 1875,,JUS/A16; PRV9149/1/9,
ITM19612,BLAKE; BALDWIN,Bundaberg,,,Letter from Police Magistrate at Gympie to Crown Law Office ,1875/804,p.93,30 August 1875,,JUS/A16; PRV9149/1/9,
ITM19612,BUCKLEY ,,,,Letter from the Clerk of Petty Sessions at Maryborough to Crown Law Office ,believe it to be 1875/982,p.40-48,20  November 1875,,JUS/A16; PRV9149/1/9,
ITM19613,,Cooktown; Palmer Gold Fields,,,Letter from unknown to Crown Law Office ,1876/1990,p.194,01 November 1876,,JUS/A17; PRV9149/1/10,
ITM19613,"JOHNSTONE, Robert; Monday (Aboriginal boy); Norman (Aboriginal boy); Louis (Aboriginal boy)); CASSIDY; PUDDOCK ",Aooca Plantation; Lower Herbert,,Contains details of the Murder of Aboriginal boy,"Letter from TB Miller at Avoca plantation to Charles Stuart Consdell at Bowen; see also QSA item 846956, 1876/2370 COL/A226; SRS5253/1/227 ",1876/2163,p.134-135,12 June 1876,,JUS/A17; PRV9149/1/10,
ITM19613,Monday (Aboriginal boy),Lower Herbert,,,Inquest held at Lower Herbert into the death of Monday ,1876/2743,p.136,13 October 1876,,JUS/A17; PRV9149/1/10,
ITM19613,Norman (Aboriginal man); Monday (Aboriginal boy); CASSIDY,Lower Herbert; Herbert River,,Contains details of the Murder of Aboriginal boy,Inquest held at Lower Herbert into the death of Monday ,1876/2743,p.137-185,16 October 1876,,JUS/A17; PRV9149/1/10,
ITM19613,"MIKAN, B.; CARLSEN",Cardwell; Herbert River,,,Letter from Police Magistrate at Cardwell to Colonial Secretary; prev 2370 ,1876/2743,p.129-132,20 October 1876,,JUS/A17; PRV9149/1/10,
ITM19613,"MALEW, John; MAE LETRIDGE, William",Western River,,,"Letter from Edward Edkins? JP, at Mt Cornish, to the Attorney General ",1876/376,p.42,08 May 1876,21 March 1876,JUS/A17; PRV9149/1/10,
ITM19613,"PATTISON, William; STEVENSON, John",Rockhampton,,,Letter from Police at Rockhampton to Attorney General ,1876/48,p.13,15 May 1876,,JUS/A17; PRV9149/1/10,
ITM19613,BROOKE,Thargomindah; Dynein Downs Station,,,Letter from Sub Inspector Dunne at Bulloo River Native Mounted Police Barracks to the Attorney General ,1876/70,p.38,24 February 1876,,JUS/A17; PRV9149/1/10,
ITM19613,"WHEELER, Frederich",Rockhampton,,,"Letter from William Pattison at Rockhampton to John Keane, Crown Law Office ",1876/800,p.2,06 November 1876,,JUS/A17; PRV9149/1/10,
ITM19614,"MACQUARIE, Hugh; MACQUARIE, Daniel",Palmer,,,"Letter from Alpin Cameron, JP, at Cooktown to Attorney General ",1877/167,All,26 February 1877,,JUS/A18; PRV9149/1/11,
ITM19619,,,,,,,p.4,21 July 1879,,JUS/A23; PRV9149/1/16,
ITM19645,KENNEDY; ROWLAND; HERBERT; CHILLINOR; Henry; ,"Sandy Creek; Laidley Plains; Fassifern;, Ipswich",,,Letter from Henry Challinor at Ipswich to Attorney General,,p.1-4,2 April 1861,,JUS/A2 ,
ITM19645,,,,,Letter from Inspector Edward Quinn at Ipswich to Attorney General regarding a transfer ,1860/170,p.1-3,25 October 1860,,JUS/A2 ,
ITM19645,,,,,Letter from the Police Magistrate at Rockhampton (Jardine) to Attorney General ,1861/88,p.1-4,12 August 1861,,JUS/A2 ,
ITM19646,,,,,Letter from Poole to the Attorney General ,300/1862,p.1-3 ,7 December 1862,,JUS/A3,
ITM19647,QUEEN; RICHARDSON; BLIGH; BOYLE,Rockhampton,,,Letter from Henry Boyle at Rockhampton to Attorney General ,,p.2-4,13 November 1863,,,
ITM19647,BLIGH; RICHARDSON:  WILLIAMS,Bowen River; McKenzie River; Peak Downs,,,Letter from Commandant Bligh to Second Lieutenant Richardson ,,05-Jun,17 June 1863,,,
ITM19647,"WALKER, Frederick; JOHNSON, Ralph; THOMPSON; MILLER, Richard; WILLIAMS;SEROELE; STEWART LEE; PIERCE, George; WILLS; JARDINE, John ",Roxborough Station;  Dawson River Station; Rockhampton,,,Letter from Police Magistrate at Rockhampton (John Jardine) to Attorney General ,1863/1/4,All,14 December 1862,20 November 1862,,
ITM19647,"WALKKER, Frederick; JOHNSON",Rockhampton,,,Letter from Frederick Walker to John Jardine ,1863/1/4,All,9 December 1862,,,
ITM19650,"BLACKENY, C. W.; ROBINSON, Arthur; RAMSAY, Abraham",Dalby; Brisbane; Roma,,,Letter from unknown (probably Freudenthal) to Attorney General ,1866/24,All,22 March 1866,,,
ITM2720215,"Alma (Aboriginal man); BRIGGS, Tommy; JARDINE, John; ELPHINSTONE, George, O'CONNELL BLIGH, John; CANNING, John H.",Rockhampton,,,"Inquest held at Rockhampton by Magistrates John Jardine, George Dalrymple and John Bligh into death of Trooper Alma ",1861/14,All,11 January 1861,,,
ITM212257,"MEALY, James; BLOODSWORTH, George; WARD, John; CHRISTIAN, James; MAY; DUNN",New South Wales; Rockhampton; Merry River,,,Inquest held at Rockhampton into the death of George Bloodsworth ,,p.38-45,02 May 1870,,A/35] A/35; RSI16/1/1,
ITM212257,"ANDREWS, William; MYLREA; WILLS, Spencer; SEASMITH, Tommy (South Sea Islander); MACKAY; LOVE, Paul;  WILLIS, C. S.; BARNEY, Jimmy; SALMOND, D. ",Yaamba,,,Inquest held at Yaamba into the death of William Andrews ,,p.87-93,13 February 1872,,A/35; RSI16/1/1,
ITM212257,"TOWNBY, William; FREDERICK, George; BARRY, John. E.; WALSH, J.",Rockhampton,,,Inquest held at Rockhampton into the death of George Fenwick ,,p.13-15,31 December 1873,,A/35; RSI16/1/1,
ITM212257,,,,,Letter from Police Magistrate at Rockhampton to the Attorney General ,1873/152,p.19-20,22 March 1873,,"QSA item 212257, A/35; RSI16/1/1 
",
ITM212288,"EGAN, Stephen; SANDY (Aboriginal); HOLMES, Richard, Senior Constable; YELLOW BILLY; DAVEY",Rockhampton; Dingo; Gladstone; Gogango Creek,,,,,p.84-85,05 August 1878,,A/49; RSI23/1/9,
ITM22038,"WAGNER, J.G.; GEGORY. A., Surveyor-General; FRANZ, Theodore; GERBER, C.F.; GERICKE, I.W.; HOUSMANN, John; RODE, A.; WAGNER, Johann G.; TILLMAN, I.L.; HARTENSTEIN, W.; NIGUENT, I.P.;",German Station; Brisbane; Kedron Brook; ,,,Letter from Surveyor General to Secretary for Lands and Public Works ,"1862/1077
1862/773",All,28 August 1862,,,
ITM22038,MAHER; HERBERT; BLIGH; UHR,"Woodlands, Rockhampton, Wide Bay, Brisbane",,,Letter from Edmund Uhr at Woodlands to the Colonial Secretary ,1862/877,All,11 September 1862,,,
ITM22039,GREGSON,Spring Creek; Nogoa; Rockhampton,,,Letter from Lieutenant Cave to Commandant ,1862/1414,p.5-6,1 December 1862,,,
ITM22039,CAVE,,,,Letter from Commandant Bligh to Colonial Secretary ,1862/1414,p.2-3,15 December 1862,,,
ITM22039,,,,,Letter from John Murray at Rosedale via Maryborough to the Minister for Lands and Works ,1862/961,p.2-3,25 September 1862,,,
ITM22040,"SAMMINE, George; FALDERY; MacALISTER; PALMER, W. H.; CLOUD",South Brisbane,,,Letter from Mr Palmer at South Brisbane to Arthur Macalister ,1863/310,All,22 January 1863,,,
ITM22040,"LALINDERS, George",Albert River; Logan River,,,Tender of £300 from George Lalinder for the erection of a Native Police barracks at the junction of the Albert and Logan rivers ,1863/342,All,16 February 1863,,,
ITM22058,"MURRAY, John; UHR",Botanic Garden Brisbane; Meunga Creek; Rockingham; Cardwell; Mackay River; Rockingham Bay,,,Letter from Walter Hill to the Colonial Secretary ,1865/1376,All,28 June 1865,,,
ITM22058,,,,,"Letter from F.J. Byerley, Engineer of Roads, to the Minister for Lands and Works",1865/1443,p.2,03 July 1865,,,
ITM22493,,,,,Letter from Crown Lands Commissioner at Maryborough to Under Secretary for Lands ,1873/4889,p.120,27 June 1873,,LAN/A42; PRV9723/1/42,
ITM22506,"HAWKINS; DOWLING, James; JOHNSTONE, Robert, S.I.; ",Herbert River,,,Telegram from Robert Johnstone at Herbert River to Commissioner of Police,1877/1717,p.462-463,02 June 1877,,LAN/A55; PRV9723/1/55,
ITM22506,"Johnston, Robert, S.I.; BILLAM, Constable; ",Herbert River,,,Telegram from Robert Johnstone at Herbert River to the Commissioner of Police ,1877/1762,p.461,30 April 1877,,LAN/A55; PRV9723/1/55,
ITM22506,"MORGAN, Thomas Ernest","Trinity Inlet; Smithfield; Barron River; Logan, Albert and Maryborough Districts.",,,Letter from Crown Lands Ranger Thomas Ernest Morgan at Cairns to Lands Dept ,1877/4871,p.163,04 May 1877,,LAN/A55; PRV9723/1/55,
ITM22506,"LYONS, ?Maurice; ",Bribies Island; Moreton Bay;,,,Letter from?? Lyons to Lands Dept; included 1877/5475 and 1877/4890 ,1877/4887,p.23,09 May 1877,,LAN/A55; PRV9723/1/55,
ITM22506,,,,,Telegram from BG Sheridan at Herbert River to the Secretary for Public Lands; included 1874/7941 ,1877/4892,p.468-470,25 April 1877,,LAN/A55; PRV9723/1/55,
ITM22506,"SHERIDAN, Brinsley G., Land Commissioner; HULL;",Cardwell; Herbert River;,,,Telegram from Brinsley G Sheridan at Cardwell to Lands Dept ,1877/5223,p.449,22 May 1877,,LAN/A55; PRV9723/1/55,
ITM22506,"SHERIDAN, Brinsley G., Land Commissioner;",Herbert River,,,Telegram from Land Commissioner at Cardwell to Lands Dept ,1877/5224,p.448,21 May 1877,,LAN/A55; PRV9723/1/55,
ITM22506,,Waterview; Waterview Creek; Juandah Creek; ,,,Letter from Postmaster General to Lands Dept ,1877/5580,p.63,31 May 1877,,LAN/A55; PRV9723/1/55,
ITM22506,,,,,Telegram from James Power at Cooktown to Under Secretary Public Lands Dept ,1877/5608,p.60,01 June 1877,,LAN/A55; PRV9723/1/55,
ITM22506,"POWERS, James, Land Agent",Cairns,,,Letter from D Bowers to Lands Dept ,1877/5981,p.134,01 June 1877,,LAN/A55; PRV9723/1/55,
ITM22506,"MORGAN, Thomas E.",Mossman; Daintree; Cooktown;,Mossman Aboriginals,,Letter from Land Ranger Thomas Morgan at Cairns to Lands Dept ,1877/5998,p.161-162,01 June 1877,,LAN/A55; PRV9723/1/55,
ITM22506,"MOREY, Edmund S.;",Cairns; Island Point;,,,Telegram from Land Commissioner Morey at Cairns to Lands Dept ,1877/6154 or 6444,p.296,22 June 1877,,LAN/A55; PRV9723/1/55,
ITM22506,"HODGKINSON; MOWBRAY; MOREY, Edmund;",Townsville; Thornboro,,,Telegram from Lands Commissioner Morey at Townsville to Lands Dept ,1877/6154,p.297,15 June 1877,,LAN/A55; PRV9723/1/55,
ITM22506,,,,,Letter from the Land Commissioner at Cairns to the Under Secretary for Public Lands; included 1877/6175 ,1877/6174,p.214-215,09 June 1877,,LAN/A55; PRV9723/1/55,
ITM22506,,,,,Telegram to BG Sheridan at Cardwell to Lands Dept ,1877/6653,p.447,27 June 1877,,LAN/A55; PRV9723/1/55,
ITM22506,,,,,Letter from William Hawkins at Townsville to the Minister for Lands; see also 1877/5132 ,1877/6722,p.465-467,08 May 1877,,LAN/A55; PRV9723/1/55,
ITM22506,,,,,Telegram from BG Sheridan at Herbert River to the Commissioner of Police ,1877/6722,p.460,25 April 1877,,LAN/A55; PRV9723/1/55,
ITM22508,,Conway Runs; Bowen District; Rosetta Creek; Whitestone Creek,,,Letter from the Commissioner of Police to Lands Dept ,1877/9137,All,29 August 1877,,LAN/A57; PRV9723/1/57,
ITM22508,"TULLY, W. Aleck",Brisbane; Pomona; South Herbert; Waterview cattle run; Hinhinbrook,,,Letter from Hubert E Garraway to Lands Dept ,1877/9282G,All,23 August 1877,,LAN/A57; PRV9723/1/57,
ITM22508,"BARRON, V.W; LANDSBOROUGH, W",Brisbane,,,Letter from V.W. Barron Commissioner of Police to W. Landsborough Home Secretary and Aboriginal Commissioner,1877/9611,p.1-2,06 September 1877,06/09/2023,LAN/A57; PRV9723/1/57,
ITM22510,"WATSON, GEORGE, Comm Crown Lands; ",Coopers Creek; Thargomindah; Tarquah Waterhole; ,,,Letter from Crown Lands Commissioner George Watson at Charleville to Lands Dept ,1878/2150,All,22 January 1878,,LAN/A59; PRV9723/1/59,
ITM22511,"WALSH, John; WARNER; ",Port Douglas; Cooktown; ,,,Letter from John Walsh to Minister for Lands ,1878/2278,All,23 February 1878,,LAN/A60; PRV9723/1/60,
ITM23145,"DAVIDSON, J.S.; BEARDMORE, F.J.N.; O'CONNELL; ",Cardwell; Murray River,,,Letter from FJW Beardmore at Brisbane to Minister for Lands ,1873/5378B,p.57-60,22 July 1873,,LAN/216; PRV9734/1/42,
ITM23145,"BEARDMORE, F.J.N.; HAMILTON, Thomas; ",Endeavour River,,,Letter from FJW Beardmore at Cooktown to Minister for Lands ,1874/2443,p.35,07 June 1874,,LAN/216; PRV9734/1/42,
ITM2705031,"DICKEN, Charles Shorrt; GREPON, Francis J; Her Majesty Queen Victoria",Colony of Queensland; United Kingdom of Great Britain,,,Appointment of Charles Shortt Dicken as JP at Springsure ,,p.126,14 August 1872,14 August 1872,A/4835; SRS5739/1/4; 882128,
ITM2720133,"BEATIE, James; HYINTATHORNE, A; ORR; CAMPBELL, John P.; Dickey (Aboriginal man)",Rockhampton; Sutter River,,,Inquest held by the Crown Lands Commissioner John Jardine at Rockhampton into death of James Orr ,1860/5,All,7 January 1860,,,
ITM2720265,"IRVING, Henry; MILLER, Nicholas; JARDINE, John; SAVAGE, Patrick; EWEN, Thomas; BYERLY; LOWE",Port Denison; Shaw's Island; Rockhampton,Shaw Island,,Inquest held at Port Denison by Dalrymple into deaths of Henry Irving and Nicholas Miller ,1861/65,All,23 September 1861,,,
ITM2720273,"PHIBBES, Charles Hamilton; HAY, S. L.; RANKSON, George",Rockhampton; Cresent Lagoon; Goral Goral Lagoon ,,,Inquest held at Rockhampton into drowning of Lieutenant Charles Hamilton Phibbs ,1861/73,All,23 September 1861,,,
ITM2720348,"MUSTER, Willaim Hart; SOMERVILLE; BLACKWELL; ROBERTS","Rockhampton; ""M'Kay"" Creek; Waverly; Collaroy station; Cape Palmerston",,,"Inquest held at Rockhampton by John Hardine, PM, into death of Mr Roberts, believed to have been killed by blacks at ‘McKay Creek about 12 miles north of Cape Palmerston’ ",1862/149,All,14 June 1862,,,
ITM2720370,"CAMERON, Daniel; SYKES, Henry; MILLER, Richard; HUTTON, W. M.; MARTIN, John",Ourbrook Downs Station,,,Letter from WM Hutton and James Miller at Purbrook Downs to Daniel Cameron ,1862/171,All,6 September 1862,,,
ITM2720425,"PRALERT, Thomas; CAMERON; MacDONALD",Rockhampton; Yamba; Princhester Station,,,Inquest held at Yaamba by Rockhampton Police Magistrate PF MacDonald into death of Mr Cameron at Princhester ,1863/16,All,13 February 1863,,,
ITM2720525,"CUFF, George; Nory (Aboriginal person); Billy (Aboriginal person); FRASER, William; BAIRE, John; BALL, Joriah; BOULTON, Martin; MEYER, Powin; BAXTER, J. K.; YOUNG, James; FAS, Frederick; HUNT, Joseph S.; GREER, John J.; SHERIDON, Patrick; BIDETT, Gilbert; LACHSE, Otto; McKEON, Margareth; FALLAN, Anna; REED, John; HILL, George; Jimmy (Aboriginal man); BEER, William; HOWARD, John; STRAY; McDONALD, John M.; COLLINS, Thomas; ",Toowoomba; Dragton district; Brisbane,,,Inquest held at Toowoomba into death of George Cu? ,1863/116,All,2 October 1863,,,
ITM2720919,"McCARTHY, Joseph; GIBSON, George Guswick; ROTHEY, Montague; ROSE, George",Pearl Creek Station,,,Inquest held at Rockhampton into death of shepherd Joseph McCarthy at Pearl Creek station ,1865/182,All,31 March 1865,,,
ITM2721385,"NOLL, William; BURNS, George Thomas; COGHILL, Donald John; McKERRAI, John Grant; Jacko (Aboriginal man)",Springsure; Retreat Station; Goodawindi,,,Inquest held by M Je?rey at Retreat Station near Springsure into death of shepherd William Noll ,1867/213,All,28 November 1867,19 November 1867,,
ITM2721391,"Nora (Aboriginal woman); WARE, Richard R.; JOHN, James Micke; BARTHOLEMEW, James; FITZPATRICK, John",Maryborough,,,Inquest held at Maryborough by Maryborough Police Magistrate AC Kemball into death of Nora ,1867/219,All,10 December 1867,,,
ITM2721405,"FANNING,  John; James Fanning; Jacko (Aboriginal man) ",Isis Downs Station; Mitchell,,,Inquest held by C Lumley Hill at Isis Downs into the death of grazier John Fanning ,1867/233,All,25 October 1867,,,
ITM2721524,"WHITEMAN, Robert; GRANT, John; GRANT, Alexander; PATERSON, Robert L. ","Dartmoore; Bowen; ""Brother River"" ",,,Inquest held at Dartmoor station near Bowen into death of shepherd Robert Whiteman ,1868/119,All,6 April 1868,1 April 1868,,
ITM2721562,"LAWIE; SMITH, Robert; RICHARDS, William; Kill Kill",Dhathhogie; Bowen,,,"Inquest held at Strathbogie station near Bowen into deaths of two SSI men, “Lawie” and “Kill Kill” ",1868/156 & 1868/157,All,14 July 1868,,,
ITM2721580,"MURRAY, F. J.; Lahalowe",Bowen; Blackjack Mountain,,,Inquest held at Conway near Bowen into death of SSI man “Lahalowe”,1868/173,All,27 July 1868,5 July 1868,,
ITM2721593,"Eliza (Aboriginal woman); BRIDGEMAN, Paul G.; Wellington (Aboriginal man); Mowbey (Aboriginal man); Jimmy (Aboriginla man); CHANNEL; Tommy (Aboriginal man); BARRON; DAWSON; Billy (Aboriginal man)",Fort Cooper,,,Inquest held at Fort Cooper by GF Bridgeman and AB Chauvel into death of Eliza ,1868/186,All,19 August 1868,,,
ITM2721726,"YARRAWANG, Billy (Aboriginal man); COLGINHORN, Cecil; HEDGES, Charles; O'KELLY, Peter; BROWN, Henry Hort; ROGERS, William Cooke",Maryborough,,,Inquest held at Maryborough by Police Magistrate George Faircloth into death of Billy Yarrawang ,1869/70A,All,14 September 1869,,,
ITM2721734,"WHEELER, Edward; Blucher (Aboriginal man); Billy Billy (Aboriginal man); Sambo (Aboriginal man)",Nebo; Wandoo Station,,,Inquest held at Wandoo station near Nebo into death of digger John Maher ,1869/78,All,21 September 1869,,,
ITM2721748,"MURRAY, George P. M.; DICKEN, C. S.; LOPDELL, Christopher; LOPDELL, Henry; GALLWAY; BAILEY, Samuel",Springsure; Norwood Creek,,,Inquest held at Burketown into death of bushman James Wilson (alias ‘Cranky Jimmy’) ,1869/92,All,9 July 1869,,,
ITM2721826,"GALE, Richard James; MARTIN, Patrick; BATSMAN, George; BRANNDLY, Patrick; GUNNSTRONG, Maxwell; BRIDGEFORT, George",Rockhampton; Clermont; Cairns; Mistake Creek; Springs Rush ,,,Inquest held at Clermont into death of an unknown digger ,1869/A28,All,7 December 1868,,,
ITM2721885,"WILLIAMSON, William; Barney (Aboriginal boy); Toby (Aboriginal boy); AHERN, John; NORTH, J. N.; BUCTHALL, N. N.; NORTH, John William French.; BANFIELD, H.; HARDY, H.; LISMMONT, N. A.; RUSSELL; WILKINSON; SUMMONS",Mitchell; Tambo; Highbello Creek,,,Death of William Williamson at Listowel station near Tambo ,1869/A80,All,0 February 1869,,,
ITM2721917,"Lucy (Aboriginal woman); Sammy (Aboriginal man); BURKE,  Stephen John; GOODWIN, Charles; STEVENSON, Joseph; BLIGH, John O'Connel",Gympie,,,Inquest into death of Lucy ,1870/23,p.240-250,16 February 1870,,"JUS/N24; SRS36/5/25; 
348624",
ITM2722082,"ROBERT, Samuel;  GILES, John Stokes; Billy (Aboriginal man); SCHNUCKER, Charles; COPPERFIELD; SUALE, Andrew; ALLEN, Robert; TAYLOR, William Frederick",Clermont; Noosender; Springs Rush,,,Inquest held at Springs Rush near Clermont into the death of Samuel Probert ,1870/189,All,08 November 1870,4 November 1870,"JUS/N27; SRS36/5/27; 
348626",
ITM2722100,"THOMPSON, Robert; SANDY, P.; BALFEY, J.; OWEN, J.; LUKE, R.; HACKET; LAUNDERS; KELLER, Thomas",Ravenswood; Houghton; Ravenswood Gold Field,,,Inquest held at Houghton near Ravenswood into death of Robert Thompson ,1870/208,All,21 November 1870,,"JUS/N27; SRS36/5/27; 
348626",
ITM2722103,"Peter (Aboriginal man); REDERICK, Michael George; SHELBY, Thomas; NORTH, Eliza; SCHEFIELD, J. N.; MEIKLEBOROUGH, John; BURKE, Thomas; SAYER, D. Salmond; SEALY, Frances",Rockhampton; Emu Park,,,Inquest held at Rockhampton into the death of Peter (Aboriginal) ,1870/211,All,06 January 1871,,"JUS/N27; SRS36/5/27; 
348626",
ITM2722153,"FOO, Ah; RANKEN, John Thomas Campbell; PEERSE, James",Bowen Downs; Landsborough River,,,Inquest held at Bowen Downs into death of Ah Foo ,1871/49,p.497-499,17 February 1871,,"JUS/N28; SRS36/5/28;
348627",
ITM2722207,"RUSSELL, Luke; BURROWS, Nicholas; CAROLAN, Daniel; MORISSET, R.R.; EDKINS, E.R.",Burke District; Burketown; Landsborough River; Cloncurry,,,Inquest held at Leichhardt station near Burketown into the death of Nicholas Burrows ,1871/104,p.25-31,17 April 1871,19 March 1871,"JUS/N30; SRS36/5/30; 
348629",
ITM2722332,"BRADLEY, Charles George; CESSFORD, George; SUHR, Claus;  NEILLSON; BURY; BONEY (Aboriginal); ?SUNDRY, John P., J.P.;",Mount Dryander; Bowen; Myrtle Brook; Gergory River; Crystal Brook; Rocky Creek; ,,,Inquest held at Bowen into the death of George Cessford ,1872/19,p.1-9,16 January 1872,17 December 1871,"JUS/N32; SRS36/5/32;
348631",
ITM2722345,"ANDREWS, William; PETER (Aboriginal); FOWLER (Aboriginal); WILLIE (Aboriginal); BLIGH (Aboriginal); WILLS, Horace Spencer; MYLREA, John; MACKAY, Colin Campbell; WATSON, William Wentworth; SALMOND, David; TOWNLEY, Wm, P.M.; LEARMONTH, Tommy (South Sea Islander); MACKAY; MACDONALD, J.P.; LOVE, Paul, Seniior Constable; WILLS, Cedrick Spencer; PIHEAD (Aboriginal); BARNEY, jimmy (Aboriginal); SEALY, Francis; CUMMINS, Joe (Aboriginal); BUYEP, Johnny (Aboriginal)",Lake Learmouth; Fitzroy River; Cullinaringa; Springsure; Yaamba; Clermont; Rockhampton;,,,"Inquest held at Lake Learmonth near Rockhampton into the death of William Andrews; see also QSA item 846900, 1872/1484 COL/A170; SRS5253/1/171 ",1872/32,,14 February 1872,8 February 1872,"JUS/N32; SRS36/5/32; 
348631",
ITM2722425,"MCINTYRE, Donald; MCLEOD, Archibald; BILLY (Aboriginal); CHARLIE (Aboriginal); GIBSON; FERGUSON, Archibald; BROWN; MORRISSET, Aulaine L., P.M.; ",Burke; Dalgonally; Gillies River; Talana; Norman; ,,,Inquest held at Dalgonally station into the deaths of Archibald McLeod and an Aboriginal man named Ned ,1872/112,p.1-2,02 September 1871,20 July 1871,"JUS/N34; SRS36/5/34; 
348633",
ITM2722425,"MCINTYRE, Donald; MCLEOD, Archibald; BILLY (Aboriginal); CHARLIE (Aboriginal); FERGUSON, Archibald; BROWN; MORRISSET, Aulaine L., P.M.; NED (Aboriginal); SAXBY (Aboriginal); ",Dalgonally station,,,Inquest held at Dalgonally station near Normanton into the deaths of Archibald McLeod and Ned (Aboriginal) ; inquest held in September 1871 and April 1872 ,1872/112,p.3-6,20 April 1872,,"JUS/N34; SRS36/5/34; 
348633",
ITM2722426,"HUEY, Edward More Meredith; MURDOCK, Henry; VAGOR( South Sea Islander); MORRISSET, A.L., P.M.; LYNE, James; EDKINS, Edward Roland; THOMAS; FERNIE, Peter;  ",Burketown; Norman; Barkley Tablelands; ,,,"Inquest held at Norman River into the deaths of EMM Huey, Henry Murdock and a South Sea Islander named Vagor ",1872/113,p.1-9,29 February 1872,December 1871,"JUS/N34; SRS36/5/34; 
348633",
ITM2722535,"JOHNNY (Aboriginal); CHARTERS, W.S.E.M.; COLLOPY, Matthew; JERRY (Aboriginal); ROCHE, William Augustine",Charters Towers,,,Inquest held at Charters Towers into the death of Trooper Johnny ,1872/227,All,05 November 1872,,"JUS/N35; SRS36/5/35; 
348634",
ITM2722560,"FEELEY, Patrick; CARTEN, Joseph; NEEMEY; FORREST; SKINNER, Robert Alfred",Charleville; Yo Yo; Warrego; Warrego River,,,"Inquest held at Charleville into the death of Native Police Sergeant Joseph Carten (or Carton) stationed at Yo Yo barracks, Warrego ",1872/252,All,13 December 1872,,"JUS/N35; SRS36/5/35; 
348634",
ITM2722646,"MAXWELL, Henry; CHASE, Richard W.; COSTIGAN, Patrick; MORGAN, Mr; MACKAY, Hugh; MARTIN?, Henry; VERNON?, Henry; HERV?, Mr",Lake Elphinstone; Nebo; Fort Cooper; Scull (Skull) Creek; Leichhardt,,,Inquest held at Lake Elphinstone into the death of Henry Maxwell,1873/71,All,25 March 1873,,JUS/N36; SRS36/5/36; 348635,
ITM2722668,"ROSE, William; [unknown], William; KELLY, Daniel; HARRY (Aboriginal); DICKY (Aboriginal); BILLY (Aboriginal); GARLAND, Philip; SOMERSET, Fitz Roy",Townsville; Green Island; Palm Island; Magnetic Island; Oyster Quay Island; Cleveland Bay,,,"Inquest held at Townsville into the deaths of William Rose and William unknown, killed at Green Island ",1873/92,p.691-699,18 April 1873,12 April 1873,"JUS/N36; SRS36/5/36;
348635",
ITM2722831,"AH BOW (Chinese); SAM CHOY (Chinese); TY JOCK (Chinese); SAM WAH, George (Chinese); COLLOPY, Matthew; FOTHERINGHAM, Thomas; GILL, Francis; AH CHONG (Chinese)",Millchester; Charters Towers; Broughton River; Seventy Mile; Natal Downs,,,Inquest held at Millchester near Charters Towers into the deaths of Sam Choy and Ah Bow,1873/252 ,All,20 November 1873,,JUS/N38; SRS36/5/38,
ITM2722832,"AH BOW (Chinese); SAM CHOY (Chinese); TY JOCK (Chinese); SAM WAH, George (Chinese); DONALDSON, William; COLLOPY, Matthew; KORTEUM?, Helmuth; GILL, Francis; LONERGAN, Const.",Millchester; Charters Towers; Broughton River; Seventy Mile,,,Inquest held at Millchester near Charters Towers into the deaths of Sam Choy and Ah Bow,1873/253,All,22 November 1873,,JUS/N38; SRS36/5/38; ,
ITM2722834,"HYLES, Jacky (Aboriginal); GILL, Francis; ROSS, William Charles; JERRY (Aboriginal); JOHNNY (Aboriginal); FOTHERINGHAM, Thomas; BORTHURCY?, John; CHARLEY (Aboriginal)",Millchester; Charters Towers,,,Inquest held at Millchester into the death of Trooper Jacky Hyles,1873/255,All,20 November 1873,,JUS/N38; SRS36/5/38; 348637,
ITM2722959,"(UNKNOWN), Alfred; CLEMENT, George; EDWARDS, Charles; BLUNT, William; GEORGE, Howard ","Palmer River; ""Duighter"" Creek",,,Inquest held at Palmerstown into the deaths of Harry (alias Matthew Wright) and Alfred unknown ,1874/90,p.853-860,02 January 1874,15 January 1874,"JUS/N39; SRS36/5/39; 
348638",
ITM2722964,"SOWTER, James; APPLETON, Thomas; BORCK?, G.A.; ST GEORGE, Howard; BURKE, John; BROWN, Henry",Palmer River; Etheridge; Cape River,,,Inquest held at Palmer River into the death of James Sowter (or Souter),1874/95,All,"25 February 1874
26 February 1874",5 February 1874,JUS/N39; SRS36/5/39; 348638,
ITM2723010,"WARELL, Alfred; BLEAKS, James; WEE, Ah",Logan Downs Station,,,Inquest held at Clermont into the death of Chinese gardener Ah Wee ,1874/141,All,02 April 1874,31 March 1874,JUS/N40; SRS36/5/40,
ITM2723298,"SCANLAN, William; COWL, James H.; GALBRAITH , Hugh; LYON, Daneil; CASSIDY; ""Bob the Butcher""",Normanton; Liechhardt River; Adelaide; Floraville Old Station; ,,,Inquest held at Normanton into the death of William Scanlan ,1875/58,All,01 January 1875,,"JUS/N43; SRS36/5/43; 
348642",
ITM2723397,"BALSAN, Sinclair; PUSSER; CAMPELL, Robert Henry; GRAILE; BEMYSER, George; GEORGE; GEORGESON",Cooktown; Gayndah; Mitchell falls; Normanby,,,Death of Henry Schaef or Scharp at Cooktown ,1875/161,All,02 April 1875,29 March 1875,"JUS/N44; SRS36/5/44; 
348643",
ITM2723412,"MATERTON, W. M.; TOLL, Walter; TOLL, Levi Alfred; TOLL, Benjamin; MacKRILLl, H.; WAILI, A.; DODE, Frederick M.; WAIT, Archibald; LAGOONE, Grace; MACNEILE, John Charles William; MACKAY, Alexander",Georgica; Bowen; Bloomsberry; O'Connell River; Goorgange,,,Inquest held at O’Connell River into the death of Frederick Toll ,1875/176,All,13 April 1875,5 March 1875,"JUS/N44; SRS36/5/44; 
348643",
ITM2723445,"BRYANT, Johnny (Aboriginal man); DEMPSEY, Michael, LITTLE, J. H.; GREYAN, M.; SMITH, R. H.; FREDERICK, George; LONGERGAN, Mattew",Maryborough,,,Inquest held at Maryborough into the death of an unknown Aboriginal woman ,1875/211,All,18 April 1875,16 April 1875,"JUS/N45; SRS36/5/45; 
348644",
ITM2723464," BOYLE, James; MACDOD, D. S. DURY, Richard P.; LAMB, George; WALLACE; ROBINS, John",Sydney; Logan Downs station; Grossman Downs station,,,Inquest held at Logan Downs near Clermont into the death of an unknown Chinese man ,1875/231,All,01 June 1875,28 May 1875,"JUS/N45; SRS36/5/45; 
348644",
ITM2723492,"DYAS, George; TAYLOR, William Frederick",Clermont; Logan Downs station,,,Inquest held at Clermont into the death of an unknown Chinese man ,1875/259,All,16 June 1875,14 June 1875,"JUS/N45; SRS36/5/45; 
348644",
ITM2723551,"CRAIG, Robert; RINDANE, William; Nelly (Aboriginal woman); ROBINSON BURSON, John; RERVE, George; GILES, William; CRAIG, Emily; BLIGH, J. M ",Mt Coora; Kilkivan; Gympie,,,Inquest held at Mt Coora (or Mt Cooran) near Gympie into death of Nellie or Nelly (Aboriginal) ,1875/319,All,16 July 1875,11 July 1875,"JUS/N46; SRS36/5/46;
348645",
ITM2723623,"ST GEORGE, Harold; MANNING, James; CONNELL, Daniel",Cooktwon,,,Death of James Flannery near Hell’s Gates; inquest held at Cooktown ,1875/391,All,02 November 1875,2 November 1875,"JUS/N46; SRS36/5/46; 
348645",
ITM2723742,"THONG, Ao; GRING, H. J.HERAND, E. A.; BROADEY, H.; WATERS; DAY, M.",Cambridge Downs Station; Saxby River,,,Inquest held at Cambridge Downs into death of Chinese Ah Shong ,1876/58,All,17 January 1876,26 December 1875,JUS/N48; SRS36/5/48; 348647,
ITM2723802,"WALSH, John; LETTERIDGE, William; STEVENSON; MILLE, H.; BUCKNELL; HACKBEY; MacLetndy; JAMIE, J. G. ",Charlie's Creek; Pelican River; Western River; Kinowgle; Marathon district,,,Inquest held at Mount Cornish near Marathon into the death of William McFetteridge ,1876/120,All,08 May 1876,,JUS/N49; SRS36/5/49; 348648,
ITM2723805,"DONAGHY, J. K.; THILE, W. N. O.; VINING, J. L.; BURR, R. D.",Byerstown,,,Inquest held at Byerstown into the death of Thomas Donaghy ,1876/123,All,16 May 1876,9 May 1876,JUS/N49; SRS36/5/49; 348648,
ITM2724008,"Allick (Aboriginal man); KELLY, G.; GOOCH, T.; HOPE, William; PEEL, E. FANNING; ECKFORD, John; KELLY, Michael; KING, Sambo; SAMUEL, T.",New South Wales,,,Inquest held at St Lawrence into the death of Allick (Aboriginal) ,1876/332,All,22 December 1876,,JUS/N51; SRS36/5/51; 348650,
ITM2724080,"Jacky (Aboriginal man); KENNEDY; MacNEILL, Reginal; PAGE, James Andrew; WALSH, P. Eyre",Wando  Vale,,,Inquest held at Clarke River into the death of Trooper Jackey ,1877/65,All,05 March 1877,17 February 1877,JUS/N52; SRS36/5/52; 348651,
ITM2724112,"HILL, W.N.O.; MACLOUGHLIN, James; GREEN, Thomas; LYONS, John; DONALDSON, Fredrick, Senior Constable; O'NEIL, Constable; ",Byerstown; Doughboy Creek; ,,,"Inquest 97 of 1877, murder of Thomas Green;",1877/97,p.1-8,01 May 1877,,JUS/N52; SRS36/5/52,
ITM2724133,"DUNN, James; WALKER, James Billingsley; MOORE; GRAY; Pezo (Aboriginal man)",Cowan Downs Station,,,Inquest held at Normanton into the death of James Dunn ,1877/118,All,09 May 1877,,JUS/N53; SRS36/5/53; 348652,
ITM2724141,"CHIMNEY, Alfred",,,,"Letter from Police Magistrate at Normanton, to Attorney General ",1877/126,All,01 May 1877,,JUS/N53; SRS36/5/53; 348652,
ITM2724153,"BRINGES, John Henry; WALOH, John; FITZSIMMONS, Charles; PALM; KOSLIM, H.; SHIPMAN",Cooktown,,,Inquest held at Cooktown into the death of an unknown old Aboriginal man ,1877/138,All,05 July 1877,,JUS/N53; SRS36/5/53,
ITM2724341,"CAMERON, Alfinn G., J.P.; AH WOH; ASHEW, Samuel; AH KONG; AH CHING; AH BEE; FONSING, Louis;",Cooktown;,,,Inquest held at Cooktown into the death of Chinese Ah Who or Woh ,1878/11,p.1-10,11 January 1878,,JUS/N57; SRS36/5/57; 348656,
ITM2724812,"HILL, W.N.O., P.M.; MARMADUKE (Aboriginal); COMYN, George, Dr.; GRIFFIN, John, Sergeant; HUEY, Charles, Constable; BONEY (Aboriginal); JOHNNY (Aboriginal); CHARLIE (Aboriginal);",Ravenswood;,,,Inquest held at Ravenswood into death of Marmaduke ,1879/146,p.1-7,30 May 1879,,JUS/N63; SRS36/5/63; 348662,
ITM2724973,"KRIEGER, Charles; PICKERING, Jonathon, Constable; POWER, John Joseph; KEITH, William, J.P.;","Maryborough; ""Old Fellows Arms Hotel""; UNKNOWN (Aboriginal); ",,,Inquest held at Maryborough into the death of an unknown Aboriginal man ,1879/309,p.1-8,17 December 1879,14 December 1879,JUS/N67; SRS36/5/67,
ITM275226,"MULLAGAN, J. V.; WARREN, F. S; ABLESA, P.; MAILROAD, W.; KENNEDY, F.; BISBY, J.",Palmer River,,,"Claim for Hodgkinson River lodged by Mulligan, Warner, Ableson, Macleod, Kennedy and Crosby at the Byerstown Warden’s Office ",1876/429,p.1,09 March 1876,,A/8711; RSI1356/1/899,
ITM2801986,"HART, Graham Lloyd; LEWORTHY, William; ROBERTS, Daniel Toby",Queensland; Six Mile Bridge; Ipswich; Sydney,,,Death of former Native Police officer Alfred March Gorsed Patrick at Brisbane ,1870/620,All,15 June 1870,,SCT/P16; SRS4486/3/16; 741819,
ITM2802678,"FINCH, Henry Touch; FINCH, Everard John; FINCH, Elizabeth Emily; ",Gray's Station; Flinders; Townsville; Sydney; ,,,Ecclesiastical file for Henry Touch Finch,letter number 1301,p.1-20,3 July 1876,11 July 1876,SCT/P38; SRS4486/3/38,
ITM2803399,"DUNN, John McKay; WHITLOCK, Julia; DUNN, John, Reverend; DUNN, Ann Rachel; ","Fort Burke, NSW;",,,Ecclesiastical file for John McKay Dunn,letter number 2024,p.1-23,20 November 1877,20 November 1877,SCT/P58; SRS4486/3/58; 741861,
ITM282328,"JEMMY (Aboriginal); MICKEY (Aboriginal); TINEY (Aboriginal); LANACH, S.A.",Rockhampton,,,,"1865/131, 132 & 133",p.11,2 August 1865,,,
ITM282328,"NICHOL, Frank (Aboriginal); CALLAHAN, William, J.P.; ",Rockhampton,,,,1866/222,p.15,2 April 1866,,,
ITM282328,"JAMES (Aboriginal); JAMES, His Honour Judge; ",Rockhampton,,,,1866/295,p.18,11 December 1866,,,
ITM282328,"NICHOL, Frank (Aboriginal); WISEMAN, W.H., P.M.; ",Rockhampton,,,,1867/318,p.19,24 January 1867,,,
ITM282328,"NICOLL, Frank; WISEMAN, W.H., P.M.",Rockhampton,,,,1865/156,p.12,23 November 1865,,,
ITM313325,,,,,"Log of police boat ""Vigilant""",,"p.1, 2, 14, 16, 18","13-18 November 1882
22-24 December 1882
1-2 January 1883
6-10 January 1883",,A/71348,
ITM320214,SEYMOUR.,Cloncurry; Saxby River.,,,Letter from unknown at Cloncurry to the Commissioner of Police ,,p.110-111,25 January 1870,,A/64597; RSI13214/4/1878,
ITM320214,,,,,Appointment of James Lamond as Second Class Sub Inspector ,,p.45-46,05/02/1965,,A/64597; RSI13214/4/1878,
ITM3483,"""DOGSKIN"" (Aboriginal man); GREGSON, John",Leichhardt District; Rockhampton; Rainworth,,,"Warrant issued by John O’Connell Bligh, JP to apprehend Dogskin ‘and two other aboriginals, names unknown’ 

",,"p.1
",29 March 1862,14 July 1861,CCT7/N8; PRV6097/1/1,
ITM348600,"SHERIDAN, R. B.; UHR, Edmund, B.; DARKY (Aboriginal);  MCLAUGHLAN, Constable John; BLIGH, John O'Connell; PALMER, Henry; NAUGHTON, William France; SMITH, Samuel; TAMBO (Aboriginal); ALDREDGE; MILNER; PALMER, Edward Fielding;",Maryborough,,,Inquest held by RB Sheridan and EB Uhr at Maryborough into the death of Darky ,1860/6a,All,8 February 1860,3 February 1860,JUS/N1; SRS36/5/1,
ITM3504,,,,,"Committal hearings of Ah Sam, Ah Foo, James Shaw, John Thompson (butcher, born Canton, ‘usually acted as an Interpreter’), Lap Chong Hai and Ah Ching ",4/1870,p.1-47,28 March 1870,,CCT7/N18; PRV6098/1/16,
ITM3504,,,,,"Trial at Cardwell of Alfred Mackenzie, charged by John Murray with libel at Cardwell ",,p.147-185,24 January 1870,,CCT7/N18; PRV6098/1/16,
ITM3516,"SANDY (Aboriginal man); MORRIS, Patrick (Paddy); EGAN, Stephen; LITTLE, Robert; O'Reilly, Patrick (Constable); Doyle (Seargent); BEDDECK (Justice of the Police); COLLOPY, Matthew (Sub Inspector); MCMANUS, Myles; Pugh (Police Magistrate); Thomson (Justice of the Peace); SALMOND, David (Doctor); HURLEY, Catherine; HARRIS (Mrs); CAREY, John (Seargent); REYNOLDS, Jack' SLACK, John
TO BE COMPLETED",Rockhampton; Brisbane; Rosewood Station; Windah Station; Windah Old Station; Fleetwood; Westwood; Fitzroy River; Herberts Creek; Dawson; Gainsford; Duaringa;,,,Trial in the Circuit Court at  Rockhampton (No. 11) The Queen against Sandy for Murder of Patrick Morris,,p.1-96,08 January 1877,,CCT7/N32; PRV6098/1/28,
ITM3516,"1) MORRIS, Patrick (deceased); SANDY (Aboriginal man); KELLY (Aboriginal man); COLLOPY, Matthew; EGAN, Stephen; HARLEY, Mary; O'REILLY, Patrick (Constable); SALMOND, David (Surgeon)
2) BOYLE; COLLOPY
3) O'REILLY; MORRIS, Patrick; ","1) Windah Station; Herberts Creek; Westwood; Rockhampton; Windah head Station; Rosewood
2) Rockhampton; Westwood; Rosewood
3) Windah; Westwood; Herberts Creek",,,"1) Certificate of Particulars Inquest of Death of Patrick Morris
2) Telegraph for Commissioner of Police by Matthew Collopy 1st Class Sub Inspector
3) Telegraph for Commissioner of Police by Matthew Collopy",,p.1-3,"1) 15-17 June 1876
2)15 July 1876
",,CCT7/N32; PRV6098/1/28,
ITM3517,,,,,Depositions of Witnesses at the trial of Didno alias Jack alias Johnny for the murder of Ah Sam ,1878/11,p.81-95,08 August 1878,,CCT7/N33; PRV6098/1/29,
ITM3586,"POMPEY (Aborginal man); NELLIE (Aboriginal woman); ELMS, George; MOORE, GEORGE (Aboriginal man); GILL, J. Howard; WATSON, Alexander. ",Roma; Warrego; Barringun.,,,Roma Circuit Court - Regina vs Pompey for manslaughter,,p.22-44    ,11 August 1885,,CCT5/N3,
ITM3586,"FAHEY, John; SIMON (Aboriginal); KIRKALDY, William Broad;  KING, C.M.A., P.M.; ORLEDGE, Charles (Charley); JOSBERRY, Edmund; CRAIG, John Ebenezer, Constable; SWORD, T.S., P.M.;  JENNY (Aboriginal); PARSONS, Thomas (Tommy); ",Roma; Charleville; Silverton;,,,Regina vs John Fahy for murder of Simon (black boy),,p.45-93,10 March 1885,,CCT5/N3,
ITM3586,"MOONBOY (Aboriginal); JIMMY (Aboriginal); JENNY (Aboriginal); MURRAY, Dickey (Aboriginal); DUNNE, Patrick, Sen Constable; MCAULEY, James;  SAUNDERS, Robert; BOB (Aboriginal); MACFARLANE, Henry Laylor, P.M.; TOMMY (Aboriginal); MICK (Aboriginal); ?WILL (Aboriginal);",Bollon; Roma; St George; ,,,Regina vs Moonboy (an Aboriginal) for murder ,,p.94-115,10 March 1885,,CCT5/N3,
ITM3644,"BUTTON, Billy (Aboriginal); JEMMY (Aboriginal); HOLLIS, James; ROBERTS, John; BRIDGE, James; SHRAPNELL, I.S.N., Dr; BURKE, Michael, Sergeant; MOWBRAY, Thomas, P.M.; SARAH (Aboriginal); CRAMMEY; PRING, Ratcliffe; ",Toowoomba; St George; Royal Hotel,,,Trial at Toowoomba of Billy Button ,No 3,p.1-19,10 February 1879,,CCT4/N29; PRV6116/1/24,
ITM3644,"NELLY (Aboriginal); MAISE (Aboriginal); BURKE, Bridget; LITTLE, Robert; HARDING ",Maryborough; Toowoomba,,,"Maryborough Circuit Court Regina V ""Nelly"" Brief",,p.1-3,16 October 1879,19 June 1879,CCT4/N29; PRV6116/1/24,
ITM54822,"MANNION, Peter; ",Rockhampton; ,,,Letter from Peter Mannion to Lands Dept ,1877/233,p.1-13,14 May 1877,,LAN/AG625; PRV9882/1/25176,
ITM563223,"CHEEKE, Walter; CAHILL",Brisbane,,,Discharge of Sub Inspector Cheeke in consequence of a reduction in the number of officers on 30 June 1879,,p.31,30 May 1879,,A/38756; SRS1108/2/327,
ITM563503,"GALBRAITH, Hugh; SHARPE; ARMSTRONG; BOWEN",Hughenden; ,,,Discharge of Sub Inspector Hugh Galbraith in consequence of a reduction in the number of officers on 30 June 1879,,p.8,03 July 1879,,A/38809; SRS1108/2/607,
ITM564709,"MARLOW, John; O'KELLY; CARNEY; WILLIAMS; ",Upper Burdekin,,,Letter from Marlow to Commissioner ,,p.3,14 August 1863,,,
ITM564709,,,,,Dismissal of Owen Carney by Commissioner of Police approved by Colonial Secretary ,,p.2,3 October 1865,,,
ITM564709,"CARNEY, Owen; MARLOW; WILLIAMS; O'REILLY; BLIGH, John O'Connell",Rockhampton; Port Denison; Burdekin; ,,,,,p.2-11,30 September 1865,,,
ITM564988,"NUTTING, John B.; WEBB",Roma; Warrego,,,Retirement of former First-Class Inspector John B Nutting ,,p.17-19,08 December 1878,,A/40326; SRS1108/2/2092  ,
ITM6904,,,,,Letter from Commandant of Native Police to Colonial Secretary ,1860/1270,p.7,31 July 1860,,,
ITM6904,,,,,Letter from Inspector General of Police to Colonial Secretary ,1860/1276,p.8,1 August 1860,,,
ITM6904,,,,,Letter from Colonial Secretary (New South Wales) to Colonial Secretary ,1860/1408,p.20,15 August 1860,,,
ITM6904,,,,,Letters from Second Lieutenant AM Patrick at Brisbane and Second Lieutenant W Powell to Colonial Secretary ,1860/1453 & 1454,p.24,27 August 1860,,,
ITM6904,,,,,Letter from Commandant of Native Police to Colonial Secretary ,1860/1611,p.38,20 September 1860,,,
ITM6904,,,,,Letter from Commandant of Native Police to Colonial Secretary ,1860/1705,p.47,29 September 1860,,,
ITM6904,,,,,Letter from Commandant of the Native Police to Colonial Secretary ,1860/1706,p.47,29 September 1860,,,
ITM6904,"POWELL; MARLOW; BLAKELY, C.",Burdekin,,,Letter from Commandant of the Native Police to Colonial Secretary ,1860/1707,p.47,29 September 1860,,,
ITM6904,,,,,Letter from Clerk of Executive Council to Colonial Secretary ,1860/1750,p.51 ,5 October 1860,,,
ITM6904,,,,,Letter from Clerk of Executive Council to Colonial Secretary ,1860/1800,p.55,9 October 1860,,,
ITM6904,,,,,Letter from Clerk of Executive Council to Colonial Secretary - letter 1839; Commandant of Native Police - letter 1841 and 1842,"1860/1839, 60/1841 & 60/1842",p.59,12 October 1860,,,
ITM6904,,,,,Letter from Inspector General of Police to the Colonial Secretary ,1860/203,p.30,16 February 1860,,,
ITM6904,,,,,Letter from Frederick Walker at Planet Downs to Colonial Secretary ,1860/2098,p.22,27 October 1860,,,
ITM6904,"BRIGGS, Fanny",Rockhampton,,Contains details regarding Rape,Letter (received) from Commandant of Police to Colonial Secretary ,1860/2197,p.31,12 November 1860,,,
ITM6904,"BRIGGS, Fanny",Rockhampton,,,Letter from Commandant of Native Police to Colonial Secretary ,1860/2200,p.31,24 November 1860,,,
ITM6904,,,,,Letter from Commandant to the Colonial Secretary ,1860/2222,p.33,23 November 1860,,,
ITM6904,,,,,Letter from New South Wales Colonial Secretary to the Colonial Secretary ,1860/358,p.44,6 March 1860,,,
ITM6904,CARR; SIMS; MORRISSET,Dawson,Dawson blacks,,Letter from Inspector of Police to Colonial Secretary ,1860/381,p.46,16 March 1860,,,
ITM6904,"CAMERON, Daniel",Dawson River; Clematis Creek,Blacks on Clematis Creek,,Letter from Daniel Cameron at Dawson River to Colonial Secretary ,1860/400,p.48,20 March 1860,,,
ITM6904,,,,,Letter from Inspector General of Police to Colonial Secretary ,1860/408,p.49,20 March 1860,,,
ITM6904,CAMERON; MORISSET,,,,Letter from Inspector General of Police to Colonial Secretary ,1860/409,p.49,20 March 1860,,,
ITM6904,,,,,Letter from Inspector General of Police to the Colonial Secretary ,1860/476,p.55,2 April 1860,,,
ITM6904,,,,,Letter from Government Resident at Gladstone to the Colonial Secretary ,1860/498,p.57,27 March 1860,,,
ITM6904,,,,,Letter from Inspector General of Police Morisset to Colonial Secretary ,1860/569,p.3,17 April 1860,,,
ITM6904,,,,,Letter from Commandant Native Police received by Colonial Secretary ,"1859/62

1860/62",p.6,27 December 1859,,,
ITM6904,,,,,Letter from the Bench at Dalby to the Colonial Secretary ,1860/636,p.9,27 April 1860,,,
ITM6904,COLONIAL SECRETARY NSW,,,,Letter from New South Wales Colonial Secretary to Queensland Colonial Secretary ,1860/646,p.10,25 April 1860,,,
ITM6904,,,,,Letter from Inspector General to Colonial Secretary ,1860/730,p.18,8 May 1860,,,
ITM6904,CAMERON,Comet River,,,Letter from Inspector General to the Colonial Secretary ,1860/761,p.21  ,14 May 1860,,,
ITM6904,,,,,Letter from WW Coxen at Condamine to the Colonial Secretary ,1860/781,p.23  ,18 May 1860,,,
ITM6904,,,,,Letter from Inspector General of Police to Colonial Secretary ,1860/836,p.28,28 May 1860,,,
ITM6904,,,,,Letter from Commandant of Native Police to Colonial Secretary ,1860/859,p.30,24 December 1859,,,
ITM6904,,,,,Letter from Inspector General of Police to Colonial Secretary ,1860/878,p.31,6 June 1860,,,
ITM6904,,,,,Letter from Clerk of Petty Session at Condamine to the Colonial Secretary ,1860/977,p.40,16 June 1860,,,
ITM6905,,,,,Letter from G. E. Dalrymple at Rockhampton to Colonial Secretary ,1861/164,p.15,20 January 1861,,,
ITM6905,,,,,Letter from Commandant of Native Police to Colonial Secretary ,1861/744,p.18,25 March 1861,,,
ITM6906,,,,,Letter from AMG Patrick at Brisbane to the Colonial Secretary ,1862/131,p.11,15 January 1862,,,
ITM6916,"HETHERINGTON, Alexander; DOUGLAS, Acting Sub Inspector; HOLT, John; TOMMY (Aboriginal); HARRY / CARRY (Aboriginal); DALEY, John; RANKIN (Aboriginal); BARMUNDOO BILLY (Aboriginal); WARE, Sergeant Richard Rogers; FISCHER, Francis Charles; BILLY (Aboriginal); WHEELER, Inspector; YOUNG, Mr; PETER, ALIAS SPIDER (Aboriginal); BELL, Mr; TROOPER MOWBRAY; TROOPER BOCO; LLOYD, Mr Howard Price; WITT, Mr; WALKER, Mr; MORTON, O'CONNELL, Sir Maurice; BEAM (Chinaman), TOBY/TOBI (Aboriginal), CAMO? (Aboriginal); GLENRIE, Mr James; KELLY, Mr John; RICK, Mr; TROOPER JACKY; CHARLIE (Aboriginal); BROWNE, Mr; DICKY YABBERON (Aboriginal); ROE, Mr C.E; SEYMOUR, Commissioner; PUJOLUS, Francis; WORTHINGTON, Mr; RICH, Mr Charles W.; STONELEY, Edmond; WILLIAMS, Mr; JACOB (Aboriignal); FERGUSON, George; WILMOT'S JOHNNY (Aboriginal); LITTLE BILLY (Aboriginal); MCDOUGAL, James; NEILL, Hugh; JANST; SUTHERLANDS, Mrs; MON TOY/MAN TAY (Chinaman); DEERONG (Aboriginal); RIDLER, Mr.; GADEN, Mr W. H.; WIGGINS, Arthur; ELLIOTT, Gilbert; BROWN, Alfred H.; BROWN, Nugent, W; 

","Milton Station, Gladstone, Six Mile Scrub, Calliope Diggings, Prospect Hotel Calliope Gold Fields, Mount Taroom, Mount Lascombe, Marlborough, Boyne River, Miriam Vale, Krombil?, Cania Station, Thornhill Station, Miriam Vale Creek, Cardwell, Port Curtis District, Stowe, Galloways Plains, Clide Creek, Daintree, Riverstone, Malangoon Station; Gin Gin,",,Contains offensive language associated with description of dead bodies,Letter from Police Magistrate at Gladstone to the Colonial Secretary; sub 1925 re. Mr Hetherington's report on alleged death of two Blacks shot by Sub Inspector Douglas,"1872/1923

Top number - 1873/2122","DR62184 p.108-134

DR62185 p. 1-45",13 November 1872,8 November 1872,COL/B13; PRV7173/1/13,
ITM6916,DOUGLAS; HARRY (Aboriginal man); TOMMY (Aboriginal man); BILLY (Aboriginal man); LLOYD; BARMUNDO BILLY (Aboriginal man); WHEELER; MOWBRAY (Aboriginal man).,Gladstone; Brisbane; Milton; Marlborough; Calliope; ,,,"Letter from Acting Sub-Inspector Douglas to the Acting of Commissioner of Police, Brisbane",1872/1925,p.103-106,12 November 1872,,COL/B13; PRV7173/1/13,
ITM6916,DOUGLAS; HARRY (Aboriginal man); TOMMY (Aboriginal man); BILLY (Aboriginal man); HOLT.,Gladstone; Milton.,,,Letter from Police Magistrate at Gladstone to the Colonial Secretary; prev 1977; sub 1873/565 ,1872/1978,p.97-101,19 November 1872,,COL/B13; PRV7173/1/13,
ITM7207,"HALLORAN; DAVIS; FAHEY (TAHEY?), John.",Tinana; Fraser Island; Coopers Plains; Brisbane; Sydney; Mary River; Maryborough; Double Island Point.,,,Letter from the Crown Lands Commissioner Halloran at Tinana to the Chief Crown Lands Commissioner ,,p.56,15 November 1859,,,
ITM844828,"BENNETT; JENKINS, William; CARRIGAN; JONES, Samuel.",Somerset; Burke; Townsville.,,,Copy of Minutes of Proceedings of Executive Council to the Colonial Secretary,"1868/244, No.1 ",p.106-109,9 September 1868,,,
ITM844841,"BROWNE, H; DRURY",,,,"Executive Council Minute application and approval of Retirement of Superintendent of Police, Henry Browne ","1875/58

number should be 1875/88 or 1875/90. need to check original bundle",p.1-2,30 March 1875,,COL/E15; SRS5247/1/15,
ITM844849,"JACKY JACKY (Aboriginal man); PADDY (Aboriginal man); SHEPPARD; RILEY, Mary Louisa.",Charters Towers.,,,Executive Council minute ,"1878/1, No.4 and No.5",p.2; p.25-28,02 January 1878,,COL/E23; SRS5247/1/23,
ITM844854,"NUTTING, John",,,,Executive Council Minute Item 5 Inspector Nutting to be pensioned,1878/419,p.1 and p.21-22,08 December 1878,,COL/E28; SRS5247/1/28,
ITM844855,"DICKEN, Charles Shortt; ELLIOT, Gilbert William; DRURY",Townsville,,,Executive Council Minute Item 5 Appointment of Charles Shortt Dicken as Police Magistrate at Townsville ,1878/513,p.1 and p.28,31 October 1878,1 January 1879,COL/E29; SRS5247/1/29,
ITM844856,"SHEPPARD; Jackey (Aboriginal man); Johnny (Aboriginal man); ARTHURS, James ",Ravenswood; Connelly Creek; Bowen,,,Executive Council minute ,1879/20,p.9-10,16 January 1879,16 July 1878,COL/E30; SRS5247/1/30,
ITM844856,ISLEY,,,,Executive Council minute ,1879/78,p.24,25 February 1879,,COL/E30; SRS5247/1/30,
ITM844856,"STUART, John; KENNEDY, A.; DRURY",,,,Executive Council Minute Item 5 Promotion of First-Class Sub Inspector John Stuart to Second Class Inspector ,1879/9,p.1 and p.17-18,14 January 1879,,COL/E30; SRS5247/1/30,
ITM844856,"CARR, Ernest H.; POWER, James; STUART, John; KENNEDY, A. E.; CANNING; HALLIGAN; OWENS; PUDGE; MELDRUM",,,,Promotion of Second-Class Sub Inspector Ernest H Carr to First Class Sub Inspector ,"1879/36

1879/37","p.1, 3",04 February 1879,,COL/E30; SRS5247/1/30] ,
ITM844857,"COWARD, Thomas; ",,,,Executive Council Minute Item 4 Reappointment of Thomas Coward to Native Mounted Police as Second-Class Sub Inspector ,1879/95,p.1 and p.12,03 March 1879,,COL/E31; SRS5247/1/31 1879/95 & ,
ITM844858,,,,,Executive Council Minute Item 10 Gratuity to be paid to the widow of Inspector Clohesy,1879/193,p.1-2,15 May 1879,,COL/E32; SRS5247/1/32,
ITM844859,"HILL, William Richard Onslow",Kennedy; Ravenswood,,,"Executive Council Minute Item 6 Appointment of WRO Hill as Acting District Registrar of Births Deaths and Marriages
",1879/308,p.2 and p.20,24 July 1879,,COL/E33; SRS5247/1/33,
ITM844860,"FREUDENTHAL, R",,,,Discharge on pension of First-Class Sub Inspector R Freudenthal ,1879/400,p.44,30 September 1879,,COL/E34; SRS5247/1/34,
ITM844860,"MCKIERNIAN, ",,,,Executive Council Minute Item No. 2 Pension allowed to Sub Inspector McKiernian,1879/447,p.1 and p.5,20 October 1879,,COL/E34; SRS5247/1/34,
ITM844861,,,,,Recommendation that doctors be appointed to examine Sub Inspector Hugh Galbraith as to his fitness for further service in the Police Force,1879/479 ,p.25-26,19 November 1879,,"COL/E35; SRS5247/1/35,  & ",
ITM844861,,,,,"Record of services of William Cave, Clerk of Petty Sessions at Clermont, being ‘dispensed with’ ","1879/487, No 10",p.41-42,26 November 1879,,COL/E35; SRS5247/1/35,
ITM844861,,,,,References Late Sub Inspector Walter F Cheeke from the Police Force,"1879/503, No 8",p.22-23,17 December 1879,,COL/E35; SRS5247/1/35,
ITM84618,LUKIN; COWARD.,Palmer River; Cooktown; Cape Grafton.,,,Letter from Mines Inspector Lukin to Warden Coward ,1874/757,p.2-4,19 November 1874,,MIN/G1; PRV10143/1/1,
ITM84618,,,,,Letter from Mines Inspector Lukin to Warden Coward ,1874/758,p.5-8,19 November 1874,,MIN/G1; PRV10143/1/1,
ITM846733,"CAMERON, Daniel; MORISSET; MURRAY; WILLIAMS.",Comet River; Brisbane; MacKenzie River; Brown Valley; Comet Valley; Isaac Downs; Peak Downs.,,,Letter from Daniel Cameron at Brisbane to Colonial Secretary ,1860/733 in Top Number 1860/761,p.75-78,9 May 1860,,COL/A4; SRS5253/1/4,
ITM846737,"QUIRK, Thomas Francis, Chief Constable; BROWN, W.A., P.M.; PETRIE, John, J.P.; STEPHENS, I.B., J.P.; ABJOHN, Sergeant; COX, Henry, Constable; BOURKE, Michael, Constable; DUNNING, Charles, Constable; BALFREY, Constable; CHANCELLOR, William George; SAULK, Frank Charles; HIGGINSON, William George; ",Breakfast Creek; Brisbane; Eagle Farm Road; ,,,"Letter from Police Magistrate at Brisbane to Colonial Secretary. Report on the destruction of an Aboriginal camp along the Eagle Farm Road, Breakfast Creek",1860/1952,p.86-147 ,20 October 1860,,,
ITM846883,GASCOIGN; JARDINE; CHESTER.,Melbourne; Prince of Wales Island. ,,,Letter from Chief Secretary (Victoria) to the Colonial Secretary ,1870/3373,p.73-77,09 December 1870,,COL/A153; SRS5253/1/154,
ITM846904,,,,,Letter from the Attorney General to the Colonial Secretary ,1872/2231,p.45-46,13 February 1872,,"COL/A174
COL/A175 

SRS5253/1/175
SRS5253/1/176",
"ITM846917
","NORTON, A; DOUGLAS; OWEN, William; KELLY; BROWNE.",Brisbane; Miriam Vale.,,,"Letters to the Colonial Secretary; included 1872/1346; see also QSA item 2722532, 1872/223 A/4835; SRS5739/1/4; 882128 ",1873/1329,p.54-55,19 July 1873,,"COL/A187
COL/A184; 

SRS5253/1/188
SRS5253/1/185",
ITM846917,"NORTON, A; DOUGLAS.",Brisbane; Miriam Vale.,,,Letter from A Norton to the Colonial Secretary; sub 1809 ,"comes after 1873/1329
but numbered 1873/1222

",p.56-57,14 June 1872,,"COL/A187
COL/A184; 

SRS5253/1/188
SRS5253/1/185",
ITM846915,JOHNSTONE; DALRYMPLE; TOMPSON; HILL.,Trinity Bay; Johnstone River; Endeavour River; Cardwell.,,,Letter from George Dalrymple to Colonial Secretary ,1873/1570,p.15-35,01 November 1873,,COL/A185; SRS5253/1/186,
ITM846915,SHERIDAN; DALRYMPLE.,Cardwell; Brisbane.,,,Telegram from George Dalrymple to the Colonial Secretary ,1873/1570,p.5,03 November 1873,,COL/A185; SRS5253/1/186,
ITM846915,DALRYMPLE; HILL.,Cardwell; Brisbane; Johnstone River; Cape Grafton; Trinity Bay; Bellenden Ker; Esk; Endeavour River. ,,,Telegram - copy - from George Dalrymple to the Colonial Secretary ,1873/1570,p.2-4,03 November 1873,,COL/A185; SRS5253/1/186,
ITM846915,DALRYMPLE; PALMER; THOMPSON; JOHNSTON.,Cardwell.,,,Telegram from AH Palmer at Brisbane to George Dalrymple ,1873/1570,p.159-161,10 November 1873,,COL/A185; SRS5253/1/186,
ITM846915,DALRYMPLE; PALMER; THOMPSON.,Cardwell; Bellenden Ker; Barnard Islands.,,,Telegram from AH Palmer at Brisbane to George Dalrymple ,1873/1570,p.162-166,10 November 1873,,COL/A185; SRS5253/1/186,
ITM846915,DALRYMPLE; ARMIT; JOHNSTONE.,Cardwell; Double Island; Tam O'Shanter Point.,,,Telegrams from George Dalrymple to the Colonial Secretary ,1873/1570,p.154-158,11 November 1873,,COL/A185; SRS5253/1/186,
ITM846915,DALRYMPLE; JOHNSTONE; HILL; TOMPSON.,Goold Island; Moresby; Herbert River; Palmer River; Endeavour River; Bellenden Ker; Mourilyan Harbour.,,,Telegram from George Dalrymple to the Colonial Secretary ,1873/1570,p.45-54,14 October 1873,,COL/A185; SRS5253/1/186,
ITM846915,DALRYMPLE.,Cardwell; Bellenden Ker.,,,Telegram from G Dalrymple to the Colonial Secretary ,1873/1570,p.151-152,22 December 1873,,COL/A185; SRS5253/1/186,
ITM846915,DALRYMPLE; SELLHEIM; GEORGE; JOHNSTONE; JAMIE (Aboriginal man); LAMBO (Aboriginal man).,Cardwell; Endeavour River; Townsville; Johnstone River; Bellenden Ker.,,,Letter from George Dalrymple to the Colonial Secretary ,1873/1570,p.36-44,30 October 1873,,COL/A185; SRS5253/1/186,
ITM846915,,,,,Telegram from George Dalrymple at Georgetown to the Colonial Secretary ,1873/1570,p.60,06 September 1873,,COL/A185; SRS5253/1/186,
ITM846915,ARMIT; TOMPSON; COQUETTE.,Cardwell; Townsville.,,,Telegram from FM Tompson at Cardwell to the Commissioner of Police ,1873/2981,p.55,24 September 1873,,COL/A185; SRS5253/1/186,
ITM846917,MORRISSETT; PRICE.,Georgetown; Palmer; Endeavour River. ,,,Telegram from Morrissett at Georgetown to the Commissioner of Police,1873/2176,p.67-68,05 December 1873,,JUS/N35; SRS36/5/35; 348634,
ITM846917,,,,,"Letter from Suprintendent Browne to Seymour, Commissioner of Police at Brisbane",1873/2179,p.75-76,04 December 1873,,JUS/N35; SRS36/5/35; 348634,
"ITM846877
",LANDSBOROUGH; SEARS.,Burketown; Cloncurry.,,,Letter from Police Magistrate at Burketown to the Colonial Secretary; prev 1870/1780 ,1870/2311,p.31-32,07 April 1870,,"COL/A147
COL/A189; 

SRS5253/1/148
SRS5253/1/190",
ITM846919,,,,,"Letter from RT Wood, Brisbane to the Colonial Secretary ","1873/2418

1873/2415",p.115-116,16 July 1873,,COL/A189; SRS5253/1/190,
"ITM846921
",ARMSTRONG; MORRISSETT.,Cooktown; Brisbane; Townsville; Palmer River; Endeavour River; Cashmere.,,,Letter from Sergeant W Armstrong to the Commissioner of Police ,1874/119,p.115-117,28 December 1873,,"COL/A191
COL/A190;
 
SRS5253/1/192
SRS5253/1/191",
"ITM846921
",,,,,Letter from Police Magistrate at Townsville to the Colonial Secretary ,1874/224,p.114,20 January 1874,,"COL/A191
COL/A190;
 
SRS5253/1/192
SRS5253/1/191",
ITM846921,JARDINE.,Somerset; Brisbane.,,,Letter from Board of Inquiry into Somerset to the Colonial Secretary; sub 111 ,1874/101,p.62,15 January 1874,,COL/A191; SRS5253/1/192,
ITM846921,"JARDINE, Frank; MORESBY; STERLING; COCKERILL; BROWN.",Somerset.,,,"Letter from Board of Inquiry into Somerset to the Colonial Secretary; prev 101; sub 136; report (no date) ‘re management of Harbor of Refuge Somerset’ at QSA item 6918, 1874/2965 ",1874/111,p.57-61,15 January 1874,,COL/A191; SRS5253/1/192,
"ITM846924
",,,,,Letter from Police Magistrate at Cooktown to the Colonial Secretary ,1874/702,p.15-16,25 March 1874,,"COL/A194 
COL/A192; 

SRS5253/1/195
SRS5253/1/193",
ITM846923,,,,,Letter from Police Magistrate at Somerset to the Colonial Secretary; prev 266 ,1874/512,p.31,22 February 1874,,COL/A193; SRS5253/1/194,
ITM846923,,,,,Letter from Lands Dept to the Colonial Secretary; prev 322 ,1874/536,p.86-89,11 February 1874,,COL/A193; SRS5253/1/194,
ITM846924,HAMILTON. ,Cooktown; Endeavour River.,,,Letter from Police Magistrate at Cooktown to Colonial Secretary ,1874/702,p.24-27,08 March 1874,,COL/A194; SRS5253/1/195,
ITM846924,HAMILTON. ,Palmer; Cooktown; Endeavour River. ,,,Letter from Police Magistrate at Cooktown to the Colonial Secretary ,1874/796,p.83-85,09 April 1874,,COL/A194; SRS5253/1/195,
"ITM846924

","MCCONNEL, John.",Durundur; Conondale.,,,Letter from John McConnell to the Colonial Secretary ,1874/862,p.146-148,27 April 1874,,"COL/A194; 
COL/A195; 

SRS5253/1/195
SRS5253/1/196",
ITM846926,SEYMOUR.,Brisbane; Beenleigh; Caboolture.,,,Letter from the Commissioner of Police to the Colonial Secretary ,1874/1327,p.128 -131,30 June 1877,,COL/A196; SRS5253/1/197,
ITM846926,SEYMOUR.,Brisbane; Beenleigh; Caboolture.,,,Letter from the Commissioner of Police to the Colonial Secretary ,1874/1327,p.124-127,30 September 1876,,COL/A196; SRS5253/1/197,
ITM846926,SEYMOUR.,Brisbane; Beenleigh; Caboolture.,,,Letter from the Commissioner of Police to the Colonial Secretary ,1874/1327,p.120-123,31 December 1876,,COL/A196; SRS5253/1/197,
ITM846926,FISHER.,Bramble Bay Island; Tasmania.,,,"Letters to the Colonial Secretary; included 1873/59, 1873/31, 1872/2096A, 1863/159 ",1874/1366,p.103-105,14 July 1874,,COL/A196; SRS5253/1/197,
ITM846927,,,,,Letter from Registrar General to the Colonial Secretary; sub 1547 ,"1874/1471

in Top Number 1874/1547",p.106-109,22 July 1874,,COL/A197; SRS5253/1/198,
ITM846928,"BIRCH; MURRAY; WILLAIMS; WHEELER; CHARLEY (also CHARLIE) (Aboriginal man); MCKENZIE, John; JINDARE (Aboriginal woman); MUELLER.",Brisbane; Blackall; Bowen Downs; Mitchell District; Thomson; Warrego; Roma; Dar Creek.,,,Letter from CW De Burgh Birch to the Colonial Secretary; prev 1871/1070 ,1874/1154,p.53-66,20 May 1874,,COL/A198; SRS5253/1/199,
ITM846928,"UHR, Reginald.",St George District; Brisbane.,,,Letter from Inhabitants of the St George District to the Colonial Secretary; prev 1664 ,1874/1709,p.12-15,xx August 1874,,COL/A198; SRS5253/1/199,
ITM846928,MURRAY; WHEELER.,Clermont; Armac.,,,Telegram from Chief Inspector GPM Murray at Clermont to Colonial Secretary ,1874/1714,p.83   ,07 April 1871,,COL/A198; SRS5253/1/199,
ITM846928,"WHEELER; BIRCH; KIA KIA (Aboriginal woman); JINDARE (also JIN DAR) (Aboriginal woman); DENISON, William.",Bowen Downs; Barcoo; Thomson.,,,Letter from Charles Weldon Birch at Bowen Downs to the Governor’s Private Secretary; headed 1871/156 & dated 17 January 1871 ,1871/156,p.94-101,22 December 1870,,COL/A198; SRS5253/1/199,
ITM846928,"UHR, Reginald; HAMILTON, D. ",Taroom; Brisbane.,,,Letter from RCH Uhr to the Colonial Secretary; sub 1958 ,1874/1756,p.68,01 September 1874,,COL/A198; SRS5253/1/199,
ITM846928,WHEELER; BIRCH; MURRAY; JIN DAR (Aboriginal woman); LOWERY; AHAMS; NOLAN; KIE KIE  also KIA KIA) (Aboriginal woman); MCPHERSON.,Bowen Downs; Brisbane; Dar Creek.,,,Letter from Chief Inspector GPM Murray at Bowen Downs to the Colonial Secretary ,"1871/1070

located in Top number 1874/1714",p.67-80,27 March 1871,,COL/A198; SRS5253/1/199,
ITM846929,"MORISSET; HENRY, Alfred; GRIFFIN; ROBINSON; SEYMOUR.",Georgetown; Brisbane; Normanton; Burke; Rockhampton.,,,Letter from Police Magistrate at Normanton to the Colonial Secretary ,1874/1995,p.79-92,26 August 1874,,COL/A199; SRS5253/1/200,
ITM846929,ISLEY; MORISSET; THOMPSON; SHERIDAN.,Brisbane; Cardwell; Norman; Rockhampton.,,,Letter from Sub Inspector Isley to the Commissioner of Police; prev 1995; sub 2106 ,1874/2098,p.54-68,14 September 1874,,COL/A199; SRS5253/1/200,
ITM846929,MORISSET; SEYMOUR.,Brisbane; Burke.,,,"Letter from the Commissioner of Police to the Colonial Secretary; prev 1995, 2098; sub 2182 ",1874/2106,p.44-53,19 October 1874,,COL/A199; SRS5253/1/200,
ITM846930,DALRYMPLE.,Brisbane; Somerset; Hammond's Island.,,,Letter from George Dalrymple to the Colonial Secretary; prev 1011; sub 1559 ,1874/1012,p.99-100,18 May 1874,,COL/A200; SRS5253/1/201,
ITM846930,,Nebo; Brisbane.,,,Letter from Bench at Nebo to the Colonial Secretary ,1874/1882,p.68,15 September 1874,,COL/A200; SRS5253/1/201,
ITM846930,PARRY; HUME; O'SHEA; THOMPSON; DUNNE; DEYNAN.,Charleville; Wilson River.,,,Telegram from the Police Magistrate at Charleville to the Colonial Secretary ,1874/2484,p.97,28 November 1874,,COL/A200; SRS5253/1/201 ,
ITM846930,CARR; DICKEY (Aboriginal man).,Melbourne; Brisbane. ,,,Letters to the Colonial Secretary; see also 1874/2198 ,1874/2500,p.135,24 November 1874,,COL/A200; SRS5253/1/201,
ITM846930,DALRYMPLE.,Cape York; Somerset; Brisbane.,,,Letter from George Dalrymple to the Colonial Secretary; sub 1011 ,1874/923,p.104,04 May 1874,,COL/A200; SRS5253/1/201,
ITM846932,DALRYMPLE.,Somerset; Brisbane. ,,,Letter from the Police Magistrate at Somerset to the Colonial Secretary,1874/1534?,p.81,07 July 1874,,COL/A202; SRS5253/1/203,
ITM846932,"CASSADY, James; JOHNSTONE; SAM (Aboriginal man); DAVEY (Aboriginal man); MOWBRAY (Aboriginal man); NOBBS, David.",Herbert River; Brisbane; Townsville.,,,Letter (also numbered 1874/2895) from James Cassady to the Colonial Secretary; sub 2260; see also 1874/2615 and QSA item 846933 COL/A203; SRS5253/1/204 ,"1874/1742

In Top Number 1874/2615",p.47-49,20 August 1874,,COL/A202; SRS5253/1/203,
ITM846932,JARDINE; WILLIAMS.,Brisbane; Rockhampton.,,,Letter from JV Williams to the Colonial Secretary ,"1874/2747

1874/2747A
",p.110,28 February 1874,,COL/A202; SRS5253/1/203,
ITM846932,"DALRYMPLE; MURRAY; NORMANBY, Marquis of.",Cape York; Somerset; Prince of Wales Islands; Torres Strait; Hammond's Island; New Guinea.,,,Letter from the Police Magistrate at Somerset to the Colonial Secretary ,"1874/2828, Gall Estray",p.50-63 ,01 July 1874,,COL/A202; SRS5253/1/203,
ITM846932,BROWN; JACK; HARRY; POWELL; MCAULEY.,Somerset; Brisbane. ,,,Letter from EL Brown to the Colonial Secretary ,1874/2828,p.33-35,08 September 1874,,COL/A202; SRS5253/1/203,
ITM846932,DALRYMPLE; BROWN; MCAULEY; CHAPMAN.,Somerset; Brisbane; Long Island; Darnley Island; Yorke Island.,,,Letter from EL Brown at Somerset to the Colonial Secretary; noted ‘Missing papers taken out & included in papers sent to Heath 25/4/1875 en route Somerset & Singapore’ ,1874/2828,p.41-48,10 August 1874,,COL/A202; SRS5253/1/203,
ITM846932,DALRYMPLE; BROWN.,Townsville; Somerset.,,,"Telegram from EL Brown to Dalrymple, Police Magistrate at Somerset",1874/2828,p.38 ,14 August 1874,,COL/A202; SRS5253/1/203,
ITM846937,PATTISON; WHEELER; SEYMOUR.,Rockhampton; Marlborough.,,,Letter from William [Pattison?] at Rockhampton to the Colonial Secretary ,1875/778,p.29-31,24 February 1875,,COL/A207; SRS5253/1/208,
ITM846938,,Cloncurry; Brisbane. ,,,Letter from the Police Magistrate at Cloncurry to the Colonial Secretary ,1875/1093,p.77-79,25 January 1875,,COL/A208; SRS5253/1/209,
ITM846938,"JOSH, James.",Gladstone; Brisbane; Mount Larcom.,,,Telegram from James Tosh at Mount Larcom Station to the Colonial Secretary ,1875/1153,p.112-113,17 April 1875,,COL/A208; SRS5253/1/209,
ITM846940,,Somerset; Brisbane. ,,,Letter from the Police Magistrate at Somerset to the Colonial Secretary ,1875/1671,p.88-91,10 June 1875,,COL/A210; SRS5253/1/211,
ITM846940,SHERIDAN.,Maryborough; Brisbane. ,,,Letter from the Police Magistrate at Maryborough to the Colonial Secretary ,1875/1731,p.88   ,26 June 1875,,COL/A210; SRS5253/1/211,
ITM846941,COWARD;,Palmer River; Cooktown,,,"Petition from Henry Way, Thomas Tin Chong? and other residents at the ‘fourth crossing of the Palmer River from Cooktown’ to the Police Magistrate at Cooktown ",1875/1781,p.70-71,16 June 1875,,COL/A211; SRS5253/1/212,
ITM846944,SEYMOUR.,Edwardstown; Brisbane; Byerstown.,,,Letter from the Commissioner of Police to the Colonial Secretary; prev 1875/2870 ,1875/2973,p.80-86,26 November 1875,,COL/A214; SRS5253/1/215 ,
ITM846944,CAMPBELL.,Edwardstown; Brisbane.,,,"Petition from the residents of Edwardstown, Palmer River, to the Colonial Secretary; sub 1875/2973 ","1875/2870

in Top number 1875/2973

[Letterbook 48/1851:338 ??]",p.87-90,01 November 1875,,COL/A214; SRS5253/1/215 ,
ITM846970,"JOHNSTONE, Robert; MILLAR; BORNE; MONDAY (Aboriginal boy).",Herbert River.,,,Telegram from Herbert River to the Commissioner of Police ,1876/3305,p.105   ,17 October 1876,,,
"ITM846970
",MILLAR; MONDAY (Aboriginal boy).,Herbert River.,,,Telegram from TB Millar at Herbert River to the Commissioner of Police ,"1876/2163

1876/2370",p.110-111 ,13 October 1876,,COL/A226; SRS5253/1/227,
ITM846970,MONDAY (Aboriginal boy); SHERIDAN; JOHNSTONE; TOWNSEND.,Cardwell; Herbert River; Trinity Bay.,,,Telegram from Police Magistrate at Cardwell to the Colonial Secretary,1876/2370,p.108-109,23 September 1876,,COL/A226; SRS5253/1/227,
ITM846970,MILLAR; MONDAY (Aboriginal boy); CANSDELL; SHERIDAN.,Brisbane,,,Letter from Colonial Secretary to Commissioner of Police,1876/2844 or 1876/2165,p.112-113,9 September 1876,,,
ITM846959,JARDINE; REDLICH.,New Guinea; Sydney; South Sea Islands.,,Contains details regarding Cannibalism ,Letter from Police Magistrate at Somerset to the Colonial Secretary; sub _6/2913 ,1873/838,p.494-504,12 February 1873,,COL/A229; SRS5253/1/230,
ITM846968,"GEORGE, Howard St.",Cooktown.,,,Telegram from Police Magistrate at Cooktown to the Colonial Secretary ,1877/2675,p.112-114,01 May 1877,,COL/A238; SRS5253/1/239,
ITM846970,SEYMOUR.,Palmer River; Stoney Creek; Oakey Creek.,,,"Petition from Chinese and other inhabitants at Stoney Creek Camp, Palmer River, to Colonial Secretary ",1877/3358,p.40-45,02 June 1877,,"COL/A240
COL/A239; 

SRS5253/1/241
SRS5253/1/240",
ITM846975,SEYMOUR.,Palmer District; Cook District.,,,Letter from the Commissioner of Police to the Colonial Secretary ,1877/3617,p.148-149,11 July 1877,,"COL/A245 
COL/A241; 

SRS5253/1/246
SRS5253/1/242",
ITM846981,,,,,Letter from the Clerk of Petty Sessions at Normanton to the Colonial Secretary ,1878/8 Benches Normanton,p.25-26,01 January 1878,,COL/A251; SRS5253/1/252,
ITM846985,BAYNES; RAWLING;,Jondaryan; Toowoomba; ,,,,"1878/2318

78/1115",p.108-110,20 March 1878,,COL/A255; SRS5253/1/256,
ITM846988,MACKENZIE.,Mackay; Fort Cooper Station. ,,,Letter from Mackay District Association to the Colonial Secretary; sub 1878/1951 ,1878/1070,p.25,11 March 1878,,COL/A258; SRS5253/1/259,
ITM846991,"BEDDOME, C.S.; D'ALBERTIS, Signor; SAMOA, Robert; AH CHOW; HASTINGS, Captain; ",Bampton Island; Dauan; Mt Cornwallis Island; Katowi River; Mowarta; Mowarta Town; Somerset; Martiack?,"people of Mowarta, Torres Strait Islands;
people of Bampton Island, Torres Strait Islands",,Letter from the Police Magistrate CS Beddome at Somerset to the Colonial Secretary; sub 336 ,"1878/1 

in top number 1878/2614",p.58-66,08 December 1877,,COL/A261; SRS5253/1/262,
ITM847041,"BARRON, T.; CHESTER, Henry; ARMIT, Sub Inspector; JARDINE, Mr",Thursday Island; Normanton; New Guinea; Jardine River; Brisbane,,,"Correspondence regarding Native Police operations in the Torres Straits. ""Report re instructions given to S.I. [Sub Inspector] Armit""",1394 of 1881,p.24-31,"30 March 1881
14 March 1881
24 February 1881
31 January 1881",,COL/A310,
ITM861035,,Clarence River; New South Wales; Queensland; Palmer Gold Fields; Ipswich,,,"Letter from Colonial Secretary to Colonial Secretary, New South Wales ",1859/25,p.23,28 December 1859,,COL/R1; SRS5333/1/1,
ITM861035,,,,,Letter from Colonial Secretary to Commandant ,1860/112,p.51,2 February 1860,,COL/R1; SRS5333/1/1,
ITM861035,,,,,Letter from Colonial Secretary to Inspector General ,1860/123,p.210,1 June 1860,,COL/R1; SRS5333/1/1,
ITM861035,,,,,Letter from Colonial Secretary to Inspector General ,1860/135,p.214,4 June 1860,,COL/R1; SRS5333/1/1,
ITM861035,"MURRAY, John; SPOONER, William",Brisbane,,,Letter from Colonial Secretary to Inspector General ,1860/137,p.214,4 June 1860,,COL/R1; SRS5333/1/1,
ITM861035,,Brisbane,,,Letter from Colonial Secretary to Inspector General ,1860/142,p.215,6 June 1860,,COL/R1; SRS5333/1/1,
ITM861035,"BOWEN, George",New South Wales; Queensland; Clarence; Mt Lowy; Brisbane,,,"Letter from Colonial Secretary to Colonial Secretary, New South Wales ",1860/15,p.186-187,1 May 1860,,COL/R1; SRS5333/1/1,
ITM861035,,Brisbane; Clarence; Mt Lowy,,,Letter from Colonial Secretary to Inspector General ,1860/16,p.187,4 May 1860,,COL/R1; SRS5333/1/1,
ITM861035,,Brisbane; Maranoa,,,Letter from Colonial Secretary to Inspector General ,1860/173,p.223,15 June 1860,,COL/R1; SRS5333/1/1,
ITM861035,"MURRAY, John",Queensland; Brisbane; New South Wales,,,Letter from Colonial Secretary to Inspector General ,1860/180,p.74,17 February 1860,,COL/R1; SRS5333/1/1,
ITM861035,"BLIGH, John",Brisbane; Sydney,,,Letter from Colonial Secretary to Inspector General ,1860/185,p.226,19 June 1860,,COL/R1; SRS5333/1/1,
ITM861035,POWELL,Brisbane,,,Letter from Colonial Secretary to Inspector General ,1860/202,p.230,21 June 1860,,COL/R1; SRS5333/1/1,
ITM861035,"ROB, Donald",Brisbane; Condamine,,,Letter from Colonial Secretary to Inspector General ,1860/372,p.124,24 March 1860,,COL/R1; SRS5333/1/1,
ITM861035,MONIARTY,Brisbane,,,Letter from Colonial Secretary to Commandant ,1860/381,p.270,8 August 1860,,COL/R1; SRS5333/1/1,
ITM861035,POWELL; WILLIAMS ,Brisbane,,,Letter from Colonial Secretary to Commandant ,1860/383,p.270,7 August 1860,,COL/R1; SRS5333/1/1,
ITM861035,WILLIAMS; CAMERON,Comit River; Brisbane,,,Letter from Colonial Secretary to Inspector General ,1860/450,p.138,12 April 1860,,COL/R1; SRS5333/1/1,
ITM861035,"MOIPET, Rudolf R.",Brisbane,,,Letter from Colonial Secretary to Inspector General ,1860/46,p.194,10 May 1860,,COL/R1; SRS5333/1/1,
ITM861035,MORRISET,Brisbane; Palmerville,,,Letter from Colonial Secretary to Inspector General ,1860/494,p.148,17 April 1860,,COL/R1; SRS5333/1/1,
ITM861035,"CAMERON, Daniel",Brisbane,,,Letter from Colonial Secretary to Inspector General ,1860/53,p.195,11 May 1860,,COL/R1; SRS5333/1/1,
ITM861035,,Brisbane ,,,Letter from Colonial Secretary to Inspector General Morisset ,1860/56,p.36,20 January 1860,,COL/R1; SRS5333/1/1,
ITM861035,,Brisbane,,,Letter from Colonial Secretary to all the Benches of Magistrates ,1860/64,p.39-40,20 January 1860,,COL/R1; SRS5333/1/1,
ITM861035,"WALLACE, P.; BALHAY; DARLEY, F. ",Fortitude Valley; Brisbane,,,Letter from Colonial Secretary to P Wallace ,1860/648,p.180,30 April 1860,,COL/R1; SRS5333/1/1,
ITM861035,"MOIPET, E. R.",Brisbane,,,Letter from Colonial Secretary to Inspector General ,1860/68,p.41,25 January 1860,,COL/R1; SRS5333/1/1,
ITM861035,"CAMERON, Daniel",Brisbane,,,Letter from Colonial Secretary to Daniel Cameron ,1860/72,p.41,25 January 1860,,COL/R1; SRS5333/1/1,
ITM861035,,Brisbane; Colony of Queensland,,,Letter from Colonial Secretary to Inspector General ,1860/77,p.201-202,17 May 1860,,COL/R1; SRS5333/1/1,
ITM861035,,,,,Letter from Colonial Secretary to Inspector General ,1860/94,p.205,19 May 1860,,COL/R1; SRS5333/1/1,
ITM861036,"HERBERT, R. G.; MORTIMER, J.; MORTIMER, A.; HERBERT, R.G.W.","Brisbane, Moreton Bay",,,Letter from Colonial Secretary's Office to Misters J & A Mortimer ,1861/199,p.44,19 March 1861,,COL/R2; SRS5333/1/2,https://www.archivessearch.qld.gov.au/items/ITM861036
ITM861037,"RAMSAY, Horace",Rockhampton,,,"Letter from the Colonial Secretary to Horace Ramsay at Native Police barracks, Rockhampton ",1862/409,p.14,8 July 1862,,COL/R3; SRS5333/1/3,
ITM861037,"PATRICK, AM",,,,Letter from Colonial Secretary to AM Patrick ,1862/433,p.19,16 July 1862,,COL/R3; SRS5333/1/3,
ITM861037,"MORAY, Edward",Maranoa River; Brisbane,,,Letter from the Colonial Secretary to Edward Moray at Brisbane ,1862/473,p.26,4 August 1862,,COL/R3; SRS5333/1/3,
ITM861037,MANSFIELD; PALMER; ROBERTS,Rockhampton; Cape Hillsborough,,,"Letter from the Colonial Secretary to Messrs Mansfield, Palmer & others at Rockhampton ",1862/480,p.27,6 August 1862,,COL/R3; SRS5333/1/3,
ITM861037,"DANGAR, Thos J",Warrego River; Condamine,,,Letter from the Colonial Secretary to Thos J Dangar at Condamine ,1862/574,p.46,19 September 1862,,COL/R3; SRS5333/1/3,
ITM861037,"MOREY, Edmumd",Mitchell Downs; Maranoa,,,"Letter from the Colonial Secretary to Edmund Morey at Mitchell Downs, Maranoa",1862/576,p.47,19 September 1862,,COL/R3; SRS5333/1/3,
ITM861037,"HARRIS, J",Rockhampton,,,Letter from the Colonial Secretary to J Donald Harris at Rockhampton ,1862/593,p.52,1 October 1862,,COL/R3; SRS5333/1/3,
ITM861037,"TOM, Charles",Dingham; Condamine; Maranoa District,,,"Letter from the Colonial Secretary to Charles Tom at Dingham, Condamine ",1862/646,p.61,28 October 1862,,COL/R3; SRS5333/1/3,
ITM861037,"RAMSAY, Horace",Rockhampton,,,"Letter from the Colonial Secretary to Horace Ramsay at Rockhampton. Note: ""Cancelled"" is inscribed over the top of the letter ",1862/753,p.79,28 December 1862,,COL/R3; SRS5333/1/3,
ITM861037,"WILLIAMS, EG","Port Office, Brisbane",,,"Letter from the Colonial Secretary to EG Williams, Port Office, Brisbane ",1862/757,p.80,28 December 1862,,COL/R3; SRS5333/1/3,
ITM861037,BEEVOR,Rockhampton,,,"Letter from the Colonial Secretary to Cadet Beevor, Native Mounted Police at Rockhampton ",1862/763,p.81 ,29 December 1862,,COL/R3; SRS5333/1/3,
ITM861037,"MORRISSET, R",,,,Letter from the Colonial Secretary to Lieutenant R Morisset N. M. Police,1862/764,p.81 ,29 December 1862,,COL/R3; SRS5333/1/3,
ITM861037,RICHARDSON,,,,Letter from the Colonial Secretary to Cadet Richardson N.M. Police,1862/765,p.81 ,29 December 1862,,COL/R3; SRS5333/1/3,
ITM861037,"ARMSTRONG, Maxwell",,,,Letter from the Colonial Secretary to Maxwell Armstrong ,1862/772,p.82,29 December 1862,,COL/R3; SRS5333/1/3,
ITM861037,"FREUDENTHAL, R",,,,Letter from the Colonial Secretary to R Freudenthal N.M. Police,1862/773,p.82,29 December 1862,,COL/R3; SRS5333/1/3,
ITM861037,"GORDON, John",Sandgate,,,Letter from the Colonial Secretary to John Gordon at Ipswich ,1863/121,p.108,11 February 1863,,COL/R3; SRS5333/1/3,
ITM861037,"KENNEDY, WF; CARR",,,,Letter from the Colonial Secretary to WF Kennedy at Tieryboo ,1863/122,p.108,11 February 1863,,COL/R3; SRS5333/1/3,
ITM861037,"BROWNE, Henry",Kangaroo Point,,,Letter from the Colonial Secretary to Henry Browne at Kangaroo Point ,1863/15,p.88,7 January 1863,,COL/R3; SRS5333/1/3,
ITM861037,"BAYLEY, Wallace",,,,Letter from the Colonial Secretary to Wallace Bayley ,1863/155,p.115,26 February 1863,,COL/R3; SRS5333/1/3,
ITM861037,MARLOW,,,,Letter from the Colonial Secretary to Lieutenant Marlow. N.M.Police,1863/156,p.115,26 February 1863,,COL/R3; SRS5333/1/3,
ITM861037,"CAVE, W",Winchester,,,Letter from the Colonial Secretary to Wm Cave ,1863/158,p.116,3 March 1863,,COL/R3; SRS5333/1/3,
ITM861037,"OWEN, Bedell Stanford",,,,Letter from the Colonial Secretary to Bedell Stanford Owen ,1863/176,p.119,5 March 1863,,COL/R3; SRS5333/1/3,
ITM861037,"COMPIGNE, AW",Logan River,,,Letter from the Colonial Secretary to AW Compigne at Logan River ,1863/388,p.140,29 April 1863,,COL/R3; SRS5333/1/3,
ITM861037,"PATRICK, AM",,,,Letter from the Colonial Secretary to AM Patrick ,1863/436,"p.148
and
p.1",20 May 1863,,COL/R3; SRS5333/1/3,
ITM861037,"BAKER, John T",Maryborough,,,Letter from the Colonial Secretary to John T Baker at Maryborough ,1863/46,p.94,12 January 1863,,COL/R3; SRS5333/1/3,
ITM861037,"BROWNE, Henry John",Rockhampton,,,Letter from the Colonial Secretary to Henry John Browne at Rockhampton ,1863/463,p.5,1 June 1863,,COL/R3; SRS5333/1/3,
ITM861037,"RAMSAY, Horace",,,,Letter from the Colonial Secretary to Horace Ramsay ,1863/5,p.87,2 January 1863,,COL/R3; SRS5333/1/3,
ITM861037,"BROWNE, Henry",,,,,1863/58,P.97,14 January 1863,,COL/R3; SRS5333/1/3,
ITM861037,"RICHARDS, Edward",Brisbane,,,Letter from the Colonial Secretary to Edward Richards at Brisbane ,1863/606,p.32,24 July 1863,,COL/R3; SRS5333/1/3,
ITM861037,"FITZSIMMONS, Charles; SHERIDAN, Brimley",Aphis Creek; Lotus Creek,,,Letter from the Colonial Secretary to Charles FitzSimmons at Aphis (Apis) Creek ,1863/693,p.65,17 September 1863,,COL/R3; SRS5333/1/3,
ITM861037,"UHR, Reginald Charles H",,,,Letter from the Colonial Secretary to Reginald Charles H Uhr ,1863/7,p.87,2 January 1863,,COL/R3; SRS5333/1/3,
ITM861037,"CONQUEST, John","Victoria Hill, Brisbane",,,"Letter from the Colonial Secretary to John Conquest at Victoria Hill, Brisbane ",1863/710,p.50,20 August 1863,,COL/R3; SRS5333/1/3,
ITM861037,"RICHARDS, Edward",Brisbane,,,Letter from the Colonial Secretary to Edward Richards at Brisbane ,1863/723,p.53,26 August 1863,,COL/R3; SRS5333/1/3,
ITM861037,"WHEELER, Edward",Sandgate,,,"Letter from the Colonial Secretary to Edward Wheeler at Native Police camp, Sandgate ",1863/732,p.71,12 October 1863,,COL/R3; SRS5333/1/3,
ITM861037,"WEBSTER, GT",Rockhampton,,,"Letter from the Colonial Secretary to GT Webster at Native Police barracks, Rockhampton ",1863/733,p.55,31 August 1863,,COL/R3; SRS5333/1/3,
ITM861037,"STANLEY, Montague H",Rockhampton; Northern Districts; Aogra District,,,Letter from the Colonial Secretary to Montague H Stanley at Rockhampton ,1863/755,p.75,15 October 1863,,COL/R3; SRS5333/1/3,
ITM861037,"YOUNG, GN",Rockhampton,,,Letter from the Colonial Secretary to GN Young at Rockhampton ,1863/794,p.81,27 October 1863,,COL/R3; SRS5333/1/3,
ITM861037,"POWELL, Walter",,,,Letter from the Colonial Secretary to Walter Powell ,1863/9,p.88,5 January 1863,,COL/R3; SRS5333/1/3,
ITM861037,"PATRICK, AM",Brisbane,,,Letter from Colonial Secretary to AM Patrick at Brisbane ,1863/92,p.103,29 January 1863,,COL/R3; SRS5333/1/3,
ITM861037,"SEYMOUR, David",Brisbane,,,Letter from the Colonial Secretary to David Seymour at Brisbane ,1863/951,p.116,29 December 1863,,COL/R3; SRS5333/1/3,
ITM861037,"HUNTER, William",Eurella; Mt Abundance,,,"Letter from the Colonial Secretary to William Hunter at Eurella, Mt Abundance ",1864/18,p.123,7 January 1864,,COL/R3; SRS5333/1/3,
ITM861037,"CROFTIN, James TA",Rosenthal; Warwick,,,"Letter from the Colonial Secretary to James TA Croftin at Rosenthal, Warwick ",1864/7,p.121,5 January 1864,,COL/R3; SRS5333/1/3,
ITM861037,"FRANK, David",North Creek; Isaacs River; Rockhampton,,,"Letter from Colonial Secretary to David Frank, Camp Sergeant at North Creek, Isaacs River via Rockhampton ",1864/8,p.121,5 January 1864,,COL/R3; SRS5333/1/3,
ITM861249,,,,,Letter from the Colonial Secretary's office to the Police Magistrate at Gayndah ,1862/712,p.144,27 September 1862,,COL/Q2; SRS5360/1/2,
ITM861249,"MANNING, A.W.; RAMSAY, Horrie (?)",,,,Letter from the Colonial Secretary's office to the Commandant of Native Police,1862/830,p.173,13 December 1862,,COL/Q2; SRS5360/1/2,
ITM861249,,,,,Letter from the Colonial Secretary's office to the Commandant of Native Police,1862/834,p.173,18 December 1862,,COL/Q2; SRS5360/1/2,
ITM861249,,,,,Letter from the Colonial Secretary's office to the Commandant of Native Police,1862/835,p.173,18 December 1862,,COL/Q2; SRS5360/1/2,
ITM861249,"WALKER, Frederick; JOHNSON, Ralph; GLENN, Mr; LIVING(?), Mr; BERNAYS, L.A.",Rockhampton,,,Letter from the Colonial Secretary's office to the Commandant of Native Police,1862/841,p.175,19 December 1862,20 November 1862,COL/Q2; SRS5360/1/2,
ITM861249,,,,,Letter from the Colonial Secretary's office to Lt. Wheeler at Sandgate,Q1862/842,p.175,20 December 1862,,COL/Q2; SRS5360/1/2,
ITM861249,,,,,Letter from the Colonial Secretary's office to the Commandant of Native Police,1862/843,p.175,20 December 1862,,COL/Q2; SRS5360/1/2,
ITM861249,"WALKER, Frederick; JOHNSON, Ralph; MANNING, A.W.",,,,Letter from the Colonial Secretary's office to the Commandant of Native Police,1862/847,p.176,22 December 1862,,COL/Q2; SRS5360/1/2,
ITM861249,,,,,Letter from the Colonial Secretary's office to the Commandant of Native Police,1862/851,p.177,23 December 1862,,COL/Q2; SRS5360/1/2,
ITM861249,,,,,Letter from the Colonial Secretary's office to the Commandant of Native Police,1862/852,p.177,23 December 1862,,COL/Q2; SRS5360/1/2,
ITM861249,"WHEELER, Lieut.; MANNING, A.W.",,,,Letter from the Colonial Secretary's office to Lt. Wheeler at Sandgate,1862/856,p.178,23 December 1862,,COL/Q2; SRS5360/1/2,
ITM861249,,,,,Letter from the Colonial Secretary's office to the Commandant of Native Police,1862/864,p.179,29 December 1862,,COL/Q2; SRS5360/1/2,
ITM861249,,,,,Letter from the Colonial Secretary's office to the Commandant of Native Police,1862/868,p.180,31 December 1862,,COL/Q2; SRS5360/1/2,
ITM861249,,,,,Letter from the Colonial Secretary's office to the Commandant of Native Police,1863/861,p.357,23 November 1863,,COL/Q2; SRS5360/1/2,
ITM861249,,,,,"Letter from the Colonial Secretary's office to Lt. F.W. Carr at Euleutha, Surat ",1863/891,p.363,2 December 1863,,COL/Q2; SRS5360/1/2,
ITM861249,"WHEELER, Lieut.; MANNING, A.W.",Sandgate; Brisbane River; Bunya Bunya country,,,Letter from the Colonial Secretary's office to Lt. Wheeler at Sandgate,1863/895,p.364,3 December 1863,,COL/Q2; SRS5360/1/2,
ITM861250,,,,,Letter from the Colonial Secretary's office to T.H.B. Barron at Warrego via Roma,1864/621,p.184,19 December 1864,,COL/Q3; SRS5360/1/3,
ITM861250,,,,,"Letter from the Colonial Secretary's office to G.P. Murray, Native Police, Rockhampton",1864/66,p.20,4 February 1864,,COL/Q3; SRS5360/1/3,
ITM861250,,,,,Letter from the Colonial Secretary's office to the Commissioner of Police,1864/678,p.157,12 October 1864,,COL/Q3; SRS5360/1/3,
ITM861250,,,,,Letter from the Colonial Secretary's office to the Commissioner of Police,1865/110,p.212,4 February 1865,,COL/Q3; SRS5360/1/3,
ITM861250,,,,,Letter from the Colonial Secretary's office to the Commissioner of Police,1865/112,p.213,4 February 1865,,COL/Q3; SRS5360/1/3,
ITM861250,,,,,Letter from the Colonial Secretary's office to the Commissioner of Police,1865/118,p.214,6 February 1865,,COL/Q3; SRS5360/1/3,
ITM861250,,,,,Letter from the Colonial Secretary's office to T.H.B. Barron at Charleville,1865/126,p.217,8 February 1865,,COL/Q3; SRS5360/1/3,
ITM861250,"BLAKENY, Sub Inspector; MANNING, A.W.",Cardwell,,,Letter from the Colonial Secretary's office to the Police Magistrate at Cardwell ,1865/158,p.223,16 February 1865,,COL/Q3; SRS5360/1/3,
ITM861250,"SPRAY(?), Mr; MANNING, A.W.",Bowen; Cape River,,,Letter from the Colonial Secretary's office to the Police Magistrate at Bowen,1865/169,p.225,21 February 1865,,COL/Q3; SRS5360/1/3,
ITM861250,,,,,Letter from the Colonial Secretary's office to Lt. Wheeler at Sandgate,1865/217,p.235,9 March 1865,,COL/Q3; SRS5360/1/3,
ITM861250,,,,,Letter from the Colonial Secretary's office to the Commissioner of Police,1865/251,p.243,23 March 1865,,COL/Q3; SRS5360/1/3,
ITM861250,,,,,Letter from the Colonial Secretary's office to the Commissioner of Police,1865/257,p.244,25 March 1865,,COL/Q3; SRS5360/1/3,
ITM861250,,,,,Letter from the Colonial Secretary's office to the Commissioner of Police,1865/384,p.270,16 May 1865,,COL/Q3; SRS5360/1/3,
ITM861250,,,,,Letter from the Colonial Secretary's office to the Commissioner of Police,1865/420,p.278,26 May 1865,,COL/Q3; SRS5360/1/3,
ITM861250,,,,,Letter from the Colonial Secretary's office to the Commissioner of Police,1865/433,p.280,29 May 1865,,COL/Q3; SRS5360/1/3,
ITM861250,,,,,Letter from the Colonial Secretary's office to the Police Magistrate at Cardwell ,1865/447,p.283,3 June 1865,,COL/Q3; SRS5360/1/3,
ITM861250,,,,,Letter from the Colonial Secretary's office to the Commissioner of Police,1865/476,p.289-290,22 June 1865,,COL/Q3; SRS5360/1/3,
ITM861250,,,,,Letter from the Colonial Secretary's office to the Commissioner of Police,1865/498,p.294,22 June 1865,,COL/Q3; SRS5360/1/3,
ITM861250,,,,,Letter from the Colonial Secretary's office to the Commissioner of Police,1865/499,p.294,22 June 1865,,COL/Q3; SRS5360/1/3,
ITM861250,,,,,Letter from the Colonial Secretary's office to the Commissioner of Police,1865/573,p.308,13 July 1865,,COL/Q3; SRS5360/1/3,
ITM861250,,,,,Letter from the Colonial Secretary's office to the Commissioner of Police,1865/630,p.319,8 August 1865,,COL/Q3; SRS5360/1/3,
ITM861250,,,,,Letter from the Colonial Secretary's office to the Commissioner of Police,1865/675,p.328,24 August 1865,,COL/Q3; SRS5360/1/3,
ITM861250,"MANNING, A.W.",Lower Warrego River; Barcoo River,,,Letter from the Colonial Secretary's office to the Commissioner of Police,1865/696,p.334,4 September 1865,,COL/Q3; SRS5360/1/3,
ITM861250,,,,,Letter from the Colonial Secretary's office to the Commissioner of Police,1865/720,p.339,13 September 1865,,COL/Q3; SRS5360/1/3,
ITM861250,,,,,Letter from the Colonial Secretary's office to the Commissioner of Police,1865/721,p.339,14 September 1865,,COL/Q3; SRS5360/1/3,
ITM861250,,,,,Letter from the Colonial Secretary's office to the Commissioner of Police,1865/722,p.339,14 September 1865,,COL/Q3; SRS5360/1/3,
ITM861250,,,,,Letter from the Colonial Secretary's office to the Commissioner of Police,1865/763,p.348,26 September 1865,,COL/Q3; SRS5360/1/3,
ITM861250,,,,,Letter from the Colonial Secretary's office to the Commissioner of Police,1865/788,p.353,3 October 1865,,COL/Q3; SRS5360/1/3,
ITM861250,"MURRAY, Inspector; MANNING, A.W.",Valley of Lagoons; Cardwell,,,Letter from the Colonial Secretary's office to the Police Magistrate at Cardwell ,1865/80,p.206,26 January 1865,,COL/Q3; SRS5360/1/3,
ITM861250,,,,,Letter from the Colonial Secretary's office to the Commissioner of Police,1865/87,p.207,30 January 1865,,COL/Q3; SRS5360/1/3,
ITM861250,,,,,Letter from the Colonial Secretary's office to the Commissioner of Police,1865/877,p.367,2 November 1865,,COL/Q3; SRS5360/1/3,
ITM861250,,,,,Letter from the Colonial Secretary's office to the Commissioner of Police,1865/882,p.368,3 November 1865,,COL/Q3; SRS5360/1/3,
ITM861250,,,,,Letter from the Colonial Secretary's office to the Commissioner of Police,"1865/889

1865/887",p.369-370,3 November 1865,,COL/Q3; SRS5360/1/3,
ITM861631,"RAWLINS, Fred",Burke District; Etheridge District,,,Letter from Under Colonial Secretary to Police Magistrate at Etheridge (Georgetown) ,104/1879,p.27,17 January 1879,,COL/G276; SRS5370/2/5,
ITM867892,"INDANE, William; NELLY (Aboriginal woman); LITTLE, Robert; CRAIG, Robert",Maryborough; Mount Coora,,,Maryborough Court House Regina V William Indane ,,p.1-3,21 October 1875,11 May 1875,CCT3B/N19; SRS5521/2/16,
ITM867894,"PRING, Ratcliffe; ALBERT (Aboriginal man); JENNY (Aboriginal woman); LITTLE, Robert; WATSON, Absalom; POWER, John Joseph; DAWSON, James; SHEA, Bartholomew; BUTTANSHAW, Henry R.",Maryborough,,,Trial of Albert at Maryborough ,1877/3,p.1-26,19 April 1877,24 February 1877,CCT3B/N21; SRS5521/2/18,
ITM867895,"TOBY; CUNNINGHAM, John; SHEA, Jerimiah; BUTTANSHAN, HR; KELLY, Patrick; HARRICKS, John Hugh; STURT, Thomas James; LING, Thomas; DARRALL",Maryborough; Frasers Island; Boarada Creek,,,Depositions of Witnesses at the trial of Toby for the murder of John Cunningham,,p.1-35,06 June 1878,14 October 1877,CCT3B/N22; SRS5521/2/19,
ITM867895,"TOBY; CUNNINGHAM, John; SHEA, Jerimiah",Maryborough; Frasers Island; ,,,"Maryborough Circuit Court The Queen against ""Toby"" for Murder",,p.1-3,10 April 1878,14 October 1877,CCT3B/N22; SRS5521/2/19,
ITM867895,"BRANDY (Aboriginal man); SINCLAIR, Jane; SINCLAIR, Guthrie; SINCLAIR, Mary; KEEFE, Agnes; SMITH, Mary; GALLAUGHER, Peter; RANKIN, John; CONNOLLEY, John; LUTWYCHE",Maryborough; Knockbreke; Gayndah,,,"Maryborough Circuit Court Regina v ""Brandy"" (an aboriginal) ",,p.1-27,17 October 1878,4 July 1878,CCT3B/N22; SRS5521/2/19,
ITM87287,"NORRIS, James H.; ISLEY, Inspector",Cairns; Smithfield,,,Letter from Constable James Norris to Inspector Isley at Cairns ,1878/120,p.23 ,23 February 1878,,POL12M/G1; PRV10800/1/1,
ITM87831,NULLA,Cooktown,,,Criminal Offence Register entry: Desertion of trooper Nulla at Cooktown,,p.17,11 August 1879,11 August 1878,POL12D/Q1; PRV10958/1/1,
ITM92481,"BAKER, Harry (an aboriginal); COCKLE, James",Toowoomba,,,Letter from the Colonial Secretary to Chief Justice Sir James Cockle regarding a petition from Harry Baker (an aboriginal),1870/479,p.1-2,29 September 1870,,SCT/A5; PRV11529/1/1,
ITM950279,,,,,Letter from New South Wales Auditor General to Attorney General ,1860/271,p.3-4,19 March 1860,,TRE/A1; SRS6232/1/1,
ITM950279,,,,,Letter from Inspector General of Police to Colonial Treasurer,1860/271,p.1-2,23 April 1860,,TRE/A1; SRS6232/1/1,
ITM950294,MORISSET; BRITTAIN; THORNTON; JOHNSTONE.,Trinity Bay; Brisbane; Dickson River; Cape Grafton; False Cape; Cardwell; Thornton; Bellenden Ker.,,,Letter from Customs Collector at Cardwell to Collector of Customs at Brisbane ,1876/1647,p.1-11,02 August 1876,,TRE/A16; SRS6232/1/16,
ITM950294,"SHERIDAN, Mr; JOHNSTONE, Inspector; WHITE, Mr (Surveyor); ","Thornton, ""The Gap"", The Range, Herbert, ",,,"Note from unknown, regarding Mr Sheridan's report of survey for road near the Herbert and Native Police protection",1876/1647,p.1,24 August 1876,,TRE/A16; SRS6232/1/16,
ITM950294,SPENCE; SHERIDAN; DOUGLAS; WARNER.,Cardwell; Brisbane; Trinity Bay; River Barron.,,,Telegram from D Spence at Cardwell to Collector of Customs at Brisbane ,1876/2052,p.1-7,10 October 1876,,TRE/A16; SRS6232/1/16,
ITM950294,SPENCE; SHERIDAN; SHARKEY. ,Trinity Bay; Barron River; Cooktown; Hodgkinson.,,,Letter from D Spence to Collector of Customs ,1876/2196,p.1-4,16 October 1876,,TRE/A16; SRS6232/1/16,
ITM950295,"SINCLAIR, William.",Cooktown; Port Essington; Cape Sidmouth.,,,Letter from Collector of Customs at Cooktown to Collector of Customs at Brisbane ,1877/1092,p.1-4,24 April 1877,,TRE/A17; SRS6232/1/17,
ITM950295,"GEORGE, Howard St; FAHEY.",Cooktown.,,,Letter from Police Magistrate at Cooktown to the Colonial Secretary ,1877/1213,p.1-3,31 March 1877,,TRE/A17; SRS6232/1/17,
ITM950295,"CHESTER; POWELL, Walter; HASTINGS, Joseph; CHAPMAN.",Somerset; Goode Island; Brisbane.,,,Letter (numbered 1877/369) from the Police Magistrate at Somerset to the Colonial Secretary ,1877/356,p.1-2,20 January 1877,,TRE/A17; SRS6232/1/17,
ITM950296,WALSH; MCCARTHY.,Brisbane; Port Douglas; Island Point; Cairns. ,,,Letter from the Colonial Treasurer and the Customs and Harbours Departments to Collector of Customs and Postmaster ,1877/2667,p.1-9,14 December 1877,,TRE/A18; SRS6232/1/18,
ITM950297,GELLIS; BRITTAIN.,Brisbane; Cardwell; Tam O'Shanter Point.,,,Telegram from AA Gellis at Cardwell to Collector of Customs at Brisbane ,1878/1142,p.2,31 May 1878,,TRE/A19; SRS6232/1/19,
ITM950297,MCMILLAN.,Port Douglas; Cairns; Island Point; Townsville; Smithfield; Cooktown; Thornborough.,,,Colonial Treasurer's Remarks on Northern Ports,1878/157,p.1-19,24 January 1878,,TRE/A19; SRS6232/1/19,
ITM950297,FAHEY.,Cooktown.,,,Telegram from B Fahey at Cooktown to Treasury ,1878/18,p.1,01 January 1878,,TRE/A19; SRS6232/1/19,
ITM950297,"CADELL; DUFF, David; TUCKER.",Thursday Island; Cooktown; Horn Island; Essington.,,,Telegram from David Duff at Cooktown to Collector of Customs at Brisbane ,1878/1914,p.1,07 September 1878,,TRE/A19; SRS6232/1/19,
ITM950297,TIFFIN; HUGHES; JOHNSTONE.,Newcastle; Cardwell; South Barnards.,,,Telegram from Police Magistrate at Cardwell to Treasurer ,1878/1918,p.1-2,09 September 1871,,TRE/A19; SRS6232/1/19,
ITM950297,"SPENCE, D., Sub Collector; ",Townsville; Cairns; Johnstone River; Port Douglas; ,,,Telegram from Sub Collector of Customs at Cairns to the Collector of Customs at Brisbane ,1878/752,p.1,15 April 1878,,TRE/A19; SRS6232/1/19,
ITM95426,"APJOHN, William Sergeant; PETRIE, John, J.P.; JOHNNY (Aboriginal); BRIEN, Emma; HOUGH, John; HOUGH, Marianne; WARRY, T.S., J.P.; BROWN, William Anthony P.M.; DRURY, S.R., J.P.; MALCOLM, Tommy (Aboriginal); PETERSON; ",Brisbane; ,,,Trial at Brisbane of Johnny ,No 1,p.1-34,14 January 1862,,SCT/CC12; PRV11628/1/33,
ITM95695,"BRISBANE, Johnny (Aboriginal); LILLEY, I.; PENDLETON, James; LOVE, A; CLANCY, T.; LOVEKIN, I.I.; KING, Captain (Aboriginal); LARSON, John Fang; FARQUARSON, John, Constable; O'DOHERTY, Kevin Izou, Dr; LOW, James; BROWN, Charley; DEY, William Huey, P.M.; OLD CHARLEY (Aboriginal); ",Brisbane; Yandina; Cobbs Camp; Maroochie River; Tewantin; Noosa;,,,Trial at Brisbane of Johnny Brisbane ,No 4,p.1-27,02 July 1874,,SCT/CC28; PRV11628/1/302,
ITM846900,"MCLENNAN, N, Mail contractor Marlborough; LEFARD(?), M., Attorney General; FOWLER (Aboriginal); ANDREWS; NORTH; ILLIDGE, line repairman; ??, Insp; O'LEARY, Constable; MACDONALD, I.F., Insp.; MACKAY, C., Insp.; MYLRED (?); WHEELER, Fred., Insp N.M.D.; BARRON, I.H., Acting Commissioner of Police;",Marlborough; Port Mackay; Yaamba; ??nish; Lake Learmouth; ,Zaamba,,"Letter from Inspector Wheeler at Marlborough barracks to Acting Commissioner Barron [COL/A170, 1872/2452]",1872/2452 ,p.151-153,01 August 1872,,COL/A170,
ITM1623009,"BROOKE, Fitzherbert (JP); HUME, Andrew; MCKAY DUNNE, J.; CLASSEN, Adolf; LEICHARDT, Ludwig; O'HEA, Timothy; THOMPSON, Lewis; DOYLE; BENNETT; ","Bingara, Warrego District; Bulloo River; Nocatunga Station; Wilson River; Cooper's Creek; Mungindi; Mount Stuart;",,,"Magesterial inquiry into the death of Andrew Hume, leader of the search party sent to find Adolf Classen, believed survivor of the Leichhardt expedition",,all,07 December 1874,,JUS/N42,
ITM282366,"MARLOW, Inspector; REDMOND, Thomas, Constable; FINCH, Sub Insp; CARR, Acting Sub Insp; MURRAY, Const.; MCCARTHY, Acting Sub Insp; JOHNSTONE, A.S.I.; ST GLORY, Comm.; CROMPTON, A.S.I.; MURPHY, Ex Const.; SHERIDAN, Senr. Const.; WHEELER, INative Polices.; SEYMOUR, Mr; ELLIOT, S.I.; MELDRUM, Senr Sergt; STUART, A.S.I.; DOYLE, Sergt Mackay; MATHERS, Sergt, Bowen; HIGGINGS, Sergt, Townsville; GOUGH, A.S.I.;",Springsure; Dalrymple; Capeville; Mt Emu Plains; Gilberton; Etheridge; Cashmere; Cardwell; Rockhampton; Westwood; Gainsford; Townsville; Bowen; St Lawrence; Ravenswood; Waterview; Herbert River; Mackay; Normanton; Gelndhu;,,,"Letter from Chief Inspector Murray at Native Police headquarters, Springsure to Police Commissioner [Prov. Unknown]",1872/19,p.113-117,14 May 1872,,A/36335; RSI2721/1/1,
ITM846979,"MOREY, Edmund, P.M. Cairns; WAHLKE, August;  REGAN, Thomas Mauby(?) Black;",Island Point; Daintree River; Townsville; Salisbury; Cairns;,,,"Telegram from Customs Collector at Port Douglas [COL/A249, 1877/5704]",1877/5704 ,p.6-8,15 November 1877,,COL/A249,
ITM564889,,,,,,,,22 May 1872,,QSA item 564889,
ITM846919,"BAIRD, James C.; DUMAREQ; ",Cardwell; Cashmere; Palmer; Etheridge; Dalrymple Gap;,,,"Telegram from JC Baird at Cardwell to the Colonial Secretary [COL/A189, 1873/2483]",1873/2483 (p479),"p.44 
",29 September 1873,,COL/A189,
ITM846751,"GENATAS; DARLEY; CANE; WALKER, Frederick; BLIGH; MORISSET, A.V.; ",,,,,1861/1089,p.8-11,6 May 1861,,Prov. unknown,
ITM846751,"WALKER, Frederick; PATRICK; DENISON; HOPE; ROLLESTON; BLIGH",Rockhampton; Comet River;,,,,1861/1250,p.7,21 May 1861,,Prov. unknown,
ITM846751,"PATRICK(2nd Lieut.); DUTTON, C.F.; CARMODY, Sergeant; BLIGH",Comet; ,,,,1861/1347,p.182-183,27 May 1861,,Prov. unknown,
ITM846754,"MORISSET, A.V",Rockhampton,,,,1861/283,p.111-112,2 February 1861,,Prov. unknown,
ITM846751,"WALKER, Frederick; BLIGH; MORISSET, A.V.; CAMERON; DENISON; HOPE; ROLLESTON; SUTTER; GREGG; PATRICK; DUTTON, Chas;",Planet Creek; Albinia[?] Downs; Brown (or Comet) River; ,,,,1861/944,p.9-11,3 April 1861,"March, 1861",Prov. unknown,
ITM846760,"BLAKENEY, Chas",Coopers Plains,,,,1862/1539,p.116 LHS,27 May 1862,27 May 1862,Prov. unknown,
ITM564982,"WHEELER; JOHNNY (noted as My Boy Johnny so assuming Aboriginal man?); MARLOW, John; MOORE DILLON, I;",Pentland Hills,,,,1866/10,p.180-181,1 July 1866,,A/40323,
ITM564982,"DILLON, I. M.; WHEELER; MURRAY, George; ",Port Denison; Upper Burdekin; Reedy Lake;,,,,"1866/10, No 413",p.177-178,14 July 1866,,A/40323,
ITM564982,"MARLOW, John; DILLON, I.M.; MURRAY, G.P.M.",Upper Burdekin; Rockhampton,,,,1866/2187,p.175,14 July 1866,,A/40323,
ITM867880,"WARD, Joseph Haydon; KITTY (Aboriginal woman); TRAVIS, Thomas; PHILPOTT, James; WARNER, John; GOODWIN, Andrew; MCALISTER, Patrick; SMITH, George; PIETYKER(?), William; CULNSEE (?), Peter; PENFOLD, Henry; REGAN, Daniel; GALBRAITH, George; YOUNGHUSBAND, Walter; PATERSON, Alexander; CURTIS, George Silas; BUCHANAN, James; LA BARTE, Joseph; CATTLIN, Edward William; PATERSON, William; HILL, Sergeant George; PALMER, Dr Edward Fielding; FERRY, Constable Manes; CURTIS, George;  GILES, William Causebrook; WHITE; BROWN, J.G.; WEARIN; CAVINGTON","Maryborough; Royal Hotel, Maryborough; Kent Street;",,,,Inquest attached to No 6,,17 September 1864,17/09/1964,CCT/ 3B/N7,
ITM17703,"JARDINE, Mr; BOWEN, G.F; HARAN, Dr; PEACHER, Mr; Geographical Society; Board of Trade",London; Somerset; New Guinea; Port Albany,,,"Despatch from Secretary of State for Colonies at London, Downing Street to Governor Bowen ",1866/18,p.77-80,26 March 1866,26 March 1866,GOV/7,
ITM22063,"MACALISTER; ROBERTS, Emmanuel; MCHAY; CLARK [the butcherand dairyman]; BROAD, T.; SCOTT",Cardwell; Mackay Valley; The Tableland; Menya (?) Creek; Van (?) Creek;,,,,1865/2763,all,27 October 1865,,"LWO/A27, ",
ITM?,JAMES HUNTER (Aboriginal),"Cardwell, Rockhampton",,,"Discharge from Rockhampton Gaol of James Hunter (Aboriginal, 25, born NSW) ",,p.78,xx September 1867,,"QPG, 1867:78",
ITM2801526,"PHIBBS, Charles Hamilton; BLAKENEY, Charles, W.; ROBERTS, Darrell F.; PHIBBS, Susan; DALY, Thomas William; SHANE (?), John Mackenzie; WRIGHT, Gilbert; BLAKENEY, William Theophilus; DALY, Jeremiah","Rockhampton; Brisbane; Kingston, Dublin;",,,,,all,22 September 1861,22 September 1861 ,SCT/ P3/169,
ITM1468908,"RYAN, Bridget; GEORGIE (Aboriginal man); RYAN, Thomas; PEACOCK, Colin; CRIBB, Benjamin; DUNN, James; CARSON, William; OWENS, Robert Samuel; CHALLINOR, Henry",Ipswich,,Contains details regarding rape,Trial at Ipswich of Georgie for rape of Bridget Ryan,4,p.2-34,18 November 1861,11 October 1861,SCT/CC11,
ITM103549,,,,,Letter from surveyor AF Wood to the Surveyor General Re. location for the Native Police Barracks in the vicinity of Rockhampton,1865/475,All (p.2-4),8 February 1865,,SUR/A23,
ITM103549,,,,,"Letter from Walter Hill at Botanic Gardens, Brisbane, to Surveyor General ",1865/484,All (p.2-3),9 February 1865,,SUR/A23,
ITM103549,,,,,Letter from surveyor re. Native Police Paddock,1865/719,All (p.2-4),25 February 1865,,SUR/A23,
ITM107790,,"Gilberton, Cardwell, Georgetown, Brisbane",,,Letter (numbered 1874/220) from George Dalrymple to Works Dept re. Gold Field abondonned and over run by Blacks,"1874/348

also numbered 1874/220",p.497-498,22 January 1874,,WOR/A77; PRV12635/1/546,
ITM107790," CHARTERS; CLEMENT (Aboriginal man); SELLHEIM; STONEBRIDGE, Constable; ST GEORGE, Howard",Junction Creek; Cooktown; Georgetown; Palmerston,,,,1874/160,p.38-40,16 November 1873,24/16th November 1873,WOR/A77; PRV12635/1/546,
ITM107790," CHARTERS; CLEMENT (Aboriginal man);  STONEBRIDGE, Constable; BUNGLE (Aboriginal man); ST GEORGE, Howard",Junction Creek;  Georgetown; ,,,,1874/160,p.41-42,27 November 1873,27 November 1873,WOR/A77; PRV12635/1/546,
ITM107880,,,,,"Telegram from Engineer of Roads at Townsville to Under Secretary, Works Dept",1877/2871,p.17,18 June 1877,,WOR/A133; PRV12635/1/602,
ITM107880,,,,,Report from JV Mulligan at Thornborough to Works Dept;,1877/2969,p.12,12 June 1877,,WOR/A133; PRV12635/1/602,
ITM107880,,,,,"Telegram from Holder, Byrne & Co at Cooktown to Works Dept;",1877/2972,p.11,22 June 1877,, WOR/A133; PRV12635/1/602,
ITM107880,,,,,Telegram from Sub collector at Cairns to Colonial Treasurer,1877/3087,p.16,27 June 1877,,WOR/A133; PRV12635/1/602,
ITM107880,,,,,"Telegram from J Walsh Chairman of Committee at Cooktown, to Minister for Works Dep",1877/3088,p.10,28 June 1877,,WOR/A133; PRV12635/1/602,
ITM107880,,,,,Telegram from Progress Committee at Cooktown (‘per J Flood’) to Works Dept,1877/3202,p.7-8,04 July 1877,,WOR/A133; PRV12635/1/602,
ITM107880,,,,,Report from Engineer of Roads at Bowen to Works Dept,1877/3450,p.5-6,16 July 1877,,WOR/A133; PRV12635/1/602,
ITM107880,,,,,Letter from John Walsh at Cooktown to Minister Works Dept,1877/3515,p.4,20 July 1877,,WOR/A133; PRV12635/1/602,
ITM107880,,,,,Memo from Customs Dept to Works Dept ,1877/3563,p.1-3,23 July 1877,,WOR/A133; PRV12635/1/602,
ITM107880,,,,,Report from Engineer of Roads McMullan at Bowen to Under secretary Works Dept,1877/4545,p.2,11 September 1877,,WOR/A133; PRV12635/1/602,
ITM107880,,,,,Report from Engineer of Roads McMullan at Bowen to Under secretary Works Dept,1877/4581,p.1,13 September 1877,,WOR/A133; PRV12635/1/602,
ITM107878,,,,,Letter to T Coyde at Port Owen from G Sinton ,1877/4609,p.1-2,11 September 1877,,WOR/A133; WOR/A165 ,
ITM108353,,,,,Works corres. Letter re sketch of Cape York Telegraph line,3021 of 1885,p.1,07/11/1885,,WOR/A640,
ITM108639,,,,,"Register of letters received No. 14, Report fro Engineer at Bowen to Works Depatment regarding high cost of beef and sugar ",1878/3143,p.85,21 June 1878,,WOR/B14; PRV12663/1/14,
ITM108639,,,,,"Register of letters received No. 14, Letter from M Walsh and RC Emanuel, Chairman and Secretary of Port Douglas Roads Board to Works Dep",1878/3230,p.92,26 June 1878,,WOR/B14; PRV12663/1/14,
ITM108639,,,,,"Register of letters received No. 14, Letter from Mulligan and McElroy, Chairman and Secretary of Thornborough Roads Board to Works Dep",1878/3240,p.93,25 June 1878,,WOR/B14; PRV12663/1/14,
ITM108639,,,,,"Register of letters received No. 14, Letter from Secretary of Hodgkinson Road Board to Works Dept",1878/3475,p.111 ,01 July 1878,,WOR/B14; PRV12663/1/14,
ITM108639,,,,,"Register of letter received No. 14, Memo from Treasury to Works Dept",1878/3956,p.147,09 August 1878,,WOR/B14; PRV12663/1/14,
ITM108639,,,,,"Register of letters received No. 14, Letter from H Barr, Secretary of Cairns Progress Assoc to Works Dept",1878/5103,p.235,05 October 1878,,WOR/B14; PRV12663/1/14,
ITM108639,,,,,"Register of letters received No. 14, Report from Roads Engineer at Bowen to Works Dept; prev 1878/5249; away ",1878/5348,P.254,25 October 1878,,WOR/B14; PRV12663/1/14,
ITM17668,"BRIDGEMAN, Mr; RANSOM, Mr; MACLEAN, Mr; LONG, MR; CAIRNS, W.W; CARNARVON; ",Mackay,,,"Despatch from the Governor of Queensland (CAIRNS) to the Right Honourable the Earl of Carnarvon, Secretary of State for the Colonies ",,p.70,16 June 1876,16 June 1876,GOV/35,
ITM17668,,,,,"Despatch from the Governor of Queensland (CAIRNS) to the Right Honourable the Earl of Carnarvon, Secretary of State for the Colonies ",,p.43-44,16 September 1874,,GOV/35,
ITM17668,"CAIRNS, W.W; CARNARVON; CARROLL, Sub Inspector; ",,,,"Despatch from the Governor of Queensland (CAIRNS) to the Right Honourable the Earl of Carnarvon, Secretary of State for the Colonies ",,p.77,28 December 1876,28 December 1876 ,GOV/35,
ITM1268824,"WILLS, Horatio",Cullin-la-Ringo,,,"Map of Cullin-la-Ringo run, 1877",,n/a (map),19/02/1905,n/a,,
ITM1268825,"WILLS, Horatio",Cullin-la-Ringo,,,"Map of Cullin-la-Ringo run, 1877",,n/a (map),19/02/1905,n/a,,
ITM1268826,"WILLS, Horatio",Cullin-la-Ringo,,,"Map of Cullin-la-Ringo run, 1877",,n/a (map),19/02/1905,,,
ITM1268827,"WILLS, Horatio",Cullin-la-Ringo,,,"Map of Cullin-la-Ringo run, 1877",,n/a (map),19/02/1905,,,
ITM16935,,,,,"Executive Council Minute relating to process for distributing blankets to the Aborigines. The role to be given to the Inspector General of Police, and involve the Native Police Force",1860/21,p.15-17,3 May 1860,,,
ITM16936,,,,,"Executive Council Minutes , letter requesting rifles and ammunition",1860/37,"18-45, possible relevance 42-43",13 August 1860,,,
ITM16936,HETHERINGTON; PALMER,Gladstone,,,Executive Council Minute L re: purchase of Gladstone Native Police building,1860/42,"154-173, with Native Police mentioned 167-169",10 September 1860,,,
ITM16936,,Burdekin River,,,Executive Council Minutes A & B re: Native Police Force,1860/44,"200-235, with Native Police mentioned 201-202",24 September 1860,,,
ITM16936,POWELL; BLAKENEY; MARLOR (?),Burdekin River,,,"Executive Council Minutes F, G & H re: Native Police Force",1860/45,"236-262, with Native Police mentioned 242-246",1 October 1860,,,
ITM16936,"GENATAS, G (?)",,,,Executive Council Minute Q re: Native Police Force,1860/46,"263-289, with Native Police mentioned 281",8 October 1860,,,
ITM16936,BRIGGS; BLIGH; ROLLESTON; LANE,Rockhampton; Wide Bay; Albinia Downs Station,,,Executive Council Minutes re: Native Police + murder of Fanny Briggs,1860/56,"482-524, Native Police mentioned 496, 501-502, 508-509",3 December 1860,,,
ITM16936,,,,,Executive Council Minute V re: Native Police,1860/57,"525-570, native police mentioned 549-550",11 December 1860,,,
ITM16936,BUTTON,Albinia Downs; Repulse Creek,,,Executive Council Minute J re: Native Police,1860/58,"571-603, native police mentioned 583",17 December 1860,,,
ITM16936,"BRIGGS; MORROW, Myabrid (?)",n/a,n/a,,Executive Council Minute K re: reward offered for murderer of Fanny Briggs,1860/59,"604-627, event mentioned 617-618",24 December 1860,,,
ITM16936,"Tommy; WHEELER, Frederick","Normanby Station, near Ipswich",n/a,,"Executive Council Minute K re: shooting of Aboriginal man, Tommy, at Normanby Station near Ipswich",1860/60,"628-662, event mentioned 642",31 December 1860,,,
ITM16937,MORISSET,n/a,n/a,,Executive Council Minute A re: salary for Native Police officer Morisset,1861/10,3,4 March 1861,n/a,,
ITM16937,DALRYMPLE,Burdekin; Kennedy,n/a,,Executive Council Minute R re: command of Native Police near Burdekin,1861/12,30-31,18 March 1861,n/a,,
ITM16937,"WHEELER, Frederick",Fassifern,unknown,,Executive Council Minute B re: Wheeler's report on circumstances at Fassifern,1861/14,5,3 April 1861,24 Dec 1860,,
ITM16937,n/a,n/a,n/a,,Executive Council Minute E re: native police,1861/15,11-Dec,9 April 1861,n/a,,
ITM16937,DALRYMPLE; MORISSET; POWELL,Kennedy; Maranoa; Port Denison,n/a,,"Executive Council Minutes R, S, T, U, V & W re: Native Police",1861/26,26-32,24 June 1861,n/a,,
ITM16937,"MORISSET; BRIGGS, Fanny",Rockhampton,n/a,,Executive Council Minute U re: death of Fanny Briggs,1861/3,30,14 January 1861,,,
ITM16937,n/a,n/a,n/a,,Executive Council Minute V re: Native police,1861/7,38-39,11 February 1861,n/a,,
ITM16937,"WHEELER, Frederick",Fassifern,unknown,,Executive Council Minute K re: no charges to be laid against Wheeler or Native police for shooting an Aboriginal man at Fassifern,1861/8,19,18 February 1861,24 Dec 1860,,
ITM16938,"DALRYMPLE; FERRETT, John",Sydney; Brisbane; Port Denison,,,"Executive Council Minute re: damaged ammunition, request for the return of Indigenous boy previously working on John Ferrett's station now taken as a trooper for the Native Police and request by Dalrymple for funding associated with the maintenance and clothing of his Native troopers.",1861/27,"p.2, 4, 11, 21",1 July 1861,,EXE/E4; PRV8112/1/4,
ITM16938,"CARR, William; JARDINE, W (?)",Tooloombah; St Lawrence Creek; Rockhampton; Princhester,,,"Excecutive Council Minute re: establishment of township settlement at ""Tooloomba"" (Tooloombah) and the surrounding fertile area of St Lawrence Creek, and a re-allocation of  Native Police Lieutenant Carr to a higher rank due to the unusual circumstances of the resignation of his superior.",1861/29,"p. 10, 11",15 July 1861,,EXE/E4; PRV8112/1/4,
ITM16938,,,,,"Excecutive Council Minute re: Native Police rationing, appointment of Native Police cadets and rank ascension process, Native Police regulations, and poor performance of Secretary of Police",1861/32,"p.5, 6, 11, 39",5 August 1861,,EXE/E4; PRV8112/1/4,
ITM16938,"
","Ipswich; Toowoomba; Robertson's Creek, Upper Dawson; B.. Camp(?)","

",,"Excecutive Council Minute re: the erection of a new Gaol of Detention between Ipswich and Toowoomba, the improvement of the existing Toowoomba Gaol and lock-up at Gatton. Another letter in this record requests the formation of a reserve in Robinson's Creek to assist the Native Police stationed in that locality in carrying out their duties.",1861/35,"p. 14, 30",19 August 1861,,EXE/E4; PRV8112/1/4,
ITM16938,"FITZALAN, M (?)",Port Denison; Kennedy District,"
",,Executive Council Minute re: the reimbursement of funds to M. Fitzalan (?) for his contributions to the erection of a lock-up at Port Denison. ,1861/38,p.12,9 September 1861,,EXE/E4; PRV8112/1/4,
ITM16938,"Lt. WALKER; Sgt. ALLEN, William; CAVE; WILLIAMS; BARRETT (?) Robert John; JOHNSON, Ralph; Lt. PHIBBS",Maranoa District; Rockhampton,"




",,"Excecutive Council Minute re: the reinstatement of Lt Walker to the position of 1st Lietenant, the erection of a new Native Police head quarters and barracks, the appointment of a new Sergeant Major to the Native Police force, and the recruitment of 2 new cadets and 2 new 2nd Lieutenants.",1861/41,"p. 11, 12, 13, 14.",30 September 1861,,EXE/E4; PRV8112/1/4,
ITM16938,,Brisbane,,,Executive Council Minute re. Brisbane Patrol and Banishment of Blacks,1861/51,p.11,16 December 1861,,,
ITM16938,"POWELL, Lt; WILLIAMS, Lt; DALRYMPLE, Mr; ",Port Denison,,,"Executive Council Minute re. Augmentation of the Native Mounted Police at Port Denison and the re-instatement of Lt Powell, and resignation of Lt Williams",1861/52,p.14-15,23 December 1861,,,
ITM16938,"MORTIMER, Mr; ELLIOT, James",Maryborough; Marumba Station; Burnett District,,,Executive Council Minute that references the killing of an Aboriginal by other blacks,1861/52,p.17-18,23 December 1861,,,
ITM16938,,,,,Executive Council Minute that references recommendations for appointment of Native Police Cadets and the building of a Powder Magazine at Maryborough,1861/52,p.19 and 29,23 December 1861,,,
ITM16939,,,,,Excecutive Council Minute re: a report by the Commandant of the Native Police outlining the state of the Native Police force and suggestions for its improvement. ,1862/1,p. 16,4 January 1862,,EXE/E5; PRV8112/1/5,
ITM16939,"WESTBY, S; LOWE, Jacob; HAGE, W.(?); BIRD(?) (Aboriginal man)",Darling Downs; Welltown; Maranoa; Rockhampton,,,Executive Council Minute re: a complaint against an Indigenous Australian man for trespassing and a letter from the Native Police Commandant concerning the misconduct of a Native Police Cadet.,1862/10,"p.11, 22",3 March 1862,,EXE/E5; PRV8112/1/5,
ITM16939,2nd Lt PATRICK; THORNTON; ROBERTTON(?),Amity Point,,,Executive council minute re: the lending of a boat to Aboriginals of the Amity Point tribe and a request for medical allowance to a Native Police officer.,1862/11,"p.20, 25",10 March 1862,,EXE/E5; PRV8112/1/5,
ITM16939,,,,,Excecutive Council Minute re: an application by Native Police Cadet for an advance of three months pay.,1862/14,p. 3 ,24 March 1862,,EXE/E5; PRV8112/1/5,
ITM16939,"JOHNSON, W.R.; JOHNSON, W; BAYLEY, Wallace Paget; HORTON, Billy (Aboriginal man)",Ipswich,"

",Contains details regarding Rape,Excecutive Council Minute re: the criminal case of Aboriginal man Billy Horton and the promotion of 3 members of the Native Police Force.,1862/15,"p. 3, 21",1 April 1862,,EXE/E5; PRV8112/1/5,
ITM16939,,Maranoa District; Bungieworgorai Creek,"
",,Executive Council Minute re: the establishment of a town site in the Maranoa District.,1862/17,p. 34,15 April 1862,,EXE/E5; PRV8112/1/5,
ITM16939,"WARRY, W(?); BUCKLEY, H; SMITH, S; Cl. GRAY; BIGGES, W. (?); LLOYD; MOWEBY; Kipper Billy (Aboriginal man) ",Brisbane; Ipswich; Cleveland; Rockhampton,,Contains details regarding Murder,"Executive Council Minute re: the sentencing of a man accused of stealing the head of Kipper Billy from his grave, erection of Native Police Barracks near Rockhampton and the issuing of blankets to Indigenous Australians in the Ipswich Police District.",1862/18,"p. 16, 18, 26",24 April 1862,,EXE/E5; PRV8112/1/5,
ITM16939,"WARRY, T.S; DIFFLO, Charles; Lt MURRAY; WALKER, W.R.G(?)",,"
",,Executive council minute re: promotion of Native Police Lt from 2nd to 1st Lieutenant and a letter detailing the public and legal sympathy for a white prisoner.,1862/2,"p.6, 27",14 January 1862,,EXE/E5; PRV8112/1/5,
ITM16939,"DALRYMPLE; PRICE, George; Lt. WHEELER(?)",Port Denison; Kennedy District; Sandgate,,,"Executive Council Minute  re: request for extra trooers at Port Denison for protection against ""hostility of the natives.""",1862/22,p. 5,20 May 1862,,EXE/E5; PRV8112/1/5,
ITM16939,"HENRY, William W.; GWENNITH (?); PENNRITH (?); Lt. CARR; ROLLERSTON W.; SOUTHERDEN, E.B.",Cape York; Leichardt District; Comet District; Nogoa District,"
",,"Executive Council Minute  re: request for the appointment of a Crown Commissioner and Police Magistrate for new settlement at Cape York, a request for the reduction in Native Police nations and a request for funding associated with the issuing of blankets to Aboriginals.",1862/26,"p.3, 14, 22",10 June 1862,,EXE/E5; PRV8112/1/5,
ITM16939,"DALRYMPLE, George Elphinstone; MACARTHUR, M; SOUTHERDEN, E.B; CRIBBE & FOOTE






",Eastern Maranoa;  Ipswich; Lower Logan,,,Executive Council Minute re: distribution of blankets to Indigenous Australians and complaints to the council on the capacity of  the Native Police to meet requirements with limited strategic support.,1862/27,"p. 6, 8, 10",18 June 1862,,EXE/E5; PRV8112/1/5,
ITM16939,,Princhester,,,Executive council minutes re: requests for financial support in the erection of Native Police Barracks and additional Native Police equipment.,1862/3,"p.8, 12",20 January 1862,,EXE/E5; PRV8112/1/5,
ITM16939,"BAKER; MURRAY; BEEVOR, Arthur; RICHARDSON; EVERETT; GALBRAITH",,,,Executive Council Minute re: the promotion of Lt Baker and the appointment of Arthur Beevor and Richardson to the role of cadets in the Native Police Force.,1862/6,"p.16, 17",10 February 1862,,EXE/E5; PRV8112/1/5,
ITM16939,"SHARPE, William W.; HUBAND(?)",,,,Executive Council Minute re: request for the appointment of a cadet in the Native Police force.,1862/7,,17 February 1862,,EXE/E5; PRV8112/1/5,
ITM16939,"CHALLINOR; SEMMEY(?) Georgy (Aboriginal man); HORTON, Billy (Aboriginal man); Kipper Billy (Aboriginal man)",Ipswich,"
",Contains details regarding Rape and Murder,Executive council minute re: community support in the apprehension of Billy Horton and the conflicting accounts of guilt in the Billy Horton and Kipper Billy case.,1862/8,"p. 19, 34",18 February 1862,,EXE/E5; PRV8112/1/5,
ITM16940,,,,,"Executive Council Minutes with numerous petitions and decisions, including request for pay for a Native Police officer, the resignation of a Native Police officer; request to increase the reward for the apprehension of Military desertions",1862/30,p.2-34,8 July 1862,,,
ITM16940,FLANAGAN ,,,,"Executive Council Minutes with numerous petitions and decisions, including a new cadet Flanagan to Native Mounted Police ",1862/39,p.2-36,10 September 1862,,,
ITM16940,HARRIS,,,,"Executive Council Minutes with numerous petitions and decisions, including a new cadet Harris to Native Mounted Police to fill existing vacancy",1862/40,p2.-39,25 September 1862,,,
ITM16940,,Maranoa,,,"Executive Council Minutes with numerous petitions and decisions, including a new cadet Mulling? to Native Police, salaries of the camp sergeants Native Mounted Police due to formation of 3 new outstations for the protection of the frontier district, Native Police funds towards Maranoa District",1862/42,p2.-30,1 October 1862,,,
ITM16940,"WHERE, Magistrate;  BEAUM; RICHARDSON; FREDENTHAL; ",Warwick; Logan River; Albert River; Logan,,,"Executive Council Minutes with numerous petitions and decisions, including 3 more constables for Police Magistrate WHERE, Request for police in Warwick District, request for promotion of Morisset Native Mounted Police, request for promotion of 2 cadets Beaum and Richardson of Native Police to fill up existing vacancies, appointment of cadet Fredenthal to Native Mounted Police, removal of Native Mounted Police station at Sandgate and relocate and erect new station at junction of Logan and Albert Rivers, Logan.",1862/50,p2.-49,11 December 1862,,,
ITM16940,ARMSTRONG,,,,"Executive Council Minutes with numerous petitions and decisions, including a new cadet Armstrong to Native Mounted Police ",1862/51,p2.-50,17 December 1862,,,
ITM16940,POWELL; ULN; ,Kennedy District ,,,"Executive Council Minutes with numerous petitions and decisions, including resignation of Powell Native Mounted Police in Kennedy District, and appointment of a new cadet Uln to Native Mounted Police",1862/52,p2.-28,23 December 1862,,,
ITM16941,STANDFOR,,,,"Executive Council Minutes with numerous petitions and decisions, including recommendation for appointment of a new cadet Stanford to Native Police",1863/1,p.2-43,7 January 1863,,EXE/E7,
ITM16941,,,,,"Executive Council Minutes with numerous petitions and decisions, including salaries awarded to Native Police troopers under the Act",1863/11,p.2-19,11 March 1863,,,
ITM16941,,,,,"Executive Council Minutes with numerous petitions and decisions, including reference to Volunteer Artillery provided with rifles from the War Office",1863/20,p.2-34,29 April 1863,,,
ITM16941,,,,,"Executive Council Minutes with numerous petitions and decisions, including promotion of Cadets in N M Police",1863/24,p.2-39,18 June 1863,,,
ITM16941,,,,,"Executive Council Minutes with numerous petitions and decisions, including promotion of Cadets and salaries for extra camp sergeants for N M Police",1863/3,p.2-23,21 January 1863,,,
ITM16941,,,,,"Executive Council Minutes with numerous petitions and decisions, including allowances in lieu of clothing for N Police; and request for Drill Instructor for Rockhampton Volunteer Artillery corps numbering 90 members.",1863/5,p.2-29,4 February 1863,,,
ITM16941,,,,,"Executive Council Minutes with numerous petitions and decisions, including medicine and blankets for Aboriginal people; promotion and appointments to the N M Police; uniforms for the Volunteer Rifle Brigade.",1863/6,p2.-26,11 February 1863,,,
ITM16941,,,,,"Executive Council Minutes with numerous petitions and decisions, including appointments to the N M Police; Volunteer Rifle Brigade at Ipswich; new N M police station at Logan.",1863/9,p.2-39,25 February 1863,,,
ITM16942,"HARRIS, William; NUTTING, John Bligh",,,,Executive council minute re: the promotion of a Native Police cadet to the rank of 2nd Lieutenant.,1863/29,p.8,25 July 1863,,EXE/E8; PRV8112/1/8,
ITM16942,MORISSET,,"
",,Executive council minute re: the promotion of a member of the Native Police to the position of Cadet.,1863/37,p.12,11 September 1863,,EXE/E8; PRV8112/1/8,
ITM16942,,,,,Executive council minute re: a request for a salary payment to a Native Police Lt.,1863/39,p.3,23 September 1863,,EXE/E8; PRV8112/1/8,
ITM16942,"CUFF, George; RICHARDSON, Marmaduke Nelson; MORISSET, Aulaire Liddiard",Drayton; Toowoomba,"
",Contains details regarding Murder,Executive Council Minute re: the murder of a settler by several Aboriginal men and the shooting of an Aboriginal boy by a Native Police Lieutenant.,1863/41,"p. 4, 5",10 October 1863,,EXE/E8; PRV8112/1/8,
ITM16942,2nd Lt. BAYLEY,,"
",,Executive Council Minute re: compensation to Native Police Lt for horses missing or killed while on duty.,1863/46,p.17,11 November 1863,,EXE/E8; PRV8112/1/8,
ITM16942,"SEYMOUR, David Thompson",Brisbane; Toowoomba; Drayton,"



",,Executive council minute re: the promotion of a Native Police officer to the role of the Commissioner of the Police and a request for police protection from settlers in Drayton.,1863/49,p.20 ,18 December 1863,,EXE/E8; PRV8112/1/8,
ITM16943,"WILSON, W.W.C.B",Somerset; Cape York,"
",,"Executive Council Minute re: request for provisions for a surveyor towards the carrying out of new settlement ""Somerset"" in Cape York",1864/13,p.22,8 April 1864,,EXE/E9; PRV8112/1/9,
ITM16943,Sub Inspector OWEN,Belyando District; Sydney; Amity Point,,,"Executive Council Minute re: request for increase in provisions to Native Police sub inspector, request for blankets for Aborigines and request for a new boat to be lent to Aboriginals at Amity Point.",1864/20,"p.3, 7, 9",18 May 1864,,EXE/E9; PRV8112/1/9,
ITM16944,"BAYLE(?) - potentially BAYLEY; HARRIS, G; HALLORAN, A.E; JARDINE; COGHLAN, Daniel (Aboriginal man ?); Raguery (?) (Aboriginal man);  ",Maranoa; Somerset,,,"Executive Council Minute re: denied request by an Aboriginal land owner for gov support after the floods, distribution of blankets to Aboriginals, request to reconsider the case of Aboriginal man ""Raguery"" and request by Jardine for the employment of more Native Police troopers.",1864/26,"p.6, 10, 16, 38",1 July 1864,,EXE/E10; PRV8112/1/10,
ITM16944,"JOHNSON, W. Captain Charles LAMBERT, WHEELER, Edward",remote Northern districts; Rockhampton Bay; Warrego,,,Executive council minute re: response to request for police protection and promotion of 2 captains.,1864/28,p.2,12 July 1864,,EXE/E10; PRV8112/1/10,
ITM16944,Inspector CARR,Warrego River; England,,,Executive Council Minute re: erection of Native Police Barracks at Warrego River and provision of munition to Native Police Force.,1864/32,"p.13, 14",22 July 1864,,EXE/E10; PRV8112/1/10,
ITM16944,,Moonie River; Alton(?); Toowoomba; St George; Western District,,,Executive Council Minute re: the establishment of a township near the Moonie River.,1864/35,p. 25,3 August 1864,,EXE/E10; PRV8112/1/10,
ITM16944,John Murray,"Southern Districts of New South Wales; Victoria, South Australia; Melbourne, Murray District; Brisbane","
",,,1864/36,p.2,9 August 1864,,EXE/E10; PRV8112/1/10,
ITM16944,"BLAKENEY, Charles, J; BAYLEY; Sub Inspector MAURSON(?)",Peak Downs; Rockingham Bay; Burdekin River; Wickham,,,Executive Council Minute re: the promotion of 2 officers ,"1864/41
","p.14, 15, 23",17 August 1864,,EXE/E10; PRV8112/1/10,
ITM16944,"Sub Inspector BLAKENEY
",Rockingham Bay,,,Executive council minute re: the advance payment of the salary of Native Police Sub inspector.,1864/42,p.2,,,EXE/E10; PRV8112/1/10,
ITM16944,"Inspector MARLOW, Inspector MURRAY, LEHR(?)",,,,Executive council minute re: promotion of Native Police cadet to sub inspector.,1864/50,p.16,16 September 1864,,EXE/E10; PRV8112/1/10,
ITM16944,"Sub Inspector JOHNSON, Mr JONE(?)",,,,Executive council minute re: the dismissal of a Native Police SI on the grounds of his conduct during an attack on a station by Aboriginals.,1864/55,p.9,30 September 1864,,EXE/E10; PRV8112/1/10,
ITM16944,"JOHNSON, R.E.G",,,,Executive Council Minute re: petition for a reveral of the dismissal of Native Police Sub Inspector.,1864/61,p.9,28 October 1864,,EXE/E10; PRV8112/1/10,
ITM16944,"Cadet ARMSTRONG, Maxwell; Inspector CARR; Sub Inspector OWEN",Maranoa; Bungil Creek,"


",,Executive Council Minute re: appointment of a sub inspector to the Maranoa District.,1864/63,p.10,18 November 1864,,EXE/E10; PRV8112/1/10,
ITM16945,"SPOONER, William; FREUDENTHAL; HABLER ",Bowen; Maryborough; Clermont; Brisbane,,,Executive Council Minute re: Native Police drill sergeant application and request for the fencing of a Native Police Paddock reserve in Maryborough.,1865/14,"p.3, 4",16 March 1865,,EXE/E11; PRV8112/1/11,
ITM16945,Inspector MURRAY,"Brisbane, Sydney, Melbourne, Deulequinn(?); Maryborough",,,Executive Council Minute re: request from Inspector John Murray for funds for his recruiting expedition in the southern colonies.,1865/31,p.2,27 May 1865,,EXE/E11; PRV8112/1/11,
ITM16945,"BROWNE, Murray; MORISSET, R; MURRAY, George P.; Commissioner DOWALL; COWARD, Thomas; PASCHEN, Otto","Maryborough; Northern districts; Mackenzie River; Springsure; Rockhampton; Rolleston; Comet River; Upper Bundekin; Warwick(?); Dalby; Maranoa River; Albert River; Gulf of Carpentaria; Bourke Town; Flinders river; Leichhardt river
",,,"Executive Council Minute re: Native Police promotions, erection of barracks at Springsure, travelling allowances to Inspector John Murray on recruiting expedition and new town reserves.",1865/34,"p.17, 18, 26, 43, 52, 53, 54, 70",17 June 1865,,EXE/E11; PRV8112/1/11,
ITM16945,Inspector CARR; Sergeant GRAHAM; FREUDENTHAL; Colonel GREY; CHARTERS; DOWALL,Brisbane; Ipswich; Maryborough; St George; Balonne River; Maranoa,,,"Executive Council Minute re: suspension of Inspector Carr from the Native Police Force, abolishment of the offices of inspector of police at Maryborough and Ipswich and the location of the Maranoa patrol at St George.",1865/4,"p.14, 16, 24",20 January 1865,,EXE/E11; PRV8112/1/11,
ITM16945,"MURRAY, George",Mackenzie River; Rockhapton; Peak Downs,"
",,Executive Council Minute re: funds for Native Police Barracks on the Mackenzie River and appointment of George Murray as Inspector of Northern Districts.,1865/5,"p.13, 15",27 January 1865,,EXE/E11; PRV8112/1/11,
ITM16946,,,,,Executive Council Minute re. various matters and petitions,1865/43,p.2-53,12 July 1865,,EXE/E12; PRV8112/1/12,
ITM16946,Inspector CARR; BLACKNEY,,,,Executive Council Minute re: Carr's return to service.,1865/41,p.8,5 July 1865,,EXE/E12; PRV8112/1/12,
ITM16946,"MURRAY, George P.",Mitchell; Warrego,,,Executive Council Minute re: suggestion for improvement of Native Police Trooper rationing.,1865/51,p.9,9 August 1865,,EXE/E12; PRV8112/1/12,
ITM16946,"SMITH, W.S.; Sub Inspector MORISSET; MURRAY, John; Trooper CAMPBELL (Aboriginal man?); ","Clermont; Sydney, Melbourne; Deulequinn(?); Robinsons Creek",,,"Executive Council Minute re: death of Native Police Trooper Campbell, advance salary to SI Morisset, addition funding to John Murray for his recruiting expedition and cancellation of Native Police reserve on Robinsons Creek.",1865/58,"p.6, 9, 10, 20",6 September 1865,,EXE/E12; PRV8112/1/12,
ITM16946,"LANDSBOROUGH, W; Sub Inspector LAMBERT",Gulf of Carpentaria; Lower Warrego River; Banero River (?); Charleville; Leyburn,,,"Executive Council Minute re: formation of a settlement at the Gulf of Carpentaria and Leyrburn, and an additional Native Police patrol stationed at Charleville.",1865/63,"p. 5, 29, 45",20 September 1865,,EXE/E12; PRV8112/1/12,
ITM16946,"Justice LUTWYCHE; MEE, Ann; BRAMSTON, J.; Inspector MURRAY; WHEELER; Jackey (Aboriginal man); ",Rockhampton; Maryborough; Rockingham Bay; Port Denison; Upper Bundekin; Sutton River; Port Curtis; Warrego; Bullo River; Maranoa; Roma,,,"Executive Council Minute re: execution of ""Jackey"" on the charge of  murder, erection and repair of Native Police Barracks in Port Denison, Upper Bundekin and Sutton River, proposal for Native Police regulations addressing deserters, additional patrol on the Bullo River due to ""troublesome natives"" and formation of Roma town reserve.",1865/66,"p.3, 4, 15, 17, 28, 70",28 October 1865,,EXE/E12; PRV8112/1/12,
ITM16946,GEARY; WHEELER,Claverton Downs (?); Warrego,,,Executive Council Minute re: erection of barracks in Claverton Downs(?),1865/75,p. 7,29 November 1865,,EXE/E12; PRV8112/1/12,
ITM16946,"Inspector MURRAY, John; Sub Inspector NUTTING; Sergeant WILLIS",Valley of Lagoons; Rockingham Bay; Eynd (?),,,"Executive Council Minute re: request for additional funding for travelling expenses of Inspector John Murray,the establishment of Native Police Barracks at the Valley of Lagoons and military provisions given to QLD by Imperial authorities. ",1865/76,"p. 5-6, 8, 12-17",4 December 1865,,EXE/E12; PRV8112/1/12,
ITM16947,,,,,Executive Council Minute re: discharge of Inspector Carr from duty.,1866/11,p.13,28 February 1866,,EXE/E13; PRV8112/1/13,
ITM16947,Bishop PATTESON,Somerset,,,Executive Council Minute re: establishment of Missionary-run Industrial School and Reformatory School for Indigenous Australians.,1866/18,p.4-7,12 April 1866,,EXE/E13; PRV8112/1/13,
ITM16947,"SEYMOUR; Sergeant MCMAHON, John",Brisbane; Ipswich; Banana,,,"Executive Council Minute re: amendments and additions to police regulations, neglect of the commissioner of police to perform regular drill practice, and appointment of inspector of slaughterhouse and erection of police paddock at Banana",1866/23,"p.12-14, 15",9 May 1866,,EXE/E13; PRV8112/1/13,
ITM16947,"HENRY, Alfred; Commander NARES",Belyando; Whitsunday; Gulf of Carpentaria,,,"Executive Council Minute re: appointment of Alfred Henry as SI of Police in the Belyando detachment and further allowance to officers and men of the H.M.S. ""Salamander"" in their survey of the coasts of Queensland.",1866/5,"p.8, 18-20",24 January 1866,,EXE/E13; PRV8112/1/13,
ITM16948,"BLAKENEY, Sub Inspector",,,,Executive Council Minute re. dismissal of Sub Inspector Blakeney from the Native Police and recommendation to give a monetary bonus to Troopers who re-enlist for a term of 5 years.,1866/67,p.9-10,29 November 1866,DCS,EXE/E14; PRV8112/1/14,
ITM16948,Melon (Aboriginal man),,,,Executive Council Minute re. discontinuance of the services of an Aboriginal by the name of 'Melon',1866/70,p.18,19 December 1866,DCS,EXE/E14; PRV8112/1/14,
ITM16948,Acting Sub Inspector THORNTON; Sub Inspector BEEVOR,,,,Executive Council Minute re: resignation of Sub Inspector Arthur Beevor and appointment of Acting Sub Inspector Thornton,1866/60,p.6 ,10 October 1866,DCS,EXE/E14; PRV8112/1/14,
ITM17277,"COCKLE, James; DAVIS, James; HUTCHINSON, Sarah; DUGALD (alias Jonny - Aboriginal); SANDY (alias Dandini and alias Die Die - Aboriginal); PAUL, Mr; BARNES, Mr; HUTCHINSON, Catherine; HUTCHINSON, Abraham; HUTCHINSON, Rachael; HUTCHINSON, Albert; MULBRERRY (Aboriginal); PATRICK, Priscilla; PAKTRICK, Henry; CORLEY, Thomas; MARTIN, Edward; LLOYD, Samuel John, Inspector; KING, Constable; ",Gympie; Northumberland Farm; Mount Perry; Yabba Station; Maryborough,,Contains details regarding Rape,Trial at Maryborough of Sandy (alias Dandine alias Die Die or Dyer Dyer) and Dugald (alias Johnny) ,1872/19,p.136-155,19 April 1872,23 March 1872,EXE/2; PRV8123/1/2,
ITM17277,"NORRIS, Mr; CLAYSON, Jacky/Johnny (Aboriginal); KILCAREY, Edward; MARTIN, Edward; CLOHESY, Thomas; BARRY, John; DUMARESQUE, Edward; MCGEARY, Mr; BLANCHARD, Mrs; PETERSEN, Frederick; SELHEIM, Mr; CRAWFORD, George; ",Cooktown; Townsville; Palmer District; Rockhampton; Maryborough; Palmerville,,Contains details regarding Rape,Trial at Townsville of former-Trooper Jacky Clayson for the rape of Johanna Kopp. Verdict - Guilty,1875/11,p.416-425,20 February 1875,Novebmer 1874,EXE/2; PRV8123/1/2,
ITM17277,"KOPP, Johanna; NORRIS, Mr; CROCON, Mr; HALLORAN, Arthur Sheriff; KILCAREY, Edward; ",Rockhampton; Townsville; Palmer Gold Fields,,Contains details regarding Rape,"Letter from Supreme Court Judge Sheppard to the Governor relating the details of the trial of former Native Police Trooper Jacky / Johnny Clayson for the rape of Johanna Kopp
",1875/11,p.406-415,22 March 1875,,EXE/2; PRV8123/1/2,
ITM17277,"SHEPPARD, Justice; JACKY (Aboriginal); JOHNNY (Aboriginal);",Brisbane Gaol; Townsville Circuit Court; ,,,"Letter from unknown to the Governor re. verdict against Jacky and Johny, under sentence of death for the murder of James Arthur",1879/3,p.49-50,17 December 1878,16 July 1878,EXE/2; PRV8123/1/2,
ITM17628,DREW; GREGORY; COXEN; SEYMOUR; ,,,,Minute from Governor to the Colonial Secretary re. discussion around proposals to improve the discipline and inherent defects of Native Mounted Police,,p.41-42,14 June 1875,,GOV/71; PRV8213/1/1;,
ITM17628,"FITZGERALD; WHEELER; HERBERT; CARNARVON, EARL OF ",,,,Memo from Governor to Colonial Secretary requesting particulars on the Fitzgerald and Wheeler cases,,p.45,12 April 1876,,GOV/71; PRV8213/1/1;,
ITM17628,FITZGERALD; MORRISSET; HAYLOCK; LOWE; NELSON,Burdekin Crossing; Bowen,,Contains details regarding Rape,Minute from Governor to Colonial Secretary regarding beating of an Aboriginal woman in December 1875,,p.45-47,13 April 1876,December 1875,GOV/71; PRV8213/1/1;,
ITM17628,,Aramac,,,"Letter from Governor to the Colonial Secretary re. another outrage by a Police officer, resulting in death, and that is appearing in the newspapers",,p.47,20 June 1876,,GOV/71; PRV8213/1/1;,
ITM17628,"FITZGERALD; WHEELER; CARNARVON, LORD; ",,,,Letter from Governor to Colonial Secretary re. includes recommendation that Sub Inspector Wheeler be placed on trial for murder,,p.50,11 September 1876,,GOV/71; PRV8213/1/1;,
ITM846952,"Chairman, Aboriginal Commission; HAUSSMANN, Revd.;",Brisbane;,,,"Letter from Aboriginal Commissioners to the Colonial Secretary   [COL/A222, 1875/1370]",1875/1370 ,"p.149-155
",11 May 1875,,"COL/A222

[unknown provenance, possibly QSA item 17628 GOV/71; PRV8213/1/1 or QSA item 564918] A/40291; SRS1108/2/2022",
ITM17660,"RICHARDS, Lietenant Commander of HMS Paluma; GRIFFITHS, Sir S.; MUSGRAVE, A. ; FAIRFAX, R. A. ","Palm Islands, ",Palm Island natives,Contains details regarding Cannibalism,Governors Letterbook relating to correspondence from A Musgrave in relation to report of murder and cannibalism among natives of Palm Islands.,243 of 1887,p.345,22/10/1887,,GOV/G2,
ITM17670,"BOWEN, Governor; GREY, Earl; LUGARD? Sir Edward; ","Brisbane, Sydney, Melbourne, Hobart town, New Zealand, Medeira, West Indies, Ionian Islands",,,Despatch from Governor Bowen to Duke of Newcastle re. correspondence with War Office respecting the military protection to be afforded the colony of Queensland,1860/30,p.1-7,4 April 1860,,,
ITM17670,"LEICHHARDT; GREGORY; KENNEDY; DENISON, Governor General Sir William; DALRYMPLE, George;","Burdekin River, Suttor River, Belyando River, Pacific Ocean, Cleveland Bay, Broadsound, ",North East Queensland 'Aborigines',Contains offensive language and ideas expressed in relation to description of Aboriginals ,"Despatch from Governor Bowen to Duke of Newcastle reporting on Dalrymple's expedition to the North East, including hostile nature of the natives in that area",1860/34,p.20-22,12 April 1860,,,
ITM17670,"DALRYMPLE, George E; DENHAM, Captain; HEATH, Lieutenant George; GREGORY, A.C.;
","Burdekin River, Mt McConnell, Gulf of Carpentaria, Barron River, Issac River, Collaroy Creek, Broad Sound, Waverley Creek, Herberts Creek, Fitzroy River, Rockhampton, Kennedy, Bay of Upstart, Bay of Abbott, Cape Upstart, Cape Cleveland",,,Despatch from Governor Bowen to Duke of Newcastle reporting on Dalrymple's further expedition to establish the mouth of the Burdekin River and the opportunities this poses for expansion inland ,1860/54,p.46-49,10 July 1860,,,
ITM17670,"BOWEN, Governor","Toowoomba, Warwick Drayton, Ipswich, Brisbane, Maryborough, Gladstone, Rockhampton",,,Despatch from Governor Bowen to Duke of Newcastle on a recent tour of inspection of the South East District of Queensland including Toowoomba and Warwick Drayton,1860/32,p.11-17,7 April 1860,,,
ITM17670,"GREGORY, Surveyor General; GLADSTONE; GREY, Lord; ","Maryborough, Gladstone, Rockhampton, Brisbane, Mary River, Port Curtis, Pelham, Clinton, Fitzroy River, Peak Downs, Broad Sound, Port Denison, Kennedy, Gulf of Carpentaria",,,Despatch from Governor Bowen to Duke of Newcastle reporting on his recent tour of inspection of Central and Northern Districts of Queensland.,1860/90,p.15-19,4 December 1860,,,
ITM17670,n/a,Darling Downs; Burnett; Wide Bay; Maranoa; Leichardt,n/a,,Despatch from Governor Bowen to Duke of Newcastle re: settlement of Qld,1860/76,p70,29 September 1860,n/a,,
ITM17671,"BOWEN, Governor; NEWCASTLE, Duke of. ",,,,Despatch from Governor Bowen to Duke of Newcastle re: activities of Parliament in 1861,1861/52,p. 15-20,6 September 1861,,GOV/23,https://www.archivessearch.qld.gov.au/items/ITM17671?digrep=DR91930
ITM17671,"BOWEN; BURNETT; HILL, Walter; BOWEN, Governor; NEWCASTLE, Duke of; ",Cape York; Evans Bay; Port Albany; Newcastle Bay; Albany Island; Somerset; Port Denison; Edgcombe Bay; Rockingham Bay; Great Barrier Reef,,,"Despatch from Governor Bowen to Duke of Newcastle re: establishing new settlement at Cape York, Port Albany and Somerset",1862/57,p. 16-20,3 November 1862,n/a,GOV/23,https://www.archivessearch.qld.gov.au/items/ITM17671?digrep=DR91931
ITM17671,"BOWEN, Governor; MORRILL, James; STANLEY, Owen",Edgecombe Bay; Port Denison; Cape York; Port Albany,n/a,,Despatch from Governor Bowen to Duke of Newcastle re: James Morrill,1863/16,p. 64,8 April 1863,n/a,GOV/23,https://www.archivessearch.qld.gov.au/items/ITM17671?digrep=DR91931
ITM17671,"SCOTT, Arthur; HERBERT; DALRYMPLE, George; LEICHARDT; BOWEN; BURNETT; BOWEN, Governor; NEWCASTLE, Duke of.",Port Denison; Rockingham Bay; Kennedy district; 'Valley of Lagoons'; Bowen,n/a,,Despatch from Governor Bowen to Duke of Newcastle re: description of settlements in Kennedy district,1863/56,p. 110-111,9 October 1863,n/a,GOV/23,https://www.archivessearch.qld.gov.au/items/ITM17671?digrep=DR91931
ITM17672,"CPT CARNEGIE; RICHARDSON; WISEMAN; JARDINE; DR HARAN; BOWEN, Governor; NEWCASTLE, Duke of. ",Cape York; Somerset; Moreton Bay; Port Albany; Brisbane; North Kennedy; Gulf of Carpentaria; York Peninsula; Burnett,"local aboriginals use the word ""polo"" for running stream",,"Despatch from Governor Bowen to Secretary of State for Colonies re. establishment of new settlement at Cape York, to be called Somerset",1864/31,p. 51-55,16 July 1864,,GOV/24,https://www.archivessearch.qld.gov.au/items/ITM17671?digrep=DR127307
ITM17672,"BOWEN, Governor; CARDWELL, Edward. ",Cape York; Somerset;   ,,,Despatch from Governor Bowen to Edward Cardwell re. the amelioration of the Aborigines by the establishment of missions and industrial schools,1864/44,p. 74-75,3 September 1864,,GOV/24,https://www.archivessearch.qld.gov.au/items/ITM17671?digrep=DR127307
ITM17672,"Rev CAMPBELL; BOWEN, Governor; CARDWELL, Edward",,,,Despatch from Governor Bowen at Brisbane to Edward Cardwell at London re. further support for missions in Queensland for the Aborigines,1864/56,p. 4,10 October 1864,,GOV/24,https://www.archivessearch.qld.gov.au/items/ITM17671?digrep=DR127308
ITM17672,"MORRILL; BOWEN, Governor; CARDWELL, Edward",Bowen; Port Denison; Cardwell; Rockingham Bay,,,"Despatch from Governor Bowen to Edward Cardwell re. shipwrecked English sailor Morrill, who spent 17 years with the Aborigines.",1865/77,p. 42-43,4 December 1865,shipwreck sometime in 1846,GOV/24,https://www.archivessearch.qld.gov.au/items/ITM17671?digrep=DR127309
ITM17672,"JARDINE; DR HARAN; SOUTTON; BOWEN, Governor; CARDWELL, Edward",Somerset; Cape York; Rosset Island; Louisiade Archipelago; New Guinea;Torres Straits; Port Albany; River Esk; River Endeavour; River Annan,,Contains details regarding Cannibals,"Despatch from Governor Bowen to Secretary of State for Colonies (Cardwell) re. status of new settlement of Somerset in Cape York and espousing the virtues of the Queensland colony over other British colonies, such as the British Americas.",1865/80,p. 47-50,16 December 1865,07/02/1905,GOV/24,https://www.archivessearch.qld.gov.au/items/ITM17671?digrep=DR127309
ITM17672,"SEYMOUR, D.J.; CARDWELL, Edward; PASCHENS, Sub Inspector; THOMSON, Mr; BLACKENEY; BEEVOR; BOWEN, Governor ",Mackenzie District; Goomooboolano Run; Cullnaringo Run; Springsure; Rockhampton,,,Letter from the Commissioner of Police (SEYMOUR) To the Governor of Queensland (BOWEN),"1866/61
Enclosure No. 3",p.69-71,15 June 1866,,GOV/24,https://www.archivessearch.qld.gov.au/items/ITM17671?digrep=DR127310
ITM17701,"BOWEN, Governor",,,,Despatch from London to Governor Bowen ,1864/5,All (1-11),20 January 1864,,GOV/5,
ITM17702,"BOWEN, Governor",Port Albany; London,,,Despatch from London to Governor Bowen re. suggested withdrawl of the detachment of Marines at Port Albany at the expiration of assigned period,1865/27,p.1,26 May 1865,,GOV/6,
ITM17704,"BOWEN, Governor",Somerset; Cape York; London,,,"Despatch from London to Governor Bowen re. removal of Royal Marines from Somerset, Cape York",1867/2,p. 24-25,25 January 1867,,GOV/8,https://www.archivessearch.qld.gov.au/items/ITM17704
ITM17704,"BOWEN, Governor",London ,,,Despatch from Secretary of State for Colonies at London to Governor Bowen ,1867/42,p. 78-81,26 December 1867,,GOV/8,https://www.archivessearch.qld.gov.au/items/ITM17704
ITM17958,,Laura ,,,Chinese killed at Laura,11224 of 1898,,01/09/1898,,HOM/B2,
ITM19148,Milly (Aboriginal),,,,Milly (poisoned),Police 1057 of 1898. TN Police 1582 of 1898,p.148,03/03/1898,,JUS/B22,
ITM19148,Nelly (Aboiriginal),,,,Nelly (poisoned),Police 1057 of 1898. TN Police 1582 of 1898,p.148,03/03/1898,,JUS/B22,
ITM19148,BILLY (Aboriginal); BILLY (Tracker),,,,Billy killed at Cloncurry,Police 1773 of 1898,p.150,14/04/1898,,JUS/B22,
ITM19148,,Cardwell,,,Jet killed at Cardwell,Police 1841 of 1898,p.150,18/04/1898,,JUS/B22,
ITM19610,"CORSER, Henry; Jimmy (Aboriginal man) ",Maryborough ,,,Letter from Henry Corser at Maryborough to Crown Law Office. Relates to defending Aboriginal prisoner Jimmy,1873/395,p.408,15 August 1873,,JUS/A14; PRV9149/1/7,
ITM19610,WILLIAMS; BLACKALL ,Georgetown,,,Letter from Police Magistrate at Georgetown to Attorney General re. depositions for Magesterial inquiries relating to bodies of Williams and Blackall,1873/449,p.464,31 August 1873,,JUS/A14; PRV9149/1/7,
ITM19610,MORISSET; FRANCES,Normanton; Sweers Island,,,Letter from Acting Clerk of Petty Sessions at Normanton to Attorney General re. alleged shooting at Sweers Island,1873/195,p.239,21 March 1873,,JUS/A14; PRV9149/1/7,
ITM19610,"JIMMY (Alias Correy, Aboriginal prisoner); CORSER",Maryborough,,,Letter from Edward Corser at Maryborough to Crown Law Office. Relates to defending Aboriginal prisoner Jimmy,1873/317,p.375,03 July 1873,,JUS/A14; PRV9149/1/7,
ITM19610,BILLY (Aboriginal man),Georgetown,,,"Letter from P Sellheim, JP, at Georgetown to Attorney General ",1873/584,p.647,01 October 1873,,JUS/A14; PRV9149/1/7,
ITM19610,,Waverley,,,Letter from Geo Fox at St Lawrence to Crown Law Office ,1873/673,p.703,14 November 1873,,JUS/A14; PRV9149/1/7,
ITM19610,NELLIE (Aboriginal woman),Rockhampton,,,Letter from Police Magistrate at Rockhampton to the Attorney General ,"QSA item 19610

QSA items 212257 1873/152",p.197,22 March 1873,,"QSA item 19610 JUS/A14; PRV9149/1/7

and 

QSA item 212257 1873/152; A/35; RSI16/1/1 
",
ITM19626,"Toby (Aboriginal); Constable Dwyer; ANDERSON, James",Kinnaul; Hornet Bank,,,"Crown Law Office corres., Correspondence re inquiry touching on the death of Constable Dwyer killed by an Aboriginal named Toby",105 of 1883,p.104-105,29/01/1883,26/02/1883,JUS/A30,
ITM19630,"GRAVINO,Mary Hannah; TOWNER, Lionel E",Cooktown,,,Crown Law Office corres. Notification that Mary Hannan Gravino charged with murder of 2 Aboriginals,151 of 1885,p.1,27/2/1895,17/01/1885,JUS/A34,
ITM19645,WALKER,,,,Letter from the Colonial Secretary to Attorney General re: Walker of the Native Police,1861/1002,3,12 August 1861,,,
ITM19645,"Toby; Alma; BRIGGS, Fanny; JARDINE;",Rockhampton,,,"Letter from Jardine, Post Master at Rockhampton to Attorney General re: Toby and Alma still in the lock up awaiting either release or committal",1861/17,2,2 February 1861,,,
ITM20065,"MOOREHEAD; STEELE, James; DUTTON",,,,Letter from Attorney General Pring to Colonial Secretary re: no evidence to support a charge of murder against Lt Moorehead for the deaths of Aboriginal people at [need location],1862/174,69,8 January 1862,,,
ITM22507,"POINGDESTRE, Lyndon",Normanton,,,Telegram from Sub Inspector Poingdestre at Normanton to the Lands Dept ,1877/7107,p.1-2,09 July 1877,,LAN/A56; PRV9723/1/56,
ITM22507,"STIFF, Frederick. J. ",,,,Letter from Frederick J Stiff to Minister for Lands ,1877/7924,p.1-3,25 July 1877,,LAN/A56; PRV9723/1/56,
ITM2571532,"MCGRAPH, Constable;BYRNE Seargent; LAMOND, Sub-Inbspector; DYAS, Sub-Inspector; WESTCADY, Mr.; ARMSTRONG, P.B. Police Magistrate; Urquhardt, Mr; TIGER (Trooper); JIMMY (Trooper); SODA (Trooper); FIELDER.",Normanton; Norman River; Georgetown; ,,,Fielder staff file,,p.36-52,03/02/1881,,A/38789,
ITM266511,"LACY, D., J.P.; DICK (Aboriginal man); O'MALLEY, Peter;",Stanburnie[?]; Marathon;,,,,,p.19,5 August 1872,25 July 1872,A/5117; RSI203/1/1,
ITM2722527,"SHARP; MACKENZIE; SIMON (Trooper); ALIC (Aboriginal man, Native Police deserter); ATKINSON; COWARD; DALRYMPLE; BROWN; SHERIDAN; SAM (Trooper); HECTOR (Trooper)",Palm Tree Gully; Cardwell; Rockhampton; Waterview; Townsville,,,"Telegrams relating to the death of an Aboriginal woman; this is item 846905, COL/A175;  1872/2344","ITM2722527, 1872/218 

ITM846905, 1872/2344",p.824-835,15 October 1872,,,
ITM2722532,"HOLT, John; DOUGLAS, Inspector; TOMMY/CARRY (Aboriginal man)",Milton Station; Calliope Gold Fields ,,,"Inquest held at Calliope Gold Fields into the death of Harry. Report from John Holt, of Milton Station, relating to the shooting of Tommy/Carry by Native Troopers","ITM2722532, 1872/223",p.1,14 November 1872,8 November 1872,"QSA item 2722532, A/4835; SRS5739/1/4; 

882128",
ITM2725348,"DYAS, George; McGRATH, Thomas; BYRNE, Sergeant; LAMOND; ",Rockey Creek; Normanton; Georgetown; Green Creek: Rocky Creek: Port Douglas; ,,"
","Inquest into death of George Dyas, Sub Inspector of Police ",1881/49,All p.1-10,,20 Jan 1881,JUS/N73,
ITM2725403,"SMITH, Edward Thomas; TAIRO, Peter (Aboriginal); WALSH, John (Police Sergent); GOODCHAP, Fred G. (JP); SMITH, Edward Thomas; DOWD, Michael; MacEwan, James",Tewantin; Boomanlah?,,,Tiaro Peter murder. Inquest into the death of Peter Tairo Aboriginal murdered by Edward Thomas Smith,1881/116,p.126-136,,21/04/1881,JUS/N75,
ITM2725441,"TURNER, William; CURR, Montague Mac",Normanton; Kamilaroi,,,Turner murder.Inquest into the death of William Turner,1881/154,p.30-34,27/05/1881,13/03/1881,JUS/N76,
ITM2725597,"SILIGER, Carl; TAYLOR, Richard; GRAHAM, Charles (Aboriginal man); GRAHAM, Edward Power; KENNEDY, Nicholas Joseph",Charters Towers,,, Inquest into the death of Carl Seliger at Charters Towers,1881/319,p.161-171,22/11/1881,16/11/1881,JUS/N79,
ITM2725999,"Harry (Aboriginal man); BRADLEY,  Charles; 
MEE, Senior Constable",Bowen; Myrtle Brook,,,Inquest into the death of Harry an Aboriginal,1882/345,p.419-428,12/10/1882,12/10/1882,JUS/N87,
ITM2726137,"Toby (Aboriginal man); DWYER Constable; WRIGHT, William, Senior Contable; BRIGGS, James

",Taroom; Juandah,,,"Inquest into the death of William Dwyer, Police Constable on 27 January 1883",1883/30,p.239 - 244,27/01/1883,27/01/1883,JUS/N90,
ITM2726696,"FOSTER, George; FERGUSON, John; William; Peirce; PHILLIPS, Charles; SMITH George; NORRIS, George,",Normanton,,,Inquest into the death of George Foster alias Melbourne George,,p.2-4,21/01/1884,20/01/1884,"JUS/N102, 1884/101",
ITM2726879,"LIN, Jah (Chinese); Bryrne, Michael",Georgetown; Etheridge; Woolgar,,,Jah Lin murder. Inquest into the death of Jah Lin (Chinese) by Aboriginal,,p.320 - 326,,,"JUS/N105, 1884/287",
ITM2727177,"MCAULEY, Donald; RYAN, Thomas; Tommy (Aboriginal man)
PORTTEY,Michael (Constable); McAULAY, Donald; DAYLIGHT,  Charlie; SHAW, Donald; McKAY, Alexander; Kanaka (unnamed)
",Mulgrave River,,,McAuley murder,1884/594,"p.414 - 437

",10/12/1884,21/12/1884,JUS/N112,
ITM1885,"BARNARD, Sydney Algernon; AH YOW; FOON HIN, Tommy (interpretor); Kanaka (unnamed); HART, Dan; DORENS, John; ARMSTRONG, Herbert James; LEAHEY, James William;
FRASER, John; FARRAWAY, Roland Walter (officer Native. Police.); JOHNSTON, J. D. ","Port Douglas
Mossman River",,,Barnard murder,,p.2-22,04/05/1885,,"JUS/N117, 1885/151",
ITM2727613,"WOODS, George; BRADFORD, Berniah?; FITZGERALD, Harry;
HORTON, Helmuth? ","Savage's Paddock, Cooktown",,,,1885/406,p.91 - 108,10/04/1885,08/03/1885,JUS/N122,
ITM2727901,"SHARPE, Robert Barrington; RAWSON, Joseph; O'BRIEN, John (Constable); MILLER, Reginald Charles; McDONALD, Arthur; BURK, Ebenezer Alan Percival; NOTT, Albert Edward;
",Birdsville,,,Sharpe death,,,28/01/1886,27/01/1886,"JUS/N128, 1886/61",
ITM2727967,"Paddy (Aboriginal); NAIRN, John; HAWKESBURRY, Jackson EBENIZER (Constable); HUGHES, William;
HAUGHTON, John Thomas; TAYLOR, John ;
Billy (Aboriginal); Bobby (Aboriginal); Jimmy (Aboriginal)
","Charters Towers; Pentland;
Cape River",,,Nairn murder,1886/132,p.274 - 290,02/02/1886,27/01/1886,JUS/N129,
ITM2728395,"Larry (Aboriginal); Charlie (Aboriginal); COOPER, Allen;
JASPER, Thomas; THOMAS, John; BRODIE, John Gary;
TWISS, Henry; CRAWFORD, John; McDONALD, Arthur",,,,Larry murder,1886/573A,p.223-237,06/01/1887,22/12/1886,JUS/N138,
ITM2729025,"Jonny (Aboriginal); WALLACE, Hugh; CANNON, William (Constable); SMITH, Sidney; STONE, Henry",Ingham,,,Tommy manslaughter,1888/32,p.250 - 274,24/01/1888,20/01/1888,JUS/N151,
ITM2729428,"YOUNG, Sow (Chinese); BARLAND, Alexander; BURNES, James; FOLEY, James; FOLEY, John; BARLAND, William; HOAD, William; AH Hom; GERAGHTY, James; MURRAY, Michael; KIRHIM, Helmunth","Cooktown; Normanby
",,,Sow Young murder,1888/446,p.385 - 424,19/09/1888,08/09/1888,JUS/N159,
ITM2730006,"CLIFFORD, John; NEILSON, Alaxander; Jimmy (Aboriginal); PASSKE, Frank; WHELAN, Edward (Officer in charge of Native Police Mulgrave River); McLAUGHLIN, James (Constable)
",Russsell River goldfields; Coopooroo Creek; Salt Water Island; Mourylin Harbour,,,Clifford murder,1889/419,p.611-621,09/09/1889,??/05/1889,JUS/N169,
ITM2730007,"PAASKE, Frank; GOODOON, George; McLAUGHLIN, James (Constable); WHELAN, Edward (Officer in charge of Native Police Mulgrave River); NEILSON, Alaxander; BROWN, Fred;
BROWN, George; Russian Charley; Carrington (Aboriginal);
Toby (Aboriginal); Jack (Aboriginal)",Boer Pocket; Cairns; Russsell River goldfields,,,Paaske murder,1889/420,p.62- 635,09/09/1889,,JUS/N169,
ITM2730046,"WILLIAMS, John; CAMPBELL, William; BROWN, E L; JEFFERSON, Edward; McNIAH, Frances Little; URQUHART, Frederick; WILSON, William; Charlie (Aboriginal);
Johnny (Aboriginal); BAIN, D",Port Kennedy; Somerset,,,Williams murder,1889/461,p.212 - 250,15/10/1889,13/07/1889,JUS/N170,
ITM348856,"MILLIE (Aboriginal woman); MCBRIDE, Thomas (Police Constable);CHRISTIE, Robert; FARQUHARSON, John (Police Sergeant); JOHNSTONE, Charles; KARTUM, H. ",Cooktown,,,Milly poisoned at Cooktown,500 of 1897,p.1,06/12/1897,28/11/1898,JUS/N257,
ITM348856,"Nellie (Aboriginal woman); MCBRIDE, Thomas (Police Constable);CHRISTIE, Robert; FARQUHARSON, John (Police Sergeant); JOHNSTONE, Charles; KARTUM, H. ",Cooktown,,,arsenic poisoning Nellie poisoned at Cooktown,500 of 1897,p.2,06/12/1897,27/11/1897,JUS/N257 ,
ITM2734292,HOPKINS; JOHNNY (Abooriginal mna); BILLY JACK (Aboriginal man); McGABE; BILLY (Aboriginal man); ,Cloncurry; Normanton; Granada Station; ,,,Inquiry into cause of death of Aboriginal Johnny ,98 of 1898,All p.1-11,12/01/1898,12/01/2022,JUS/N260,
ITM2734296,"ANNIE (aboriginal woman); NICKLES, William AKA (Aboriginal man); MAGGIE (aboriginal woman); AH FONG (Chinese); HIGGINS; BATEMAN; LORIGAN; ROSIE (Aboriginal girl); CHERRY;  MURRAY;
SAVAFE, James; KENNY, James;",Coen; Rokeby; Townsville; ,,,Inquiry into the death of an Aboriginal woman named Annie at Rokeby,102 of 1898,All p.1-19,1/1/1898,,JUS/N261,
ITM2736447,"SANDY (Aboriginal man); BILLY (Aboriginal man); CHARLIE (Aboriginal man); PERRE, K.L; ANSON OR ANDERSON YUTE (Aboriginal man); LANCASTER, Frederick; PURCELL; ANNOLIS, G.K>V;  DICK (Aboriginal boy)",Poscoe River; Somerset; Thursday Island; Maragret Bay; T Reef;  ,,,Inquest into death of K L Perre,244 of 1902,All p.1-21,02/07/1902,10/06/2022,JUS/N306,
ITM282297,N/A,N/A,,,,127 of 1889,p.19,10/05/1889,N/A,A/36275,
ITM282366,,,,,"Letter from Inspector GPM Murray at Springsure to Sub Inspectors Price, Paschen, Freudenthal and Compigne re. office of Inspector of Native Mounted Police has changed from Rockhampton to Springsure",1866/486,p.5,19 November 1866,,,
ITM282366,,,,,Letter from Inspector GPM Murray to Sub Inspector Paschen at Mackenzie barracks re. stood down in order to investigate suspected misappropriation of expenditure,1866/493,p.6-7,20 November 1866,,,
ITM282366,,,,,Letter from Inspector GPM Murray at Springsure to Sub Inspector Coward at Rockhampton ,1866/494,p.7,20 November 1866,,,
ITM282366,,,,,Letter from Inspector GPM Murray at Springsure to ASI Dorsey at Rockhampton ,1866/495,p.7,20 November 1866,,,
ITM282366,,,,,Letter from Inspector GPM Murray to Sub Inspector Coward at Rockhampton ,1866/496,p.7,20 November 1866,,,
ITM282366,,,,,Letter from Inspector GPM Murray to Inspector Marlow at Bowen re. decline for Native Mounted Police officers' request for leave until NSW arrangements have been completed,1866/497,p.8,20 November 1866,,,
ITM282366,,,,,Letter from Inspector GPM Murray at Springsure to Commissioner re. reporting staff suspension due to suspected misappropriation of expenditure,1866/506,p.10,27 November 1866,,,
ITM282366,,,,,Letter from Inspector GPM Murray at Springsure to OIC at Mackenzie barracks ,1866/517,p.12,18 December 1866,,,
ITM282366,,,,,Letter from Inspector GPM Murray to Sub Inspector Elliott at Rockhampton ,1866/520,p.13,24 December 1866,,,
ITM282366,,,,,Letter from Inspector GPM Murray at Springsure to ‘Acting Inspector John Nutting Esq.’ at Spring Creek re. investigation into Sub Inspector Paschen,"1866/515

1866/575.",p.12,13 December 1866,,,
ITM282366,,,,,Letter from Chief Inspector GPM Murray at Springsure to Sub Inspector Price at Nebo re. Native Mounted Police Trooper ill,1867/109,p.40,2 July 1867,,,
ITM282366,,,,,Letter from Chief Inspector GPM Murray at Springsure to Sub Inspector Compigne at Marlborough ,1867/116,p.42,7 August 1867,,,
ITM282366,,,,,Letter from Chief Inspector GPM Murray to Sub Inspector Coward at Suttor River ,1867/117,p.42,10 August 1867,,,
ITM282366,,,,,"Letter from Chief Inspector GPM Murray at Springsure to Mr Martin Zerbe, storekeeper at Taroom ",1867/133,p.47,2 September 1867,,,
ITM282366,,,,,Letter from Chief Inspector GPM Murray at Springsure to Commissioner re. promotion of Nutting,1867/134,p.47,2 September 1867,,,
ITM282366,,,,,"Letter from Chief Inspector GPM Murray at Springsure to Inspector Wheeler at Marlborough re. recommendation for promotion of Trooper Wellington 71, and reprimand of Sub Inspector Uhr",1867/192,p.60,26 November 1867,,,
ITM282366,,,,,Letter from Inspector GPM Murray at Springsure to Commissioner re. Police Protection associated with the gold field Crocodile Diggings,1867/24,p.20,21 March 1867,,,
ITM282366,,,,,Letter from Chief Inspector GPM Murray at Springsure to Inspector Wheeler at Marlborough ,1867/29,p.22,23 March 1867,,,
ITM282366,,,,,Letter from Chief Inspector GPM Murray to Sub Inspector Morisset at the Barcoo ,1867/30,p.22,22 March 1867,,,
ITM282366,,,,,Letter from Chief Inspector GPM Murray at Springsure to Commissioner re. demotion of Native Mounted Police Acting Sergeant Croghan,1867/33,p.23,23 March 1867,,,
ITM282366,,,,,Letter from Inspector GPM Murray at Springsure to Acting Inspector Nutting at Springsure re. resignation of Acting Sub Inspector Carr,1867/6,p.16,8 January 1867,,,
ITM282366,,,,,Letter from Chief Inspector GPM Murray at Springsure to Sub Inspector Morisset at the Barcoo ,1867/86 ,p.35,27 May 1867,,,
ITM282366,,,,,Letter from Chief Inspector GPM Murray at Springsure to Inspector Wheeler at Marlborough ,1868/108,p.92,17 September 1868,,,
ITM282366,,,,,Letter from Chief Inspector GPM Murray at Springsure to Sub Inspector Morisset at Tambo re. forming a camp and new Barracks,1868/142,p.99,10 November 1868,,,
ITM282366,,,,,Letter from Chief Inspector GPM Murray at Springsure to Commissioner ,1868/151 ,p.101,24 November 1868,,,
ITM282366,,,,,Letter from Chief Inspector GPM Murray at Springsure to ASI Nicholson at Spring Creek ,1869/165,p.145,6 November 1869,,,
ITM282366,,,,,Letter from Chief Inspector GPM Murray at Springsure to Inspector Wheeler at Marlborough ,1869/182,p.150,24 November 1869,,,
ITM282366,COMPIGNE; PRICE,Collaroy,,,Letter from Inspector GPM Murray at Springsure to Commissioner re. report of punishment of Blacks for late murders at Collaroy,1866/519,p.13,18 December 1866,,,
ITM282366,"COMPIGNE; COWARD; ARMSTRONG; PRICE; TROOPER CORRANDIE 39, TROOPER BRUTUS 21, TROOPER BALLAMBE 27, TROOPER TOM TOUGH 152; BLAKENLY","Collaroy, Lotus Creek, Gatton, Leichardt Downs, May Downs, Logan Downs, Cotherstone, Moon Downs, Nebo, Isaac District",,,Letter from GPM Murray at Springsure to Commissioner re. disturbed state of District due to indifferent manner of patrols by Native Mounted Police,1866/524,p.14,31 December 1866,,,
ITM282366,AUBIN,Morinish Diggings,,,"Letter from Chief Inspector GPM Murray to M Aubin, Esq. at Rockhampton re. his dismissal from the Native Mounted Police due to his handling of Collision with Aboriginals",1867/112,p.41,6 August 1867,,,
ITM282366,,"Bowen, Marlborough, Coast Country north and south of Bowen, Dalyrmple, The Cape, Crocodile, Morinish, Rockhampton, Mackenzie District, Alice River, Thompson River, Copper Field.",,,Letter from Chief Inspector GPM Murray to Commissioner re. Native Mounted Police distribution across the Northern District and number of men and their ranks to do the required work for the upcoming year 1868,1867/221,p.66-67,23 December 1867,,,
ITM282366,ARMSTRONG; MURRAY; UHR; PINNOCK; MARLOW; ELLIOTT,"Belyando, Suttor, Bowen River, Don River, Bowen, Rockhampton, Port Mackay, Cleveland Bay, Gainsford, Clermont",,,Letter from Chief Inspector GPM Murray at Springsure to Commissioner re reporting on tour of Inspection,1867/23,p.19,21 March 1867,,,
ITM282366,TROOPER ALBERT,Clermont,,,Letter from Chief Inspector GPM Murray at Springsure to Commissioner re. death of Trooper Albert,1868/106,p.92,17 September 1868,15 August 1868,,
ITM282366,DUMARESQ; TROOPER JACK No.5; MORISSET,tambo barcoo,,,Letter from Chief Inspector GPM Murray at Springsure to ASI Finch at Spring Creek re. staff movements at all possible speed to Tambo Barcoo,1868/141,p.99,10 November 1868,,,
ITM282366,"ARMSTRONG; DUMME; WHEELER; THOMPSON, UHR","Clermont, Belyando, Sillyvale, Copperfield, Mackenzie",,,Letter from Chief Inspector GPM Murray at Springsure to Commissioner re. reporting on tour of Inspection,1868/67,p.84-85,4 August 1868,,,
ITM282366,UHR; TROOPERS,Port Curtis District,,,Letter from Chief Inspector GPM Murray at Springsure to Inspector Wheeler at Marlborough ,1869/16,p.110,17 February 1869,,,
ITM282366,,,,,Memos from Chief Inspector GPM Murray at Rockhampton to Sub Inspector Finch at Belyando ,1870/109 & 1870/110,p.185,01 October 1870,,"QSA item 282366, A/36335; RSI2721/1/1",
ITM282366,,,,,Letter from Chief Inspector GPM Murray at Springsure to Inspector Wheeler at Marlborough ,1870/13,p.161,01 February 1870,,"QSA item 282366, A/36335; RSI2721/1/1",
ITM282366,,,,,Memo from Chief Inspector GPM Murray at Springsure to Inspector Marlow at Dalrymple ,1870/57,p.172,20 June 1870,,"QSA item 282366, A/36335; RSI2721/1/1",
ITM282366,,,,,Memo from Chief Inspector GPM Murray at Springsure to Sub Inspector Isley at Rockhampton ,1870/58,p.172-173,20 June 1870,,"QSA item 282366, A/36335; RSI2721/1/1",
ITM282366,,,,,Memo from Chief Inspector GPM Murray at Rockhampton to Sub Inspector Coward at Burketown ,1870/59,p.173,22 June 1870,,"QSA item 282366, A/36335; RSI2721/1/1",
ITM282366,,,,,Letter from Chief Inspector GPM Murray at Springsure to Sub Inspector FJ Murray at Belyando re. dismissal of Wheeler,1871/115,p.217,07 August 1871,,"QSA item 282366, A/36335; RSI2721/1/1",
ITM282366,,,,,Letter from Chief Inspector GPM Murray at Springsure to the Commissioner of Police re. Native Police movements and patrol of the Mackenzie District to visit stations with complaints about the Blacks,1871/142,p.223-224,16 October 1871,,"QSA item 282366, A/36335; RSI2721/1/1",
ITM282366,,,,,Letter from Chief Inspector GPM Murray at Springsure to Inspector Armstrong at Blackall ,1871/165,p.228,04 December 1871,,"QSA item 282366, A/36335; RSI2721/1/1",
ITM282366,,,,,Letter from Chief Inspector GPM Murray at Springsure to the Commissioner of Police re. staff management and patrols,1871/166,p.229,04 December 1871,,"QSA item 282366, A/36335; RSI2721/1/1",
ITM282366,,,,,Letter from Chief Inspector GPM Murray at Springsure to the Commissioner of Police ,1871/21,p.191,14 February 1871,,"QSA item 282366, A/36335; RSI2721/1/1",
ITM282366,,,,,Letter from Chief Inspector GPM Murray at Bowen Downs to the Colonial Secretary in reference to complaints against Native Police Sub Inspector Wheeler in relation to Gin 'Tendae',1871/48,p.196-197,27 March 1871,,"QSA item 282366, A/36335; RSI2721/1/1",
ITM282366,,,,,"Letter from Chief Inspector GPM Murray at Mt Emu Plains to Inspector Marlow at Dalrymple re. Native Police camp inspection, recruitment of Troopers and state of horses. ""officers making long and useless stages while on patrol""",1872/11,p.236,29 March 1872,,"QSA item 282366, A/36335; RSI2721/1/1",
ITM282366,,,,,Letter from Chief Inspector GPM Murray at Gilberton to the Commissioner of Police re. McCarthy and Finch being exonerated of charges and directed to return to work for Native Police,1872/12,p.237,08 April 1872,,"QSA item 282366, A/36335; RSI2721/1/1",
ITM282366,,,,,Letter from Chief Inspector GPM Murray at Gilberton to Inspector Marlow at Dalrymple re. staff movements and revolvers supplied to Constables at police stations,1872/16,p.238,08 April 1872,,"QSA item 282366, A/36335; RSI2721/1/1",
ITM282366,,,,,Letter from Chief Inspector GPM Murray at Rockhampton to the Commissioner of Police re. location of Native Mounted Police camps,1872/18,p.240,04 May 1872,,"QSA item 282366, A/36335; RSI2721/1/1",
ITM282366,,,,,"Memo from Chief Inspector GPM Murray at Rockhampton to Inspector Wheeler at Marlborough re. staff movements, salaries and rations",,p.187-188,25 October 1870,,A/36335; RSI2721/1/1,
ITM282366,MORISSET; SUMOTT; AHERN; HARTE; Station belonging to MESSERS HULE AND LACY,Springsure; Tambo Blackall Native Mounted Police Camp; Barcoo River; Aramac Creek,,,Letter from Chief Inspector GPM Murray at Springsure to Commissioner re. patrol undertaken and reporting on status of Native Mounted Police,1870/10,p.158,31 January 1870,,"QSA item 282366, A/36335; RSI2721/1/1",
ITM282366,"GRANBY; BILLY; BILLY BUTTON; JIMMY; EDWARDS, Ned; DUNNE; ARMSTRONG; STUART",Springsure; Clermont,,,Memo from Chief Inspector GPM Murray at Springsure to Sub Inspector Finch at Belyando re. 5 deserters from Native Mounted Police,1870/60,p.173-174,21 July 1870,,"QSA item 282366, A/36335; RSI2721/1/1",
ITM282366,"MURRAY, Fred; DAVIS, Herbert; BLACKBOY",Belyondo District; Thompson River; Bowen Downs,,,Letter from Chief Inspector GPM Murray at Springsure to Inspector Armstrong at Blackall ,1871/141,p.223,14 October 1871,,"QSA item 282366, A/36335; RSI2721/1/1",
ITM282366,,,,,Letter from Chief Inspector GPM Murray at Springsure to Sub Inspector Fred J Murray at Belyando ,1871/164,p.228,04 December 1871,,"QSA item 282366, A/36335; RSI2721/1/1",
ITM282366,NOWLAN,,,,Letter from Chief Inspector GPM Murray at Springsure to Sub Inspector Fred J Murray at Belyando re. required monthly reporting in relation to Native Mounted Police activities,1871/170,p.230,16 December 1871,August 1871,"QSA item 282366, A/36335; RSI2721/1/1",
ITM282366,DAVIS Herbert C; Blackboy 'Bob'; Sub Inspector MURRAY; Acting Sub Inspector NICHOLSON; Blackboy 'Prodigal',Bowen Downs,,,Letter from Chief Inspector GPM Murray at Springsure to the Commissioner of Police re. reports received from Native Police inspectors in relation to murder of Davis and blackboy 'Bob'.,1871/172,p.230,30 December 1871,"May, June, July or August 1871","QSA item 282366, A/36335; RSI2721/1/1",
ITM282366,WHEELER; BIRCH Mr,,,,Letter from Chief Inspector GPM Murray at Tambo to Sub Inspector Wheeler at Tambo ,1871/47,p.196,13 March 1871,,"QSA item 282366, A/36335; RSI2721/1/1",
ITM282366,"WHEELER, Sub Inspector; NICHOLSON, Sub Inspector; MURRAY, Sub Inspector",Tambo; Blackhall; Barcoo Native Mounted Police Barracks; Marathon; Belyando; Clermont; Copperfield; Bown Downs; Springsure; Thompson River; Aramac; Peak Downs; Belyando River,,,Letter from Chief Inspector GPM Murray at Springsure to the Commissioner of Police reporting on his tour of the District,1871/61,p.201-202,11 April 1871,,"QSA item 282366, A/36335; RSI2721/1/1",
ITM282378,"BROWNE, Henry.",Roma ,,,"Divisional Order No 2 from Chief Insp. Henry Browne, at Roma ",,p.2,29 July 1867,,A/36341; RSI2732/1/1,
ITM282600,"REDDAN, Const (Constable); FOGGIN",Atherton; Barron River; Johnstone River; Mareeba,,,Native Police Dispersal at Barron River,81 of 1898,p.14,22/12/1898,,A/38047,
ITM282600,"HEENAN, J (Constable); Putt, Mr; Garlaua, Mr",Barrow Creek; Upper Barron; Allumbah Pocket; Boar Pocket; Tinaroo,,,Native Police Dispersal and Aboriginals being troublesome,4 of 1899,p.17,01/01/1899,,A/38047,
ITM282600,"HEENAN, J (Constable); ",Wooroora run; Cameron Creek; Woodleigh Run; Hot Springs; the Mila; Dry Rivers,,,Native Police Dispersal at Wooroora,8 of 1899,p.18,04/03/1899,,A/38047,
ITM282600,"HEENAN, J (Constable); Collins, Mr","Kirrama Station;  Wooroora Station, Cashmere Station, Tirrabella Station and Sunnawarra Station. Returned via Mt Sarue",Tully River;  Murray River;  Herbert Vale,,Native Police Dispersal at Kirrama,41 of 1899,p.68,21/11/1899,,A/38047,
ITM282600,"HEENAN, J (Constable); FOGGIN; EGAN (Constable)","Atherton
Barron River",,,"Native Police Dispersal at Barron River.
Patrol to settle troublesome blacks. Some camps cautioned and some dispersed.",7 of 1900,p.73,24/02/1900,10/02/1900,A/38047,
ITM282600,"BECK, Mr;  HEENAN, J (Constable)","My Garnet; California Creek; Watsonville; Mt Cardwell; Gunnawarra; Terrebella Station; Nigger Creek Station; St Ronans Station
Mt Albion Station",,,Native Police Dispersal at Gunnawarra. Report of Patrol to look into a disturbance at Mt Garnett and dispersed several camps,34 of 1900,p.83,31/07/1900,,A/38047,
ITM282600,"ROBINSON, Mr",Wooroora; Tilly River; Murray River,,,"Native Police Dispersal at Wooroora.
Report of mounted patrol of dispersal of camp near Wooroora station",42 of 1900,p.87,22/09/1900,,A/38047,
ITM282600,"FOGGIN, Mr
HEENAN, J (Constable)",Barron River,,,Native Police Dispersal at Barron River. Report of mounted patrol of dispersal of camp at Barron River,57 of 1900,p.93,23/12/1900,,A/38047,
ITM282600,,,,,Native Police Dispersal at Wooroora,32 of 1901,p.42,28/08/1901,,A/38047,
ITM282600,"HEENAN, J (Constable)",Wooroora; Karra Scrub; Tully River; Nettles Creek; Cedar Creek; Woodleigh,,,Native Police Dispersal at Wooroora,"No letter number provided. 

Possibly 45 of 1901",p.49,24/12/1902,,A/38047,
ITM282600,"HEENAN, J (Constable)",Wooroora Station; Karra; Tully and Murray Rivers,,,Native Police Dispersal at Wooroora,7 of 1902,p.52,24/03/1902,,A/38047,
ITM282600,"HEENAN, J (Constable)",Wooroora Station;,,,Native Police Dispersal at Wooroora,24 of 1902,p.57,04/08/1902,,A/38047,
ITM282600,"PUNCH (Tracker); BOWLER, Mr.",Evelyn Station; Glen Alice Station,,,Actually titled Re blacks stealing from settlers at Evelyn + dispersal ,16 of 1904,p.109,10/07/1904,,A/38047,
ITM289938,"POINGDESTRE, Lyndon","Batavia River
Jardine River
",,,,6816 of 1888,p.74-76 ,08/19/1888,N/A,A/41230,
ITM289938,"POTTS, Mr
SEYMOUR, D L (Commissioner of Police)","Cooktown
Archer River",,Contains details regarding Cannibals,,7194 of 1888,p.71-73 ,29/09/1888,N/A,A/41230,
ITM289938,"POTTS, Mr",Archer River,,,,8436 of 1888,,03/10/1888,N/A,A/41230,
ITM289938,,,,,,3135 of 1889,p.222-226,,,A/41230,
ITM289938,"NOTT, Alan H; WATSON, Mr; EVANS, Mr; O'ROUKE, Seargent; MASSY, Charles",Cooktown; Archer River,,,Protection required at Archer River,7395 of 1889,p.58,14/05/1889,,A/41230,
ITM289938,,,,,Coen Police Station,7696 of 1889,p.54-55,01/06/1889,,A/41230,
ITM290231,,,,,Purchase of portable forge etc for Turn Off Lagoon Police Station,,p.60-70,08/01/1920,,A/41523,
ITM290231,,,,,Mr Shadforth being speared and Swearing in Quensland Police for South Australia,,p.98,06/12/1897,,A/41523,
ITM290288,,,,,Montalbion Station closed,"15701 of 1899

5701 of 1889",p.25-31,30 September 1899,,A/41580,
ITM290300,,,,,Lake Nash Police Station,,p.1-20,15/06/1883,,A/41592,
ITM290306,,Palmer River; Palmerville;  Glenroy,,,Glenroy Police Station,,p.1-13,,,A/41598,
ITM290306,"STAFFORD Sub-Inspector
O'ROURKE, D","Palmerville
Cooktown",,,Glenroy Police Station,7424 of 1886,p.30,26/10/1886,,A/41598,
ITM290306,STAFFORD Sub-Inspector,,,,Glenroy Police Station,7528 of 1886,p.27,29/10/1886,,A/41598,
ITM290306,,,,,Glenroy Police Station,289 of 1886,p.26,03/01/1887,,A/41598,
ITM290306,,,,,Glenroy Police Station,2150 of 1887,p.25,31/03/1887,,A/41598,
ITM290306,,,,,Glenroy Police Station,1675 of 1887,p.25,24/02/1887,,A/41598,
ITM290306,,,,,Glenroy Police Station,2198 of 1887,p.23,02/04/1887,,A/41598,
ITM290306,,,,,Glenroy Police Station,3852 of 1887,p.21-22,01/07/1887,,A/41598,
ITM290308,,,,,Cannibal Creek Police Station,,p.167-169,20/05/1896,,A/41600,
ITM290311,"AHERN, Sub Inspector; MARSHALL, Mr; MOSMAN, Sub Inspector; INQUHART, Sub Inspector;",Fort Constatine Station; Cloncurry; Corella Creek,,,"From Sub Inspector John Ahern of Police Department Muttaburra, to Police Commissioner Brisbane",4076 of 1885,p.17-18,13 May 1885,,A/41603,
ITM290322,"SEYMOUR, D J (Commissioner of Police): MCDOWALL, William;+X145",Glendhu,,,Glendhu Police Station,,p.46-75 ,07/12/1884,,A/41614,
ITM2917,GEORGY (Aboriginal man).,New South Wales; Ipswich.,,,Execution of Georgy (Aboriginal) ,1861/230; ,p.159,5 December 1861,,"QSA item 2917, 1861/230; ",
ITM2917,SAMBO (Aboriginal man); SAMBO (Aboriginal man).,Wide Bay; Maryborough.,,,Admission to Brisbane Gaol of two Aboriginal men both named Sambo ,1862/164 & 165,p.173,25 April 1862,,"QSA item 2917, 1862/164 & 165",
ITM2917,KIPPER BILLY (Aboriginal man).,Ipswich.,,,Death of Kipper Billy ,1862/48,p.167,5 March 1862,,"QSA item 2917, 1862/48",
ITM2917,JOHNNY (Aboriginal man); JOHNNY (Aboriginal man). ,Brisbane.,,,Admission to Brisbane Gaol of two Aboriginal men named Johnny,1862/8 & 9,p.165,5 February 1862,,"QSA item 2917, 1862/8 & 9",
ITM2917,WILLIE (Aboriginal man); TOMMY (Aboriginal man).,Maryborough,,,Admission to Brisbane Gaol of Willie and Tommy ,1862/95 & 96,p.169,14 March 1862,,"QSA item 2917, 1862/95 & 96",
ITM2917,JERRY (Aboriginal man).,Maryborough,,,Admission to Brisbane Gaol of Jerry,1863/430,p.216,31 July 1863,,"QSA item 2917, 1863/430",
ITM2917,JACKEY (Aboriginal man).,Maryborough,,,Admission to Brisbane Gaol of Jackey aka “Commandant” ,1863/627,p.226,5 December 1863,,"QSA item 2917, 1863/627",
ITM2933,"TOMMY SKYRING (Aboriginal man); MASSIE, H. H.",Brisbane,,,Admission to Brisbane Gaol of Tommy Skyring ,1866/169,p.39,13 April 1866,,PRI 1/16AA,
ITM2933,KIPPER TOMMY (Aboriginal man); DAPPERTON; JONES.,Nanango,,,Discharge from Brisbane Gaol of Kipper Tommy ,1866/529,p.56,23 March 1867,,PRI 1/16AA,
ITM2940,"NOLE BILLY AKA NULLA (Aboriginal man); HEALLY, H. L.",Thornborough; St. Helena,,,Admission to Brisbane Gaol of Billy Nole aka Nulla ,1879/446,p.10,12 December 1879,,PRI1/11; PRV5940/1/1,
ITM298946,TOMMY (Aboriginal man).,Dalby; Marble Creek,,,Entry for Tommy ,,p.117,1 August 1869,,A/36309; RSI4062/2/1,
ITM298946,"ADAM (Aboriginal man); KEANE, P; CARROLL, James. ",Dalby; Queensland,,,Entry for Adam (born Qld) ,,p.16,11 June 1867,,A/36309; RSI4062/2/1,
ITM298946,"BENDALLY (Aboriginal man); KEANE, Patrick.",Dalby,,,"Entry for Bendally (stockman, born Aust) ",,p.23,12 August 1867,,A/36309; RSI4062/2/1,
ITM298946,"SIMON (Aboriginal man); KEANE, P; JOHNSTON, G.",Dalby; Queensland,,,Entry for Simon (born Qld) ,,p.17,14 June 1867,,A/36309; RSI4062/2/1,
ITM298946,"DICK (Aboriginal man); COSGROVE, M.",Dalby; Queensland,,,Entry for Dick (born Qld) ,,p.55,14 May 1868,,A/36309; RSI4062/2/1,
ITM298946,"TOMMY (Aboriginal man); COSGROVE, M; MCCARTHY; MUNT, William.",Dalby.,,,Entry for Tommy ,,p.77,17 December 1868,,A/36309; RSI4062/2/1,
ITM298946,"BLACK HARRY (Aboriginal man); KEANE, P; CROMPTON, R.",Dalby; Toowoomba,,Contains details regarding Rape,Entry for Black Harry committed for trial at Toowoomba 15/7/1867 ,,p.12,17 May 1867,,A/36309; RSI4062/2/1,
ITM298946,"JOHN GUNDARGI (Aboriginal man); CUNNINGHAM, John.",Dalby,,,Entry for John Gundargi ,,p.104,18 May 1869,,A/36309; RSI4062/2/1,
ITM298946,TOMMY PRICE (Aboriginal man).,Dalby; Toowoomba,,,Entry for Tommy Price charged with larceny ,,p.13,21 May 1867,,A/36309; RSI4062/2/1,
ITM298946,STUMPEY AKA DODO (Aboriginal man).,Dalby; Toowoomba; Roma.,,,Entry for Stumpey (alias “Dodo”) ,,p.10,23 April 1867,,A/36309; RSI4062/2/1,
ITM298946,DICK (Aboriginal man).,Dalby; Toowoomba.,,,Entry for Dick ,,p.59,25 June 1868,,A/36309; RSI4062/2/1,
ITM298946,"BLACK HARRY (Aboriginal man); KEANE, P; CROMPTON, R.",Dalby; New South Wales.,,,"Entry for Black Harry (28, stockman, born NSW) ",,p.10,26 April 1867,,A/36309; RSI4062/2/1,
ITM298946,BILLY BOORANG (Aboriginal man).,Dalby; Surat; Toowoomba,,,Entry for Billy Boorang ,,p.99,27 April 1869,,A/36309; RSI4062/2/1,
ITM298946,JOHNNY (Aboriginal man).,Dalby; Taroom; Toowoomba,,,Entry for Johnny under escort from Taroom to Toowoomba ,,p.37,29 November 1867,,A/36309; RSI4062/2/1,
ITM298946,TOMMY PRICE (Aboriginal man).,Dalby; Roma; Toowoomba,,,Entry for Tommy Price ,,p.19,4 July 1867,,A/36309; RSI4062/2/1,
ITM298946,"CHARLEY (Aboriginal man); MCCARTHY, M; SWORDS, William.",Dalby; Cunningham Street,,,Entry for Charley ,,p.90,8 February 1869,,A/36309; RSI4062/2/1,
ITM314068,,,,,,,p.7-8,12 January 1861,,A/71730; RSI12848/1/1,
ITM314068,"WHEELER,; LERTER; ",Ipswich; Coochin Run; ,,,,1860/158,p.9-10,12 February 1861,12 Feb 1861,A/71730; RSI12848/1/1,
ITM317687,,,,,Black trackers at Normanton ,,,,,A/44872,
ITM318443,"EVANS, Mr",Tully River; Murray River; Cardwell,,,Offences against Aborigines,5817 of 1882,"p.315-317

Additional petition - page 313",28/03/1395,,A/45211,
ITM318447,"ROTH, Dr; FOXTON, RE.; LAMINGTON, Lord; TENNYSON, Lord",Camooweal,North-Western Blacks,,Native PoliceA patrol,10417 of 1901,p.168,09/07/1901,,A/45213,
ITM318447,"ROTH, Dr",Cooktown; Urangandie: Boulia; Roxby Downs,,,Native PoliceA patrol,10417 of 1901,p.165,15/07/1901,,A/45213,
ITM318569,,,,,Memo from the Commissioner of Police; General Order; marriage of Police not permitted unless they have served three years ,1866/212,p.78,1 October 1866,,A/45259; RSI13214/4/233,
ITM318618,,,,,"Bundle contains information regarding the murder of Lucy and her child Topsy, No 5307; nothing located for ""Old Bob""",,,02/05/1895,,A/45277; RSI13214/4/282; A1 Item ID 318618,
ITM320215,,,,,Queensland Police Force history,,,,,A/64598,
ITM320230,,,,,Criminal offences; Cairns District,,,27/10/1896,,A/73374,
ITM336988,"PAULSON, Peter; LYDIA (Aboriginal woman); ROSIE (Aboriginal woman); DOUGLAS, Inspector; NELLY (Aboriginal woman); BALSER; ROTH, Walter E; COOPER, S.J;  STUART; FARQUHARSON; MAGGIE (Aboriginal woman); NICKY (Aboriignal Gender unknown); JACKY (Aboriginal man); TOMMY (Aboriginal man); WHITEFORD; MADGE; ",Cooktown; Breeza Plains; Townsville; Chester River; Normanby River; Lakefield ,,,Letter from Walter E Roth to Home Secetary  regarding two femail aboriginal witnesses and their relocation. ,12176 of 1899,p.419-424,16/09/1899,28 Aprill 1899,A/58927,
ITM336988,ROSIE (Aboriginal woman); GARRAWAY,Cooktown; Night Island,,,Letter from Walter E Roth to Home Secetary  regarding Rosie.,5934 of 1900,p.413,19/04/1900,,A/58927,
ITM336988,"DEEVY; WHITEFORD, J; DAN (Aboriginal boy); SHELLFISH (Aboriginal boy); JIMMY (Aboriginal boy);  ",Mappoon Mission; Thursday Island; Emily Mission; Yorthe Downs Station; Merluna Station; Pine Tree Station; Langie Station; Rokeby Station,,,Report from Deevy to Inspecotor of Police Cairns regarding the search for 3 aboriginal boys wanted for murder ,19949 of 1900,"p.411
& p.408",01/11/1900,,A/58927,
ITM336988,"DAN (aboriginal boy); WHITEFORD, Jas; DEEVY; ",Mappoon Mission Station; ,,,"Letter from Whiteford, Native Mounted Police to the Commissioner of Police, reporting on the death of Dan. ",150 of 1900,p.409,02/11/1900,,A/58927,
ITM337170,COPPER (Aboriginal man),Cairns,Kuranda,,Aboriginal man named Cooper killed near Cairns,,p.59,30/08/1901,,A/38047,
ITM337170,BULLOO (Aboriginal); CHANG LOOK,"Shepherds (possibly Shepherds Mine near Hope Vale/ Cooktown)
",,,Report of murder by Bulloo (Aboriginal). Chang Look at Shepherds.,,p.8,05/03/1901,,A/58786,
ITM337170,PETER (Aboriginal man); WHITFORD; ROTH; GARRAWAY,Coen Township; Archer River; Cooktown,Archer River,,"Peter killed at Coen.
Extracts from letter of Sergt Whiteford 28 of 17.5.01",H 155,p.28,17/05/1901,05/05/1901,A/58786,
ITM337170,"JACKY (Aboriginal man); PETER (Aboriginal man); O'DONNELL; 
","Herbeton
",,Contains graphic description of dead bodies,Jacky held in Custody for Murder of Peter ,,p.116-117,13/06/1901,,A/58786,
ITM337170,MAGGIE (Aboriginal woman); TOMMY TOMAHAWK (Aboriginal man),Cairns,,,Letter reporting murder of an Aboriginal woman named Maggie by Aboriginal man Tommy Tomahawk.,,p.106,09/09/1901,,A/58786,
ITM337170,BIDDY (Aboriginal woman); BOHO (Aboriginal boy),Behana Creek,,,Letter reporting murder of an Aboriginal woman named Biddy by Aboriginal boy named Boho,,p.118,07/10/1901,,A/58786,
ITM3485,"MCCARTHY, Daniel; BRAMSTON, John 9Attorney-General); NELLIE (Aboriginal woman); KELLAWAY, George; LITTLE, Robert; DUNCAN, Robt; CROSS, Henry; MCMURTRIE, Andrew; GARDNER, Wm; THOMASSON, Wm; BATES, Edwin; STRUBER, Frank; MCLAUGHLIN, James; JOHNSON, Herbert; CARSON, Robt John; REILLY, Michael; BACKWELL, Thomas;",Rockhampton; Westwood;,,,,No. 13,p.179-180,01 April 1873,18 March 1873,CCT7/N30; PRV6097/1/3,
ITM3485,"FENWICK, Nicholas George; SALMOND, David; PETER (Aboriginal man); JIMMY (Aboriginal man); COCKLE, James; MICKLEBOROUGH, John; BURKE, Thomas; WORTH, Eliza.",Rockhampton; Cawarral; New Zealand Gully.,,,Trial at Rockhampton of Nicholas Fenwick ,No. 4,p.42-56,29 March 1871,,CCT7/N30; PRV6097/1/3,
ITM3485,"GEORGE (Aboriginal man); MANNION, Ellen; STOCKWELL, James; MANNION, Peter; SALMOND, David; JUDGE, Thomas.",Rockhampton; Campbell Street; Fitzroy Street.,,Contains details regarding Rape,Trial at Rockhampton of George ,No 5,p.147-157,27 March 1871,18 December 1870,CCT7/N30; PRV6097/1/3,
ITM3508,"GEORGE (Aboriginal man); LITTLE, Robert; MANNION, Ellen.",Rockhampton.,,Contains details regarding Rape,Trial at Rockhampton of George ,No 5,p.186-188,,,CCT7/N23; PRV6098/1/20 ,
ITM3485,"NELLIE (Aboriginal woman); MCCARTHY, Daniel; KELLAWAY, George.",Rockhampton.,,,"Death of Nellie (Aboriginal) at Westwood, killed by Daniel McCarthy ",No 13,p.179-180,18 March 1873,,CCT7/N30; PRV6097/1/3,
ITM348715,"Maggie (Aboriginal); Billie (Aboriginal); REID, Hugh
",,,,Billy murder,,p.142,04/03/1885,11/02/1885,"JUS/N116, 1885/112",
ITM348724,"WARREN, Paddy; BYRNE, Paddy; Billy (Aboriginal boy); FERGUSON, John; LLOYD, Charles, Richard (Constable); COWLEY, Richard William; POINGDESTRE, Lyndon
","Walker's Creek
Normanton",,,Warren or Byrne murder. Inquest into the death of Paddy Warren alias Byrne murdered by Aboriginal.,,p.161-168,26/10/1895,25/10/1895,"JUS/N125, 1885/565",
ITM3489,"MILLER, Richard; CAMERON; FULLER; CAVE, William; DALRYMPLE; BLIGH; PETER (Aboriginal boy).",Rockhampton; Nogoa; Comet Waters; Planet Downs.,,,Trial at Rockhampton of Richard Miller ,,All,6 April 1863,,,
ITM348910,,,,,,66 of 1903,,xx/xx/1903,,JUS/N312,
ITM348914,,,,,,278 of 1903,,xx/xx/1903,,JUS/N316,
ITM348929,"BALAAM, Thomas Joseph, Constable; WILLIAMS, Edward; BUTTERWORTH, T B; SHANNON, J B; MILLS, John; TURNER, A; RICHARDS, Mr; YABBA (Aboriginal man); PATULLO, George; HESS, Johnny (Aboriginal man)",Nemo; Mackay; MT Britten;,,,Yabba killed at Mackay,86 of 1905,p.242-271,01/03/1905,25/07/1905,JUS/N331,
ITM348972,,,,,Jimmy Charcoal killed at Coen,290 of 1907,p.945-985,07/05/1907,,JUS/N375,
ITM348972,,,,,Ned killed at Port Stewart,285 of 1907,p.825-834,15/05/1907,,JUS/N375,
ITM348999,"BOKO JACK (Aboriginal man); WINTON, James; WINTON, William Wallace",Bedouri; Boulia; Charters Towers;,,,Murder of Boko Jack,375 of 1908,p.713-715,02/09/1908,,JUS/N402,
ITM349094,Penny (Aboriginal);  Barney (Aboriginal man),Burketown,,,Penny killed at Burketown,308 of 1912,p.43-66,03/07/1912,23/05/1912,JUS/N498,
ITM349197,"FAI, Peter; FAI, Pietro; MARTIN, Henry Stanley (Constable); PLATT, Tommy (Aboriginal man)",Yarrman; Lakin River,, ,Inquiry into death of Tommy Platt (Aboriginal man),67 of 1916,p.1-12,"xx/xx/1915
30/09/1915",19/09/1915,JUS/N601,
ITM349202,"ROBERTS, John Arthur; ROBERTS, Annie Maud; KENNEDY, Charlie",Breadalbane Station; Proserpine,,,"Inquest into death of Charley Kennedy, shot by Roberts in self defence and defence of his wife and children",198 of 1916,p.1-33,12/04/1916,08/04/1916,JUS/N606,
ITM349291,"CORK HARRY (Aborigina); MCKENZIE, Duncan; SILVA, James; KERFFORD, Thomas; KENNEDY, Alexander; MONTCASTER, Rusland;GEORGE, Sidney; ALLEN, Roland Edward; HAROURT, Maurice, Albert; MARTELL, Edward; KING, Sub-Inspector",Winton,,,Inquest into death of Harry,609 of 1919,,21/09/1919,,JUS/N696,
ITM3493,,,,,Trial at Rockhampton of Edward Thompson ,No 25,All,22 September 1865,,,
ITM3495,"GADEN, Edward Amsworth; CLARK, Thomas; LUTWYCHE; PETER (Aboriginal man).",Rockhampton; Peak Downs; Clermont.,,,Letter from EA Gaden to the Police Magistrate at Clermont ,,All,27 February 1866,,CCT7/N7; PRV6098/1/7,
ITM3496,"TOBY (Aboriginal man); HENRY, Alfred.",Rockhampton; Brisbane.,,,"Letter from Alfred Henry, CPS at Rockhampton to Attorney General ",,,8 March 1867,,CCT7/N7; PRV6098/1/8,
ITM3497,,,,,Deposition by Peter Macintosh of Wealmandangie station ,,,25 July 1867,,CCT7/N7; PRV6098/1/9,
ITM3500,"TOBY (Aboriginal man); WILLIAMSON, William; MILMAN; HENRY; BARNEY (Aboriginal boy); AHERN, John; CHARLIE (Aboriginal man); MURRAY (Aboriginal man).",Tambo.,,Contains detials regarding the Murder of a child,Trial at Rockhampton of Toby ,,,30 March 1869,,CCT7/N13; PRV6098/1/12,
ITM3500,,,,,Letter from Edward Wheeler at Marlborough to Registrar General ,,p.2,9 April 1869,,CCT7/N13; PRV6098/1/12,
ITM3500,,,,,"Letter from Edward Wheeler at Marlborough to Western Wood, PM at Bowen ",,p.7,4 November 1868,,CCT7/N13; PRV6098/1/12,
ITM3485,"DOCTOR DAWSON (Aboriginal man); SLATER, Bridget; DOYLE, William; SALMOND, David.",Rockhampton.,,Contains details regarding Rape,Trial at Rockhampton of Doctor Dawson (Aboriginal) ,No 6,p.158-167,27 March 1871,,CCT7/N30; PRV6097/1/3,
ITM3508,"DOCTOR DAWSON (Aboriginal man); LITTLE, Robert.",Rockhampton.,,Contains details regarding Rape,Trial at Rockhampton of Doctor Dawson (Aboriginal) ,No 6,p.183-185,,,CCT7/N23; PRV6098/1/20 ,
ITM3510,"NELLIE (Aboriginal woman); McCARTHY, Daniel; SALMOND, David; HAYES, Edmond; HOBBLER, Francis;  FOUNTAIN, James; WUTH, Ernest Magnus; KELLAWAY, George",Rockhampton; Westwood; ,,,"Death of Nellie (Aboriginal) at Westwood, killed by Daniel McCarthy ",1873/12,,31 March 1873,18/03/2023,CCT7/N25; PRV6098/1/22,
ITM3511,,,,Contains details regarding beastiality,Trial at Rockhampton of John Connolly ,No 7,p.69-71,06 October 1873,,CCT7/N26; PRV6098/1/23,
ITM3516,"TOMMY (Alias BILLY or YELLOW BILLY) (Aboriginal man); SAM (Aboriginal man); CAMPBELL, James; ROBISON, William Herbert.",Rockhampton.,,,Trial of Tommy aka Yellow Billy alias Billy at Rockhampton ,"QSA item 3516, No 3",all,28 September 1877,,CCT7/N32; PRV6098/1/28,
ITM3516,"LITTLE, Robert; WHEELER, Frederick; JEMMY (Aboriginal); GARRICK, James Frances; ","Rockhampton, Belyando",,,"Rockhampton Circuit Court Regina Vs Frederick Wheeler, Crown Solicitor's Brief",No.2,All,02 October 1876,11 March 1876,CCT7/N32; PRV6098/1/28,
ITM3517,DIDNO (Alias JACK and also alias JOHNNY); AH SAM,Rockhampton,,,"Rockhampton Circuit Court, Didno, also Jack and also Johnny, for murder of Ah Sam",,p.1  ,08 October 1878,28 June 1878,CCT7/N33; PRV6098/1/29,
ITM3518,"BROWNE, A.",Belyando; Dittlee.,,,Note from Frederick Wheeler at Belyando barracks to A Browne at Dittlee ,,p.3,15 March 1876,,CCT7/N34; PRV6098/1/30,
ITM3593,"STEVENSON, Alfred; MCCARTHY, Alfred; Bogarella Peter?; Bogarella Tommy?; NIXON, James Police Acting-Sergent; MCCARTHY, Kali; LINCKEN, George; Clara (Aboriginal)","Hillside; Augathella; Roma
",,,Alfred Stephenson murder. Documents from the Murder tial of Alfred Stephenson who killed Bogarella Peter,9 of 1900,p.1-52,03/04/1900,09/02/1900,CCT5/N10,
ITM38043,,Cairns; Mulgrave River,,,JD Keith selection file,14603 of 1885,p.326-328,14/07/1885,,LAN/AG209,
ITM38044,"Allen, Thomas Chalfont",Cairns; ,,,TC Allen selection file request exemption from residence clause,16689 of 1885,p.334-350,13/03/1886,,LAN/AG209,
ITM38045,,,,,R Sturt selection file,6826 of 1886,,05/11/1886,,LAN/AG209,
ITM38059,,,,,JH Davidson selection file,22410 of 1883,p.2-54,18/11/188/8,,LAN/AG210,
ITM38202,,,,,A Hoffman selection file,967 of 1889,,,,LAN/AG213,
ITM38218,,,,,Sarah Kate Williams land selection file,3131 of 1887,p.44-45 ,,,LAN/AG213,
ITM562900,,,,,Ahern staff file,,,,,A/38707,
ITM562914,"ATTERIGE, Phillip","Walsh River; Tate River, Mitchell River; Synd River; Palmer River",,,Atterige staff file,,p.26,17/11/1881,,A/38709,
ITM562917,"ARMIT, William E.; TOMPSON, Sub-Inspector; POINGDESTRE, Sub-Inspector; POLLY (Aboriginal womoan)",Carl Creek; Burketown;,,,Armit staff file. Extract re dismissal from Police Force.,,all,13/04/1883,,A/38710,
ITM562965,"AFFLECK, John de Linden; Peter (Aboriginal man); SEYMOUR; EGLINTON, Ernest; STUART; ZILLMAN; MURRAY; HOGG; ",Cooktown; Barron River; Barronwater; Port Douglas; Herbertonl Brisbane,,,"Police Staff file for AFFLECK, John de Linden ",,p.264-319,29 October 1886 - 31 January 1890,,A/38716,
ITM562988,,,,,Brooke staff file,,,,,A/38719,
ITM562996,,,,,,,,04 July 1877,,[QSA item 562996] A/38720; SRS1108/2/100,
ITM562996,"LACEY, James, Sergeant; BERESFORD, Mark, Sub Insp.;",Cloncurry,,,Beresford staff file,,,,,A/38720,
ITM563030,,,,,Baxter staff file,,,,,A/38724,
ITM563142,"CLERK, Sub Inspector; SURAT, Sub Inspector;",Cloncurry; ,,,Clerk F.M. staff file,,p. 1-61,,,A/38742,
ITM563200, ,,,,William Cooper staff file,,all,,,A/38752,
ITM563223,,,,,Appointment of Walter F Cheeke as Second Class Sub Inspector ,,p.3-5,06 October 1876,,A/38756; SRS1108/2/327,
ITM563292,,,,,Donovan staff file,,,,,A/38770,
ITM563320,"DWYER, William (Constable); Toby (Aboriginal man); WRIGHT, William (Constable); ARMSTRONG, Maxwell; BRIGGS, James; BRIGGS, Charles James;",Taroom; ,,,Dwyer staff file,,"p.4-13, 20-23",,26/01/1883,A/38773,
ITM563330,"DOHERTY (Constable); MURRAY, F.",Normanby; King Plains; Springvale;,Daintree; Bloomfield:,,Doherty staff file,,"p.22-44, 81 ",,28/06/1891,A/38774,
ITM563376,"FITZGERALD, Gerald William; WARBY, Sub-inspector",,,,Fitzgerald staff file,,,,,A/38787,
ITM563389,,,,,Letter from Colonial Secretary to Commissioner of Police dated 30 September 1879 re discharge of Sub Inspector R Freudenthal,,p.10,29 January 1863,,A/38789; SRS1108/2/493,
ITM563389,,,,,Discharge on pension of First-Class Sub Inspector R Freudenthal ,,p.10,30 September 1879,,A/38789; SRS1108/2/493,
ITM563399,"ARMSTRONG, inspector",Townsville,,,Brannelly staff file,,p.229,,,A/38792,
ITM563405,"MOLLOY, Patrick; WALSH, John (Senior Sergent); HARRY (Aboriginal boy); AGNEW, Mr.; PAGE, Mr.; McDONALD, MY.;",Bowen; Conwqay Station; Mount Douglas; ,,,Molloy staff file,,p.41-61,,12/04/1886,A/38794,
ITM563421,"FRASER, (Constable); LIZZY, (Aboriginal woman); JIMMY (Native Police Trooper); PADDY (Native Police Trooper); BUCKLEY (Native Police Trooper)",Eyres Creek,,,Fraser staff file,,p.15-46,,12/08/1888,A/38798,
ITM563460,"EGLINGTON, Ernest;",Sulienan Creek; Buckingham Downs,,,Eglinton staff file,,p.8-10,,,A/38804,
ITM563503,,,,,Record of the services of Sub Inspector Hugh Galbraith being ‘disposed of’ at Hughenden Native Police camp ,,"p.1, 8",30 June 1879,,A/38809; SRS1108/2/607,
ITM563598,,,,,Hansen staff file,,,,,A/38828,
"ITM563613

",,,,,"HERBERT, Nicholas S. Cuff dismissal, re-appointment and resignation",,"p.64-65
",04 August 1873,,A/38830; SRS1108/2/717,
"ITM563613

",,,,,Letter from Inspector Thornton at Roma to the Commissioner of Police ,,p.84-85,10 August 1873,,A/38830; SRS1108/2/717,
ITM563661,"ROTH, DR; MATTETT, Inspector; WHITEFORD, Sergeant; HOOLe, Constable; ",Thursday Island,,,Alleged murder by trackers,,p.3,10/09/1902,,A/38841; SRS1108/2/765; A1 Item ID 563661,
ITM563675,,Curl Creek; Nicholson River Station; Gregory Station; Normanton;,Saltwater 'Aborigines';,,Jones staff file,,p.8,,,A/38846,
ITM563784,,,,,Record of Constable John Kenny at Cashmere Native Police camp; disappeared and possibly died while suffering from fever ,1871/1237,p.13-17,00 April 1871,,A/38866; SRS1108/2/888,
ITM563834,"LITTLE, Robert; UHR, Sub Insp; JARDINE, F.L., P.M.; MORISSET, Aulaine; ARMSTRONG, M., Sgt; ",Burke; Cape York; Townsville;,,,Record of Constable Robert Little being charged with disobedience by Sub Inspector Uhr ,,p.85,0 February 1868,,A/38875,
ITM563867,,,,,Letter from Sub Inspector RK Little at Baan Bero to Inspector Isley at Cairns ,1878/3969,p.122-123,08 November 1878,,A/40048; SRS1108/2/971,
ITM563867,SEYMOUR.,,,,Letter from the Commissioner of Police to the Colonial Secretary ,1879/2362,p.105-106,24 June 1879,,A/40048; SRS1108/2/971,
ITM563867,,,,,Letter from (illegible) at Brisbane to the Commissioner of Police ,1879/2558,p.152-154,15 July 1879,,A/40048; SRS1108/2/971,
ITM563867,LITTLE.,Port Douglas; Brisbane.,,,Petition from residents at Port Douglas to the Colonial Secretary,1879/2737,p.156,22 July 1879,,A/40048; SRS1108/2/971 ,
ITM563867,,,,,Letter from RK Little at Ipswich to the Colonial Secretary ,1879/3034,p.107,20 August 1879,,A/40048; SRS1108/2/971,
ITM563867,,,,,Letter from RK Little to the Colonial Secretary ,1879/3166,p.112-113,05 September 1879,,A/40048; SRS1108/2/971,
ITM563867,,,,,Letter from Barron to the Colonial Secretary ,1879/3482,p.114-116,26 September 1879,,A/40048; SRS1108/2/971,
ITM563867,,,,,Letter from Dora Little at Ipswich to the Governor ,,p.150-151,04 November 1879,,A/40048; SRS1108/2/971,
ITM563867,,,,,Letter from Dora Little to the Commissioner of Police ,,p.157,10 November 1879,,A/40048; SRS1108/2/971,
ITM563867,,,,,Letter from RK Little to Colonial Secretary ,,p.125-126,10 October 1879,,A/40048; SRS1108/2/971,
ITM563867,,,,,Letter from Sub Inspector Moore at Cooktown to the Commissioner of Police ,,p.118,14 September 1878,,A/40048; SRS1108/2/971,
ITM563867,,,,,Letter from the Commissioner of Police to Inspector Isley at Port Douglas ,,p.119,14 September 1878,,A/40048; SRS1108/2/971,
ITM563867,,,,,Letter from Dora Little to Colonial Secretary ,,p.127,16 November 1879,,A/40048; SRS1108/2/971,
ITM563867,,,,,Letter from Inspector Isley at Cooktown to the Commissioner of Police ,,p.120,28 September 1878,,A/40048; SRS1108/2/971,
ITM563867,"LITTLE, Robert Kyle; ",,,,"Discharge of Sub Inspector LITTLE, Robert Kyle Little ",,p.12,30 June 1879,,A/40048; SRS1108/2/971,
ITM563867,,,,,Letter from the Commissioner of Police to Inspector Isley at Port Douglas ,,p.121,30 September 1879,,[QSA item 563867] A/40048; SRS1108/2/971,
ITM563867,"LITTLE, Robert Kyle; MACARTNEY; PERCY; CAMBELL; SHAW; BRITTON; MURRAY, Fred J.; HOWE, James",Blackall; St Lawrence; EYRE'S Creek; Diamontina; Marion Downs Station; ,,,"Police Staff File for LITTLE, Robert Kyle",,p.1-157,11/11/1879 - 20/07/1890,,A/40048,
ITM563884,"LITTLE, John Kyle (Constable); Jerry (Aboriginal boy); ROTH, Dr; Lizzie (gin); MCINTOSH, Mr J. B.; Selim (Cook); DWYER, G (Constable); GAILBRAITH, Inspector; MESTON, A; PARRY-OKENEN, W. E; ",Coen; Ebagoolah; Lawn Hill; Nicholson Rive; Lilydale Station; Gregory River; Lawn Hill Silvermines; Mt Oscar; Burketown,,,"JK Little staff file.
Staff file including reporting of flogging of Aboriginal ",1104 of 1902,p.32-61,06/01/1898,,A/40052,
ITM563884,,,,,JK Little staff file. Request that Constable Little not allowed to chastise the blacks given his reputation. Includes description of the flogging of Jerry,"12786 of 1902
",p.46-47,05/08/1902,,A/40052,
ITM563884,,,,,JK Little staff file,"17506 of 1902
",p.128,20/09/1898,,A/40052,
ITM563884,,,,,JK Little staff file. Newspaper article - seems to be a series of correspondence regarding an incident reported anonymously. Also related to typed report at end of file,9957 of 1901,p.55,05/08/1901,,A/40052,
ITM563896,,,,,Appointment of Aulaire L Morisset as Cadet in Native Mounted Police ,,p.4,12 May 1863,,A/40054,
ITM563908,,,,,Mosman staff file,,,,,A/40056,
ITM563919,,Coen,,,Margetts staff file,3280 of 1888,p.7,03/05/1888,02/05/1888,A/40056,
ITM563964,"GILDARD, Dr; BOWEN, Patrick; MEE; DOWNING; HUGHES; APLINS; ALLEN; MOORE; MORISSET, Aulaire Liddiard",Magnetic Island; Townsville,,,Letter from Sub Inspector Moore at Townsville to Inspector Morisset at Bowen regarding removal of aboriginals ,1878/3354,p.11-17,04 October 1878,04/10/2023,A/40063; SRS1108/2/1068,
ITM563985,,,,,Appointment of Robert Wilfred Moran as Acting Sub Inspector ,,p.47,15 July 1872,,A/40069; SRS1108/2/1089,
ITM563985,,,,,Discharge of Sub Inspector RW Moran ,,p.47,30 June 1879,,A/40069; SRS1108/2/1089,
ITM564091,,,,,McAleese staff file,,,,,A/40089,
ITM564148,,,,,Appointment of Michael McDermott ,,p.12,08 August 1873,,A/40100; SRS1108/2/1252,
ITM564169,,,,,Appointment of William Nichols as Second-Class Acting Sub Inspector ,,p.2,11/02/1921,,A/40104; SRS1108/2/1273,
ITM564177,,,,,"Dismissal of George Denis Bowman Nowlan, Sub Inspector in the Native Police",,,"20 June 1868

31 December 1881",,,
ITM564177,,,,,Nowlan staff file,,,,,A/40105,
ITM564203,,,,,Reappointment of Joseph Owens who had resigned in February 1866 ,,p.21-22,3 December 1866,,,
ITM564203,,,,,Discharge with pension for Joseph Owens ,,"p.2-3
","17 April 1884


0 February 1866",,,
ITM564227,,,,,O’Rourke staff file,,,,,A/40112,
ITM564234,,,,,O’Brien staff file,,,,,A/40113,
ITM564247,,,,,O’Connor staff file,,,,,A/40117,
ITM564263,,,,,Page staff file,,p.1-21,,,A/40120,
ITM564357,,,,,Rowlands staff file,,,,,A/40135,
ITM564359,,,,,Robinson staff file,,,,,A/40135,
ITM564419,,,,,Stiles staff file,,,,,A/40147,
ITM564422,,,,,Sub Inspector Stafford is married and with a family.,,p.20-24,"2 July 1885
4 February 1886

08 September 1875",,A/40147; SRS1108/2/1526,
ITM564422,,,,,"Appointment of Brabazon Richard Stafford to the Force in 1873, is seeking promotion after 11 years in the service",,p.14,"30 September 1884

18 August 1873",,A/40147; SRS1108/2/1526,
ITM564422,,,,,Stafford staff file,,p.6-7,3 July 1880,,A/40147,
ITM564448,"UHR, Reginald",Coloolah,,,Smart staff file,,p.21-23,29/10/1883,,A/40154,
ITM564457,"COOPER, Sub-Inspector; FITZGERALD, Inspector; LONG, Chong; MINGO (Aboriginal man); SMITH, George (Constable); BILLY (Aboriginal man)",Laura; Pammerville; ,,,Smith staff file,,p.138-139,18/07/1892,,A/40158,
ITM564498,,,,,Talbot staff file,,,,,A/40172,
ITM564510,,,,,Tatton staff file,,,,,A/40173,
ITM564512,TURNER; TOMMY (Aboriginal man); MURRAY; CARR.,Belyando; Copperfield; Clermont.,,,Letter from Sub Inspector EH Carr to Inspector FJ Murray at Springsure ,1878/3267,p.27-28,09 September 1878,,A/40173; SRS1108/2/1616,
ITM564512,TURNER; CARR; CULLEN.,Clermont; Rockhampton; Copperfield.,,,Letter from Sub Inspector EH Carr at Clermont to Commissioner of Police,1878/4176,p.33-34,30 November 1878,,A/40173; SRS1108/2/1616,
ITM564512,"TURNER, Mary; CARR; BROWN; BOYD.",Belyando.,,,Record of Sub Inspector EH Carr being charged at Clermont ,1878/4228,p.11-19,12 December 1878,,A/40173; SRS1108/2/1616,
ITM564512,"CARR; TURNER, Peter; DYAS.",Clermont; Brisbane.,,,Letter from Peter Turner at Clermont to the Commissioner of Police ,1879/2463,p.4-7,27 June 1879,,A/40173; SRS1108/2/1616,
ITM564512,,,,,Letter from Robert Dunn at Toowoomba to the Commissioner of Police ,,p.49,02 January 1871,,A/40173; SRS1108/2/1616,
ITM564512,,,,,Record of Constable Peter Turner being fined ,,p.21,03 September 1878,,A/40173; SRS1108/2/1616,
ITM564512,,,,,Letter from Peter Turner at Brisbane to the Commissioner of Police ,,p.50-51,04 January 1873,,A/40173; SRS1108/2/1616,
ITM564512,,,,,Record of Conduct and Service of Constable Peter Turner ,,p.47,06 February 1873,,A/40173; SRS1108/2/1616,
ITM564512,,,,,Letter from Constable Peter Turner at Mistake Creek Native Police camp to Inspector Murray at Springsure ,,p.31,09 September 1878,,A/40173; SRS1108/2/1616,
ITM564512,,,,,Record of Constable Peter Turner being reprimanded at Springsure ,,p.47,12 August 1876,,A/40173; SRS1108/2/1616,
ITM564512,,,,,"Letter from Const Peter Turner at Clermont to Pring, MLA ",,p.35-36,16 December 1878,,A/40173; SRS1108/2/1616,
ITM564580,,,,,Death of Constable Abraham Wood at Glendhu Native Police camp ,,p.150,06 September 1872,,A/40191; SRS1108/2/1684,
ITM564580,,,,,Appointment of Abraham Wood ,,p.176,09 September 1871,,A/40191; SRS1108/2/1684,
ITM564581,,,,,"Appointment of Alfred Wavell as Constable in 1872, but dismissed in 1874, before reappointed in 1882.",,p.56-64,14 August 1872,,[QSA item 564581] A/40191; SRS1108/2/1685,
ITM564581,"WAVELL, Alfred",,,,"Police Staff File for WAVELL, Alfred",,p.1-64,14/08/1872 - 09/09/1890,,A/40191,
ITM564605,,,,,Letter from Inspector FJ Murray at Barcoo to J.S. Williams ,1875/896,p.5-6,19 February 1875,,A/40194; SRS1108/2/1709,
ITM564605,,,,,Letter from Inspector FJ Murray to the Commissioner of Police ,1875/1015,p.2,11 March 1875,,A/40194; SRS1108/2/1709,
ITM564605,,,,,Telegram from Inspector FJ Murray to the Commissioner of Police ,1875/807,p.12,15 March 1875,,A/40194; SRS1108/2/1709,
ITM564605,,,,,Letter from Inspector FJ Murray to the Commissioner of Police ,,p.3-4,23 February 1875,,A/40194; SRS1108/2/1709,
ITM564605,,,,,Letter from Inspector FJ Murray to the Commissioner of Police ,1875/248,p.14,23 January 1875,,A/40194; SRS1108/2/1709,
ITM86749,"WILLIAMS, Thomas S., Sub Inspector",,,,Dismissal of Sub Inspector Thomas S Williams ,1875/584,p.12,07 April 1875,,"POL/4; RV10741/1/1 

QSA item 564605; A/40194; SRS1108/2/1709",https://www.archivessearch.qld.gov.au/items/ITM86749
ITM564673,,,,,Garraway staff file,,,,,A/40212,
ITM564704,COWARD; BARRON.,Brisbane; Cardwell.,,,"Report re charges against Sub Inspector Coward, forwarded to Colonial Secretary by Acting Commissioner; included 71/2841, 71/578 ",1871/2860,p.207-209,21 December 1871,,A/40221; SRS1108/2/1808,
ITM564704,MARLOW; FIRTH; COWARD; O'BRIEN.,Cashmere; Mount Surprise; Junction Creek; Cook's District.,,,Record of Sub Inspector Coward being reported for failing to patrol at Mt Surprise ,,p.227-232,17 October 1871,,A/40221; SRS1108/2/1808,
ITM564704,,,,,"Letter from Sub Inspector Coward at Native Mounted Police office, Norman, to the Commissioner of Police ",,p.205,10 June 1870,,A/40221; SRS1108/2/1808,
ITM564704,,,,,Transfer of Inspector Thomas Coward from Native Police to Mines Dept ,,p.198,01 December 1874,,A/40221; SRS1108/2/1808,
ITM564704,COWARD; MARLOW; FITZGERALD; PARISH; LONERGAN; CROMPTON.,Dalrymple; Cashmere.,,,Inquiry held by Inspector Marlow at Cashmere into charges against Sub Inspector Coward ,,"p.211-226, p.233-247",20 November 1871,,A/40221; SRS1108/2/1808,
ITM564704,COWARD; GORE.,Brisbane.,,,Reappointment of Thomas Coward to Native Mounted Police as Second-Class Sub Inspector ,,p.199,13 March 1879,,A/40221; SRS1108/2/1808,
ITM564709,,,,,,,p.2-7,30 September 1877,,A/40222; SRS1108/2/1813,
ITM564859,"CARR, Ernest H.; STUART, John; ",,,,,1879/4922,p.170,04 February 1879,6 February 1879,A/40261; SRS1108/2/1963,
ITM564859,,,,,Letter from Colonial Secretary's Office to the Commissioner of Police ,,p.170,06 February 1879,,A/40261; SRS1108/2/1963,
"ITM564859
",,,,,"Newspaper article that reports the death of Ernest Carr, and that he had been married to the niece of the late O.C.J. Beardmore. The Courier Brisbane, 19 September 1923",,p.20,19/09/1923,,"A/40261; SRS1108/2/1963

",
ITM564859,"ATHERTON, John; CARR, Ernest Henry (Sub-Inspector)",Cairns; Mulgrave River,,,Carr staff file,,p.146-160,07/08/1884,,A/40261,
ITM564882,,,,,Fay staff file,,,,,A/40186,
ITM564918,,,,,Status Sheet Hervey Fitzgerald sworn in on 14 November 1865.,,p.182,14 November 1865,,A/40291,
ITM564918,"FITZGERALD, Henry; MORRISSET; HAYLOCK; LOWE; NELSON; CAIRNS, S.;",Burdekin Crossing; Bowen; ,,,,903/1876,"p.34, 53-61",13 April 1876,December 1875,A/40291; SRS1108/2/2022,
ITM564918,"FITZGERALD, Sub Inspector; MORRISSET; ",,,,Letter To Col Sec from the Commissioner of Police identifying the inhuman treatment by Sub Inspector Fitzgerald to an Aboriginal woman,1876/1452,p. 127-128,01 May 1876,,A/40291; SRS1108/2/2022,
ITM564918,"FITZGERALD, Henry; MORRISSET; GRIFFIN, Sergeant; NELSON, James; LOWE, George R.; ",Burdekin Hotel; Ravenswood; ,,,,1876/1513,p.49-52,01 May 1876,18 December 1875,A/40291; SRS1108/2/2022,
ITM564918,FITZGERALD; MORRISSET;,Bowen;,,,,1876/987,p.72,08 March 1876,,A/40291; SRS1108/2/2022,
ITM564918,"FITZGERALD, Hervey",,,,Promotion of Harvey Fitzgerald as Inspector ,,p.179,01 January 1871,,A/40291; SRS1108/2/2022,
ITM564918,FITZGERALD; MORRISSET;,Bowen;,,,,,p.64,04 April 1876,,A/40291; SRS1108/2/2022,
ITM564918,FITZGERALD; MORRISSET;,Burdekin; Brisbane;,,,,,p.63,06 April 1876,,A/40291; SRS1108/2/2022,
ITM564918,"MASSIE, H.A.; FITZGERALD; O'CONNELL; SEYMOUR; ",Stodgehuson (?),,,,,p.46-47,08 July 1876,,A/40291; SRS1108/2/2022,
ITM564918,"FITZGERALD, Hervey; SEYMOUR, D., C.P.;",,,,"Report from the Commissioner of Police? to Colonial Secretary; included 1876/2403, 1876/293 and numerous telegrams ","2403/1876

293/1876",p.32-178,08 November 1876,,A/40291; SRS1108/2/2022,
ITM564918,MORRISSET; SEYMOUR,Burdekin; Brisbane;,,,,,p.92,11 February 1876,,A/40291; SRS1108/2/2022,
ITM564918,FITZGERALD; MORRISSET;,Bowen; Burdekin,,,,,p.90,14 February 1876,,A/40291; SRS1108/2/2022,
ITM564918,"VAUGHAN, Mrs; NELSON, Mrs; BURTON, Mrs; HAYLOCK; CUNNINGHAM, Mrs; MORRISSET; FITZGERALD",Burdekin; Ravenswood; Bowen; ?house; Millchester,,,,,p.157-164,16 February 1876,December 1875,A/40291; SRS1108/2/2022,
ITM564918,"MORRISSET; FITZGERALD; VAUGHAN, Mrs; ",Burdekin River; Bowen; Kirkall; Townsville;,,,,,p.151-154,17 February 1876,,A/40291; SRS1108/2/2022,
ITM564918,FITZGERALD; MORRISSET;,Burdekin; Bowen,,,,,p.70,17 March 1876,,A/40291; SRS1108/2/2022,
ITM564918,FITZGERALD; SHARP; MORRISSET,Kirknee; Burdekin; Bowen,,,,,p.69,24 March 1876,,A/40291; SRS1108/2/2022,
ITM564918,"FITZGERALD; MASSIE, H.A; MORRISSET; BARRON, T.H.;",,,,,,p.67,24 March 1876,,A/40291; SRS1108/2/2022,
ITM564918,"NELSON, Jas; FITZGERALD; MORRISSET",Bowen; Burdekin,,,,,p.80,25 February 1876,,A/40291; SRS1108/2/2022,
ITM564918,"MORRISSET, A.L.; NELSON, James",Burdekin,,,,,p.79,25 February 1876,,A/40291; SRS1108/2/2022,
ITM564918,"MORRISSET, A.L.; SHARP; FITZGERALD;",Bowen; Kirknee;,,,,,p.66,25 March 1876,,A/40291; SRS1108/2/2022,
ITM564918,FITZGERALD; HAYLOCK; CLARKE,Cape Station; Burdekin; Wangaratta Station;,,,,,p.65,29 March 1876,,A/40291; SRS1108/2/2022,
ITM564918,"FITZGERALD; SEYMOUR, D.T.",Brisbane,,,,,p.35,6 September 1876,,A/40291; SRS1108/2/2022,
ITM564918,FITZGERALD; MASSIE;,,,,,,p.48,02 June 1876,,A/40291; SRS1108/2/2022 ,
ITM564918,"HAYCOCK, Edgom; SEYMOUR, D J, Commissioner of Police; MORISSET, A.L.;",Cooktown;,,,Fitzgerald staff file,,p.31; p.35-178;,,,A/40291,
ITM564923,"POLICEMAN (Aboriginal man); SPLAINE, John (Constable); HAYWOOD. Mr.; MAGGIE (Gin)",Geralton;,,,Isley staff file,595 0f 1893,p.43-56,,28/04/1893,A/40294,
ITM564935,,,,,Transfer of Constable Denis Keane from Thornborough to Port Douglas ,,p.175,01 April 1879,,A/40300; SRS1108/2/2039,
ITM564935,,,,,Transfer of Constable Denis Keane to Thornborough ,,p.18 ,05 September 1878,,A/40300; SRS1108/2/2039,
ITM564935,,,,,Appointment of Denis Keane as Constable ,,p.2,17 July 1878,,A/40300; SRS1108/2/2039,
ITM564940,,,,,Appointment of James Lamond as Second Class Sub Inspector ,,p.4,26 February 1879,,A/40303; SRS1108/2/2044,
ITM564945,,,,,Record and conduct of service for Daniel Lorigan,,p.20-22,10 February 1879,,A/40306; SRS1108/2/2049,
ITM564945,,,,,Letter from Sub Inspector Freudenthal at Dunrobin camp to Commissioner of Police Brisbane,,p.51-52,29 May 1879,,A/40306; SRS1108/2/2049,
ITM564954,,,,,Appointment of CB Marrett as First Class  Inspector ,,p.114  ,02 March 1877,,A/40310; SRS1108/2/2058,
ITM564954,"MARRETT, Charles Beauchamp",Normanby East; Maryborough; Walwa Station; Laura; Cooktown; ,,,"Police Staff file for MARRETT, Charles Beauchamp",,p.1-333,02/05/1884 - 10/02/1937,1889 - ,A/40310,
ITM564957,,,,,Appointment of Frederick J Murray as 1st Class Inspector,,p.19,30 March 1887,,,
ITM564961,,,,,"Police Staff file for MURPHY, James served from 28 December 1881 till November 1911. Retired with pension.",,p.1-132,28 December 1881 - 30 November 1911,,A/40312,
ITM564966,,,,,"Police Staff File for MURRAY, Robert served from 11 June 1889 till 15 July 1904. Retired with pension.",,p.1-59,11 June 1889 - 15 July 1904,,A/40314,
ITM564971,,,,,Letter from Sub Inspector Geo Eliott at Rockhampton to the Commissioner of Police ,,p.213,23 February 1867,,,
ITM564971,,,,,Appointment of Edward Martin ,,p.4,4 March 1867,,,
ITM564971,,,,,Record of Edward Martin serving at Palmer River in 1875-1876,,p.52,00 January 1876,,A/40317; SRS1108/2/2075,
ITM564971,,,,,Record of Edward Martin being injured whilst travelling with Gold Escort near Charters Towers,,p.51  ,xx August 1873,,A/40317; SRS1108/2/2075,
ITM564982,,,,,Letter from former-Sub Inspector Poingdestre at Gympie to Commissioner ,,p.47-48,12 January 1869,,,
ITM564982,,,,,Letter from Commissioner of Police to Home Department regarding Poingdestre's salary,,p.41-42,13 May 1897,,,
ITM564982,,,,,Letter from Lyndon Poingdestre to the Commissioner of Police,,p.185,18 January 1865,,,
ITM564982,,,,,Letter from ex-Sub Inspector Lyndon Poingdestre to the Commissioner of Police ,,p.44,27 July 1869,,,
ITM564982,,,,,Letter from Inspector John Marlow at Port Denison to the Commissioner of Police ,1867/37,p.172-175,20 December 1866,,,
ITM565002,,,,,"Police Staff File for STUART, John",,p.8 ,9 June 1869,,,
ITM565038,,,,,Promoted to Inspector 2nd Class 1 July 1883,,p.3,1 July 1883,,,
ITM565038,,,,,"Letter from Inspector Marlow at Port Denison to Commissioner of Police, recommending Tompson to a position of Acting Sub Inspector",,p.20  ,8 June 1866,,,
ITM565056,"MARRETT, Inspector; GARRAWAY, Inspector; FITZGERALD, Inspector; MURRAY, Inspector; LAMOND, Inspector; DURHAM, Inspector; MALONE, Inspector; AH MAT; ","Coen, Laura, Cairns, Cooktown, Cape York Peninsula, Patterson Camp, Musgrave, Cook District, Knights Island, Dank Island, Port Stewart, Thursday Island",,,"Police Staff file for WHITEFORD, James",,p.33-42; p.85,27 April 1881 - 16 August 1911,,A/40348,
ITM565057,"WHITE, John Warren","Barron River, Glenroy, Lynd Junction, Toowoomba, Beaudesert, Brisbane, Caboolture, Cleveland, Dugandan, Esk, Gatton, Goodna, Harrisville, Ipswich, Ladley, Logan, Marburg, Maroochy, Nerang, Redcliffe, Rosewood, South Brisbane, Woodford",,,"Police Staff file for WHITE, John Warren",,p.1-173,25 April 1882 - 28 July 1911,,A/40349,
ITM565604,,,,,Portley staff file,BBB list,,,,A/40521,
ITM565724,,,,,Hasenkamp staff file,BBB list,,,,A/40559,
ITM567091,,,,,Appointment of George Dyas as Constable ,,p.5,2 June 1864,,,
ITM567091,SPIDER (Aboriginal man); Robin Hood (Aboriginal man); GILLY GILLY (Aboriginal man),Normanton,,,Dyas staff file,,p.12-24,,20/01/1881,A/38770,
ITM567127,,,,,,,,11 September 1871,,A/47922; SRS1108/3/3,
ITM567139,"URQUHART, Frederic ",,,,F C Urquhart joined public service as Line Repairer in 1878. First appointed to Native Police in April 1882.,,p.14,22 October 1878,,A/47932; SRS1108/3/15,
ITM567139,"URQUHART, Frederic ",,,,Police staff file for Frederic Charles Urquhart,,p1-351,,,A/47932,
ITM665835,"BOWERMN, Frank McArthur; Waterloo Jimmy; BURKE (Constable); QUILTER, Inspector;
MCINTYRE, James; Kangaroo (Aboriginal boy); Murdering Tommy (Aboriginal boy); Doctor (Aboriginal boy); Inkerman Tommy (Aboriginal boy)",Rutland Plains;Gilbert River,Trubanaman Mission Reserve,,Frank Bowman killed at Rutland Plains. Murder file for Frank Bowerman contains newspaper clipping of the event.,,p.1-24,28/08/1910,28/08/1910,A/49709,
ITM665842,"CHILTON (Constable); MCGUIRE (Acting Sergent); MURRAY (Constable); SEATON (Constable); MILES (Constable)
Tommy Tomahawk (Aboriginal)",Cairns,,,Peter Lumberg killed at Cairns. Papers in the Murder file for Peter Lumberg,,p.1-377,29/09/1905,,A/49710,
ITM665846,"CLEMENTS, George R; NORMANTON, Dick (Aboriginal man)",Baking Board; Chinchilla,Barabmah,,George Clements killed at Baking Board. Papers in the Murder file for George Robert Clements,,"p.1-139
",09/03/1909,,A/49713,
ITM665847,"GORDON, Charlie; Charlie (Aboriginal man); KEATING, Jimmy",Cairns,,,Jimmy Keating killed at Cairns. apers in the Murder file for Jimmy Keting,,p.1-15,01/07/1910,"01/07/1910 or
02/07/1910",A/49713,
ITM665848,"DEEVY (Constable); HOOLE (Constable)
MARRETT, C. B. (inspector); 
GARRAWAY, I.; MURRAY (Constable); WHITEFORD (Sergent)
WHELAN (acting Sergent); HEENAN (Constable); FITZGIBBON (Constable); DUMMY, Jimmy (Aboriginal man)","Coen;
Cairns",,,Beche-de-mer fishermen killed at Cape York. Arrangements for patrols using experienced men in charge of native police patrols folowing murder of Beach-de-mer fisherman on coast of Cape York by Blacks. Also includes depositions regarding the murder of Jimmy Dummy; ,,p.2-22,01/07/1902,,A/49713,
ITM665850,"JIMMY DUMMY(Aboriginal); JIMMY NICOL(Aboriginal); TOBY PLATT(Aboriginal), ROMEO(Aboriginal); PADDY(Aboriginal); JIMMY DOUGLAS(Aboriginal); DOHERTY, William

","Ebagoolah; Port Stewart;
Emily Creek",,,Jimmy Dummy killed at Ebagoolah. Inquiry into the death of Jimmy Dummy (Aboriginal) aka Baker at Ebagoolah about October 1910,,p.19-55,07/01/1910,00/10/1910,A/49714,
ITM665852,"WATSON, E; URQUHART, Inspector",Pine Tree Station,,,Watson murder investigation,,,11/07/1889,,A/49714,
ITM665857,Billy Broom,,,,M. Le Blowitz killed at Stanton Harcourt. Murder file for Mary Le Blowitz,,all,26/12/1999,,A/49714,
ITM665868,"Albert (Aboriginal); BLAKE, James Ossian; MULLER. Karl
FITZGIBON (Constable); HAMPTON, Mr",Koolburra; Laura; Cooktown,,,Robert Blake killed at Koolburra. Murder file for James Ossian Macpherson alias Robert Blake,,p.1-37,01/02/1910,09/04/1911,A/49715,
ITM665899,,,,,Louisa killed at Gin Gin.  Garry murders Louisa his gin at Gin Gin,,p.1-56,05/12/1911,30/11/1911,A/49723,
ITM665901,"SNOW, Jack (Tracker); TOPSY (Aboriginal woman); SCANLAN, Acting Sergeant; BILLY (Aboriginal boy); ROBERTS, Constable; BRASSER, DR.; CURTIS, Richard (Warden); BRETT, Inspector",Georgetown,,,Jack Snow (Tracker) killed at Georgetown,,,29/12/1911,,A/49723,
ITM665929,Yogan (Aboriginal); O'CONNOR (sub-inspector),Musgrave; Port Stewart,,,Aboriginal boy alleged to have been murded by two japanese who were alleged to have been killed by Blacks,,p.1-9,06/12/1912,00/11/1912,A/49727,
ITM665974,"LUCAS, Fred; Tommy (Aboriginal man); Wm Jas Pill (James Edward); BROLLEY, Neil; Louie (Gin)",Leichhardt River; Cloncurry,,,"Wm Jas Pill killed at Leichhardt River. Pill, Wm Jas, murdered at Old Saw mill on Leichhardt River 3.9.14 by half caste Fred Lucas & Aboriginal Tommy",,p.1-49,03/09/1914,03/09/1914,A/49734,
ITM665984,,,,,Dick killed at Nockatunga. Billy Brenolia (Aboriginal) murdered Aboriginal named Dick at Nocundra,,p.1-18,04/07/2015,,A/49735,
ITM665985," MONAGHAN, Francis Cadwell; KEPPel, Frederick Henry (Manger Rokeby Station); SUSIE (Aboriginal woman); PETER (Aboriginal boy); HARRY (Aboriginal man); GORDON (Constable)","Coen River, Rokeby Station,",,,"Gilligan killed at Coen. Frank Monaghan shot 'Gilligan"" (Aboriginal) 11/8/1915 Coen River",,p.2-11,11/08/2015,,A/49735,
ITM666021,,,,,Mailman (Aboriginal) killed at Staaten River,,p.1-8,27/05/2017,,A/49740,
ITM666031,"Kangaroomgully (Aborioginal nam); Mami (Aboriginal woman); OWEN, Walter; HALL, Peter; Monkey (Aboriginal)

",Mornington Island,Mornington Island Mission ,,Robert Hall killed at Mornington Island,763 of 1917,p.80-165,01/07/1917,16/11/1917,A/49741,
ITM666061,,,,,"Jack killed at Palm Island. Jack murdered by Joe, Billy Ginger and Toby Hutchinson at Palm Island",,All,27/01/2019,,A/49743,
ITM666067,,,,,Kitty killed at Maggieville,,,05/07/2002,,A/49743,
ITM666086,"BARTLETT, Daniel; BELL, Stanley (Aboriginal)","Esk
Bellevue
Deep Creek",,,Daniel Bartlett killed at Esk.,,All,17/07/1920,17/07/1920,A/49745,
ITM266517,"BRIGGS, Fanny;",,,Contains details regarding Murder,Letter from Robert Herbert to Commandant of Native Police ,,p.2-4,31 December 1860,,"A/5931; RSI207/1/1

QSA Series 6692, Draft Corres

",
ITM6904,,,,,Letter from Colonial Secretary of New South Wales to Colonial Secretary ,1860/110,p.22,24 January 1860,,,
ITM6914,,,,,Letter from the Commissioner of Police to the Colonial Secretary; previous 1869/4520 ,1870/150,p.13,12 January 1870,,COL/B9; PRV7173/1/9,
ITM6914,,Aramac,,,Letter from Commissioner of Police to the Colonial Secretary ,1870/710,p.3,04 February 1870,,COL/B9; PRV7173/1/9,
ITM6913,"JARDINE, F.L.",Somerset,,,"Letter from PM Somerset F. L. Jardine, to the Colonial Secretary ",1869/4015,p.37,2 June 1869,,,
ITM6913,,Cape York,,,Letter from Col Treasurer to the Colonial Secretary ,1869/4515,p.22,24 December 1869,,,
ITM6913,,Somerset,,,Report from Acting Police Magistrate at Somerset to the Colonial Secretary ,1869/3179 & 1869/3180,p.27,10 August 1869,,,
ITM6914,,,,,Letter from Port Master to the Colonial Secretary ,1870/19,p.2,30 December 1869,,COL/B11; PRV7173/1/11,
ITM6914,MARLOW (Inspector),,,,Letter from the Commissioner of Police to the Colonial Secretary ,1870/1065,p.30,08 April 1870,,COL/B11; PRV7173/1/11,
ITM6914,"JARDINE, FL",Somerset,,,Letter from FL Jardine to the Colonial Secretary; prev 1870/932; sub 1870/1436 ,1870/1305,p.48,06 May 1870,,COL/B11; PRV7173/1/11,
ITM6914,,Somerset,,,Letter from the Police Magistrate at Somerset to the Colonial Secretary ,1870/1349,p.1,13 March 1870,,COL/B11; PRV7173/1/11,
ITM6914,COWARD (Inspector); DUS or DAS,Burketown; Landsborough,,,Letter from Police Magistrate at Burketown to the Colonial Secretary ,1870/1491,p.11,22 March 1870,,COL/B11; PRV7173/1/11,
ITM6914,COWARD (Sub-Inspector),,,,Letter from the Commissioner of Police to the Colonial Secretary; sub 1870/1798 ,1870/1604,p.19,03 June 1870,,COL/B11; PRV7173/1/11,
ITM6914,"GASCOIGNE, Mrs",,,,Letter from the Commissioner of Police to the Colonial Secretary; prev 1870/1422; sub 1870/3373 ,1870/1655,p.23,01 June 1870,,COL/B11; PRV7173/1/11,
ITM6914,"MURRAY, (Inspector)",Western Creek,,,Letter from the Commissioner of Police to the Colonial Secretary ,1870/2411,p.28,01 June 1870,,COL/B11; PRV7173/1/11,
ITM6914,"MACKENZIE, I; MURRAY (Inspector)",,,,Letter from I MacKenzie to the Colonial Secretary; prev 1870/1810; sub 1870/2834 ,1870/2551,p.38,08 August 1870,,COL/B11; PRV7173/1/11,
ITM6914,"VON FREUDENTHAL, R",Mackay,,,Letter from R Von Freudenthal to the Colonial Secretary; prev 1869/4127 ,1870/2632,p.44,03 September 1870,,COL/B11; PRV7173/1/11,
ITM6914,MURRAY,,,,Memorandum from unknown to the Colonial Secretary; prev 1870/2551; sub 1871/100 ,1870/2834,p.8,05 October 1870,,COL/B11; PRV7173/1/11,
ITM6914,MOORHEAD; YOUNG,,,,Letter from Messrs Moorhead and Young to the Colonial Secretary ,1870/2944,p.16,28 October 1870,, COL/B11; PRV7173/1/11,
ITM6914,"JARDINE, F",,,,Letter from F Jardine to the Colonial Secretary; previous 1869/4251; sub 1870/1305 ,1870/932,p.20,12 March 1870,,COL/B11; PRV7173/1/11,
ITM6915,"MURRAY, John; HEATH (Captain); MACKENZIE, I. ",,,,Letter from John Murray to the Colonial Secretary; prev 1870/2834; sub 1871/978 ,1871/100,p.8,20 December 1870,,COL/B12; PRV7173/1/12,
ITM6915,,,,,Letter from the Colonial Secretary (Victoria) to the Colonial Secretary; prev 1870/3373 ,"1871/524, Gall Estray",p.38,06 February 1871,,COL/B12; PRV7173/1/12,
ITM6915,"MURRAY, John",,,,Letter from John Murray to the Colonial Secretary; prev 1871/100; sub 1873/1534; ,1871/978,p.20,24 February 1871,,COL/B12; PRV7173/1/12,
ITM6916,,Cape York; New South Wales,,,Letter from the Colonial Secretary (NSW) to the Colonial Secretary; prev 1593; sub 1713 ,1872/1695(7),p.20,08 October 1872,,COL/B13; PRV7173/1/13,
ITM6917,,Versdale,,,Letter from the Commissioner of Police to the Colonial Secretary ,1873/1285,p.38,15 July 1873,,COL/B14; PRV7173/1/14,
ITM6917,,,,,Letter from the Commissioner of Police to the Colonial Secretary ,1873/1550,p.7,14 August 1873,,COL/B14; PRV7173/1/14,
ITM6917,"YOUNG, John","Havannah Harbour, New Hebrides",,,"Letter from John Young, Havannah Harbour, to the Colonial Secretary",1873/1671,p.16,26 August 1873,,COL/B14; PRV7173/1/14,
ITM6917,"DALRYMPLE, GE",,,,Letter from GE Dalrymple to the Colonial Secretary; ‘Error 1874 papers’ ,1873/2315 crossed out,p.12,30 December 1873,,COL/B14; PRV7173/1/14,
ITM6917,FOWLER (Aboriginal man); BROWNES (Superintendant),,,,Letter from the Commissioner of Police to the Colonial Secretary ,1873/296,p.20,07 February 1873,,COL/B14; PRV7173/1/14,
ITM6917,VON MUELLER (Baron),,,,Letter from Baron Von Mueller to the Colonial Secretary ,1873/379,p.26,19 February 1873,,COL/B14; PRV7173/1/14,
ITM6917,BERGMAN,Mackay,,,Letter from Geo Bergman & Mackay inhabitants to the Colonial Secretary; sub 1611 ,1873/451,p.32,12 March 1873,,COL/B14; PRV7173/1/14 ,
ITM6917,,Sweer's Island,,,"Letter (also dated 7/11/1872) from Collector of Customs & Sub Collector, Sweer’s Island, to the Colonial Secretary ",1873/76,p.6,"06 January 1873 
and
7 November 1872",,COL/B14; PRV7173/1/14,
ITM6917,"LUYA, AF",,,,Letter from AF Luya to the Colonial Secretary ,1873/804,p.3,18 April 1873,,COL/B14; PRV7173/1/14,
ITM6917,"DALYRMPLE, GE",Gilberton; Atherton Gold Fields,,,Letter from Gold Commissioner at Gilberton G E Dalrymple to the Colonial Secretary ,1873/863,p.8,31 March 1873,,COL/B14; PRV7173/1/14,
ITM6917,"MACKENZIE, J",Lower Herbert,,,"Letter from J Mackenzie, Lower Herbert, to the Colonial Secretary ",1873/90,p.7,27 December 1873,,COL/B14; PRV7173/1/14,
ITM6918,,,,,Letter from the Commissioner of Police to the Colonial Secretary; prev 898 ,1874/1058,p.27,22 May 1874,,COL/B15; PRV7173/1/15,
ITM6918,"WRIGHT, A; SMITH KENNEDY",,,,Letter from A Wright to the Colonial Secretary; prev 1872/594 ,1874/12,p.1,26 December 1873,,COL/B15; PRV7173/1/15,
ITM6918,"FITZGERALD, TH (MLA)",,Vocabulary Australian Aboriginal language,,Letter from TH Fitzgerald MLA to the Colonial Secretary; sub 2198 ,1874/1280,p.43,01 July 1874,,COL/B15; PRV7173/1/15,
ITM6918,"SCOTT, J Hall or HALL SCOTT, J",,,,Letter from J Hall Scott to the Colonial Secretary ,1874/1289,p.43,17 June 1874,,COL/B15; PRV7173/1/15,
ITM6918,"FYFE, Alex",,,,Letter from Alex Fyfe to the Colonial Secretary ,1874/1473,p.6,22 June 1874,,COL/B15; PRV7173/1/15,
ITM6918,,,,,Letter from Police Magistrate at Warwick to the Colonial Secretary ,1874/1598,p.15,07 August 1874,,COL/B15; PRV7173/1/15,
ITM6918,"DE BURGH BIRCH, CW",,,,Letter from CW De Burgh Birch to the Colonial Secretary ,1874/1667,p.20,28 July 1874,,COL/B15; PRV7173/1/15,
ITM6918,"ST GEORGE, H (Police Magistrate)",Cooktown,,,Letter from H St.George PM Cooktown to the Colonial Secretary,1874/1828,p.31,09 September 1874,,COL/B15; PRV7173/1/15,
ITM6918,,Cooktown,,,Letter from Police Magistrate at Cooktown to the Colonial Secretary ,1874/1839,p.32,09 September 1874,,COL/B15; PRV7173/1/15,
ITM6918,"DALRYMPLE, GE; MARLOW (Inspector)",,,,Letter from the Commissioner of Police and G E Dalrymple to the Colonial Secretary,1874/184,p.14,15 January 1874,,COL/B15; PRV7173/1/15,
ITM6918,,,Aboriginal Language,,Letter from Commissioner of Police to the Colonial Secretary; prev 1280; sub 2500; Aboriginal Language,1874/2198,p.8,28 October 1874,,COL/B15; PRV7173/1/15,
ITM6918,"CURR, EM",,Vocabularies Aboriginal dialect,,"Letter from EM Curr, Victoria, to the Colonial Secretary; prev 2198; sub 1879/1487; noted ‘(no) located at 74/2500’",1874/2500,p.30,24 November 1874,,COL/B15; PRV7173/1/15,
ITM6918,NUTTING (Inspector),,,,"Letter from Inspector Nutting to Commissioner, forwarded to the Colonial Secretary ",1874/317,p.23,01 February 1874,,COL/B15; PRV7173/1/15,
ITM6918,"DALRYMPLE, GE; HILL",,,,Letter from George Dalrymple to the Colonial Secretary ,1874/366,p.27,23 February 1874,,COL/B15; PRV7173/1/15,
ITM6918,,Nerang (?) Creek ,,,Letter from the Commissioner of Police to the Colonial Secretary ,1874/465,p.34,12 February 1874,,COL/B15; PRV7173/1/15,
ITM6918,THOMPSON (Sub Inspector),,,,"Letter from Sub Inspector Thompson to the Commissioner of Police, forwarded to the Colonial Secretary; sub 749 ",1874/578,p.42,24 February 1874,,COL/B15; PRV7173/1/15,
ITM6918,,Cooktown,,,Letter from the Commissioner of Police to the Colonial Secretary; sub 1689 ,1874/73,p.6,30 December 1873,,COL/B15; PRV7173/1/15,
ITM6918,DOUGLAS (Sub Inspector),Daintree River,,,Letter from the Commissioner of Police to the Colonial Secretary; prev 578 ,1874/749,p.4,no date (approx April 1874),,COL/B15; PRV7173/1/15,
ITM6918,"BERNERKER, ACF",Gilberton,,,Letter from ACF Bernerker to the Colonial Secretary; prev 59 ,1874/795,p.8,26 March 1874,,COL/B15; PRV7173/1/15,
ITM6918,,Cardwell Great Gold Route,,,Telegraph from the Commissioner of Police to the Colonial Secretary,1874/884,p.14,28 April 1874,,COL/B15; PRV7173/1/15,
ITM6918,"BOLTON, R (Mrs?)",Cooktown,,,"Letter from Mrs(?) R Bolton, Cooktown, to the Colonial Secretary; sub 1058",1874/898,p.15,21 April 1874,,COL/B15; PRV7173/1/15,
ITM6919,,,,,Letter from the Commissioner of Police to the Colonial Secretary re. Retiring Allowance for Superintendent Browne,1875/1008,p.13,24 March 1875,,COL/B16; PRV7173/1/16,
ITM6919,,,,,Letter from Sheriff to the Colonial Secretary re. execution of Jacky Clayson,1875/1109,p.23,15 April 1875,,COL/B16; PRV7173/1/16  ,
ITM6919,,,,,Letter from the Commissioner of Police to the Colonial Secretary re report on Selheim's letter re. want Police Protection at Palmer River,1875/1111,p.24,16 April 1875,,COL/B16; PRV7173/1/16  ,
ITM6919,,,,,Telegram from Superintendent Henry Browne to the Colonial Secretary re. Police Protection Cape River,1875/1245,p.37,17 April 1875,,COL/B16; PRV7173/1/16  ,
ITM6919,,,,,Letter from Colonial Storekeeper to the Colonial Secretary re. receipt for blankets for signature of PM Townsville,1875/1261,p.39,30 April 1875,,COL/B16; PRV7173/1/16  ,
ITM6919,,,,,Letter from Post Office to the Colonial Secretary; re. Withdrawl of Native Mounted Police Telegraph Station Cashmere,1875/1306,p.43,06 May 1875,,COL/B16; PRV7173/1/16  ,
ITM6919,,,,,Letter from Walter Scott to the Colonial Secretary re. Extension Towns Police Acts to Cardwell,1875/1322,p.45,24 April 1875,,COL/B16; PRV7173/1/16   ,
ITM6919,,,,,Letter from Chairman of the Aboriginal Commission to the Colonial Secretary re. Report on Native Mounted Police,1875/1370,p.50,11 May 1875,,COL/B16; PRV7173/1/16   ,
ITM6919,,,,,Letter from Mining Warden at Edwardstown to the Colonial Secretary re. Want of Police Protection ,1875/2949,p.9,7 November 1875,,COL/B16; PRV7173/1/16,
ITM6920,"OKEDEN, DP",,,,Letter from DP Okeden to the Colonial Secretary; prev 663,1876/1019,p.7,12 April 1876,,COL/B17; PRV7173/1/17,
ITM6920,,,,,Letter from Aboriginal Commissioners to the Colonial Secretary; noted ‘all papers returned Aboriginal Commissioners with previous papers 1062 and 1517; 1540 away with unknown paper to the Commissioner of Police 12/5/1877’; sub 2197 ,1876/1540,p.9,12 June 1876,,COL/B17; PRV7173/1/17,
ITM6920,,Cunnamulla ,,,Letter from Police Magistrate at Cunnamulla to the Colonial Secretary; noted ‘See 2297 Aboriginal Commissioners re outrage at unknown on a Black by policeman’ ,1876/2197,p.32,26 August 1876,,COL/B17; PRV7173/1/17,
ITM6920,,Gympie,,,Letter from Aboriginal Commissioners to the Colonial Secretary; prev 1540 (30); included 2197 ,1876/2297,p.43,21 September 1876,,COL/B17; PRV7173/1/17,
ITM6920,CARROLL,Blackall; Aramac,,,Letter from Police Magistrate at Blackall to the Colonial Secretary; sub 2386,1876/2385,p.4,23 September 1876,,COL/B17; PRV7173/1/17,
ITM6920,CARROLL,Blackall,,,Letter from Police Magistrate at Blackall to the Colonial Secretary; prev 2169 and 2385; sub 2602 ,1876/2386,p.4,20 September 1876,,COL/B17; PRV7173/1/17,
ITM6920,CARROLL,Blackall,,,Letter from Police Magistrate at Blackall to the Colonial Secretary; prev 2386 or 2586? ,1876/2602,p.18,27 September 1876,,COL/B17; PRV7173/1/17,
ITM6920,Jacky (Aboriginal man),,,,Letter from Aboriginal Commissioners to the Colonial Secretary; sub 3213 ,1876/2804,p.41,31 October 1876,,COL/B17; PRV7173/1/17,
ITM6920,,Stradbroke Island,,,Letter from Lands Dept (Stradbroke Island) to the Colonial Secretary ,1876/2824,p.43,02 November 1876,,COL/B17; PRV7173/1/17,
ITM6920,,Somerset,,,Letter from Commisssioner Police at Somerset to the Colonial Secretary; previous 3151,1876/3169,p.32,23 September 1876,,COL/B17; PRV7173/1/17,
ITM6920,,Condamine,,,Letter from Police Magistrate at Condamine to the Colonial Secretary ,1876/986,p.3,18 April 1876,,COL/B17; PRV7173/1/17,
ITM6920,"COX, CW",,,,Letter from CW Cox to the Colonial Secretary ,1876/987,p.3,17 April 1876,,COL/B17; PRV7173/1/17,
ITM6921,,Somerset,,,Letter from Police Magistrate at Somerset to the Colonial Secretary; prev 3663? and 4191 ,1877/4436,p.2,01 September 1877,,COL/B18; PRV7173/1/18,
ITM6921,,Bowen,,,Letter from Inspector of Police at Bowen to the Colonial Secretary; sub 4497 ,1877/4483,p.5,08 September 1877,,COL/B18; PRV7173/1/18,
ITM6921,MURPHY,,,,Letter from the Commissioner of Police to the Colonial Secretary; prev 4483; sub 4505 Note: Crossed Out,1877/4497,p.6,08 August 1877,,COL/B18; PRV7173/1/18,
ITM6921,,Cook District,,,Letter from Cook District Progress (Committee) Association to the Colonial Secretary; prev 4157; sub 4718,1877/4501,p.6,15 August 1877,,COL/B18; PRV7173/1/18,
ITM6921,,,,,Letter from the Commissioner of Police to the Colonial Secretary; prev 44497; sub 4563 ,1877/4505,p.6,14 August 1877,,COL/B18; PRV7173/1/18,
ITM6921,,Cunnamulla ,,,Letter from the Commissioner of Police to the Colonial Secretary; prev 4363; sub 4873 ,1877/4549,p.10,18 September 1877,,COL/B18; PRV7173/1/18,
ITM6921,MORRISET (Inspector),Brisbane,,,"Letter from Inspector Morisset to the Commissioner of Police, forwarded to the Colonial Secretary; prev 4505 ",1877/4562,p.11,15 September 1877,,COL/B18; PRV7173/1/18,
ITM6921,,Thursday Island; Somerset,,,"Letters (various dates and subjects) from Somerset and Thursday Island to the Colonial Secretary; ‘Papers in connection with Somerset and Thursday Island’; noted ‘all papers away 20/9/1877’; prev 1876/2176, 1876/2324, 1876/2395, 1877/992, 1877/1238, 1877/1250, 1877/1376, 1877/4220 ",1877/4583 and 4584,p.12,18 May 1877,,COL/B18; PRV7173/1/18,
ITM6921,,Byerstown,,,Letter from Police Magistrate at Byerstown to the Colonial Secretary; prev 4393,1877/4626,p.15,22 September 1877,,COL/B18; PRV7173/1/18,
ITM6921,,Blackall,,,Letter from Police Magistrate at Blackall to the Colonial Secretary; prev 4484 ,1877/4699,p.20,30 August 1877,,COL/B18; PRV7173/1/18,
ITM6921,JACKY (Aboriginal man); MACNEILL (Inspector),,,,Letter from the Commissioner of Police to the Colonial Secretary; prev 1099; ‘Crown Law Office 5/10/1877’ ,1877/4741,p.23,01 October 1877,,COL/B18; PRV7173/1/18,
ITM6921,BROWNE,,,,Letter from the Commissioner of Police to the Colonial Secretary; prev 2890; sub 2160 & 28? ,1877/4810,p.28,05 October 1877,,COL/B18; PRV7173/1/18,
ITM6921,"CURRIE, John",Goondiwindi,,,"Letter from John Currie, Goondiwindi, to the Colonial Secretary; prev 4549 and 4813; sub 4948 ",1877/4873,p.33,07 October 1877,,COL/B18; PRV7173/1/18,
ITM6921,"BEDDOME, C (Police Magistrate)",Somerset,,,Letter from Police Magistrate at Somerset (C. Beddome) to the Colonial Secretary ,1877/4878,p.33,30 September 1877,,COL/B18; PRV7173/1/18,
ITM6921,"BEDDOME, C (Police Magistrate)",Somerset,,,Letter from Police Magistrate at Somerset (Beddome) to the Colonial Secretary ,1877/4884,33,24 September 1877,,COL/B18; PRV7173/1/18,
ITM6921,BEDOMME,Somerset,,,Letter from Police Magistrate at Somerset (Beddome) to the Colonial Secretary ,1877/4888,p.34,20 September 1877,,COL/B18; PRV7173/1/18,
ITM6921,,Thursday Island,,,"Letter from Police Magistrate, Chester, General ? at Thursday Island to the Colonial Secretary ",1877/4892,p.34,25 September 1877,,COL/B18; PRV7173/1/18,
ITM6921,"BEDDOME, C; CHESTER",Thursday Island,,,"Letter from Police Magistrate, Chester, General ? at Thursday Island to the Colonial Secretary ",1877/4893,p.34,17 September 1877,,COL/B18; PRV7173/1/18,
ITM6921,BEDDOME,Thursday Island,,,Letter from Police Magistrate at Thursday Island to the Colonial Secretary ,1877/4894,p.34,17 September 1877,,COL/B18; PRV7173/1/18,
ITM6921,POLYNESIANS; BEDDOME; CHESTER,Somerset,,,Letter from Police Magistrate at Somerset (Beddome and Chester) and Treasury to the Colonial Secretary; ‘Re kidnapping Polynesians by mate of schooner “Gem” ,1877/4906,p.35,20 September 1877,,COL/B18; PRV7173/1/18,
ITM6921,,,,,Letter from the Commissioner of Police to the Colonial Secretary; prev 4873; sub 4996 ,1877/4948,p.38,15 October 1877,,COL/B18; PRV7173/1/18,
ITM6921,,Cooktown,,,Letter from the Commissioner of Police to the Colonial Secretary; prev 4924 ,1877/5055,p.45,18 October 1877,,COL/B18; PRV7173/1/18,
ITM6921,,Cooktown,,,"Petition (marked ‘no date’, received 13/10/1877) from the Chinese residents at Cooktown to the Colonial Secretary; see also 1877/3358 and 1877/4924 ","1877/4924
and 
1877/5055
","p.36 (1877/4924) & 
p.45 (1877/5055)",xx October 1877,,COL/B18; PRV7173/1/18,
ITM1460907,,Cooktown,,,"Petition asking for increased police protection for Chinese merchants, shopkeepers, packers and miners of Cooktown",,all,16 October 1877,,,
ITM6922,FREUDENTHAL (Sub Inspector),,,,Letter from the Commissioner of Police to the Colonial Secretary ,1878/1034 Police Comm,p.9,12 March 1878,,COL/B19; PRV7173/1/19,
ITM6922,,,,,Letter from the Commissioner of Police to the Colonial Secretary; note added: No. 1; prev 752; sub 2594 ,1878/1224 Police Comm,p.9,31 March 1878,,COL/B19; PRV7173/1/19,
ITM6922,TOWNSEND (Sub Inspector),,,,Letter from the Commissioner of Police to the Colonial Secretary ,1878/1548 Police Comm,p.10,03 April 1878,,COL/B19; PRV7173/1/19,
ITM6922,,,,,Letter from the Commissioner of Police to the Colonial Secretary; note added: No.2; prev 1224; sub 3732 ,1878/2594 Police Comm,p.10,30 June 1878,,COL/B19; PRV7173/1/19,
ITM6922,NUTTING (Inspector),,,,Letter from the Commissioner of Police to the Colonial Secretary; prev 3780; sub 3781 ,1878/3272 Police Comm,p.10,05 September 1878,,COL/B19; PRV7173/1/19,
ITM6922,,Whitsunday Island,,,Letter from the Commissioner of Police to the Colonial Secretary; prev 3159 Postmaster ,1878/3528 Police Comm,p.11,21 September 1878,,COL/B19; PRV7173/1/19,
ITM6922,,,,,Letter from the Commissioner of Police to the Colonial Secretary; note added: No. 3; prev 2594; sub 1879/139 ,1878/3732 Police Comm,p.11,30 September 1878,,COL/B19; PRV7173/1/19,
ITM6922,BARRON. Thomas,,,,Letter from the Commissioner of Police to the Colonial Secretary ,1878/4269 Police Comm,p.11,28 November 1878,,COL/B19; PRV7173/1/19,
ITM6922,"Carr, EM",,,,Letter from the Commissioner of Police to the Colonial Secretary; prev 4343 Geary ,1878/4385 Police Comm,p.11,09 December 1878,,COL/B19; PRV7173/1/19,
ITM6922,,,,,Letter from the Commissioner of Police to the Colonial Secretary ,1878/682 Police Comm,p.9,20 February 1878,,COL/B19; PRV7173/1/19,
ITM6922,,,,,Letter from the Commissioner of Police to the Colonial Secretary; sub 1224 ,1878/752 Police Comm,p.9,13 February 1878,,COL/B19; PRV7173/1/19,
ITM6922,BOLTON,YORK PENNINSULAR,,,Letter from Police Magistrate at Cooktown to the Colonial Secretary ,1879/1088 Benches,p.16,12 March 1879,,COL/B19; PRV7173/1/19,
ITM6922,,,,,Letter from the Commissioner of Police to the Colonial Secretary ,1879/1267 Police Comm,p.12,02 April 1879,,COL/B19; PRV7173/1/19,
ITM6922,,,,,Letter from the Commissioner of Police to the Colonial Secretary ,1879/1375 Police Comm,p.13,31 March 1879,,COL/B19; PRV7173/1/19,
ITM6922,CLOHESY (Inspector),,,,Letter from the Commissioner of Police to the Colonial Secretary ,1879/138 Police Comm,p.12,10 January 1879,,COL/B19; PRV7173/1/19,
ITM6922,,,,,Letter from the Commissioner of Police to the Colonial Secretary; prev 1267 ,1879/1490 Police Comm,p.13,23 April 1879,,COL/B19; PRV7173/1/19,
ITM6922,GOUGH (Sub Inspector),,,,Letter from the Commissioner of Police to the Colonial Secretary ,1879/1548 Police Comm,p.13,25 April 1879,,COL/B19; PRV7173/1/19,
ITM6922,EGLINTON; BECKETTS,,,,Letter from the Commissioner of Police to the Colonial Secretary ,1879/1549 Police Comm,p.13,25 April 1879,,COL/B19; PRV7173/1/19,
ITM6922,"TURNER, Peter",,,,Letter from the Commissioner of Police to the Colonial Secretary; and Peter Turner,1879/1731 Police Comm,p.15,12 May 1879,,COL/B19; PRV7173/1/19,
ITM6922,KAYE (Sub Inspector); MILLER (Aboriginal man),Thompson River,,,Letter from the Commissioner of Police to the Colonial Secretary ,1879/1847 Police Comm,p.15,12 April 1879,,COL/B19; PRV7173/1/19,
ITM6922,FREUDENTHAL (Sub Inspector),Normanton,,,Letter from the Commissioner of Police to the Colonial Secretary ,1879/254 Police Comm,p.12,15 December 1878,,COL/B19; PRV7173/1/19,
ITM6922,"CARR, EH (Sub Inspector)",,,,,1879/292 Police Comm,p.12,24 January 1879,,COL/B19; PRV7173/1/19,
ITM6922,STUART (Inspector),Mulgrave River,,,Letter from the Commissioner of Police to the Colonial Secretary and Insp. Stuart,1879/3138 Police Comm,p.16,02 September 1879,,COL/B19; PRV7173/1/19,
ITM6922,FREUDENTHAL,,,,Letter from the Commissioner of Police to the Colonial Secretary and Freudenthal,1879/3248 Police Comm,p.16,15 August 1879,,COL/B19; PRV7173/1/19,
ITM6922,ISLEY,Cairns,,,Letter from the Commissioner of Police to the Colonial Secretary; prev 144 Bench Cairns; sub 2251 Haydon ,1879/390 Police Comm,p.12,23 January 1879,,COL/B19; PRV7173/1/19,
ITM6922,LAMOND (Inspector),,,,Letter from the Commissioner of Police to the Colonial Secretary ,1879/404 Police Comm,p.12,29 January 1879,,COL/B19; PRV7173/1/19,
ITM6922,ARMIT,,,,Letter from the Commissioner of Police to the Colonial Secretary and S.I.Armit; prev 651 ‘(withdrawn)’ and 1879/76 ,1879/443 Police Comm,p.12,31 January 1879,,COL/B19; PRV7173/1/19,
ITM6922,Norlan (Inspector),,,,Letter from the Commissioner of Police to the Colonial Secretary ,1879/628 Police Comm,p.12,29 December 1878,,COL/B19; PRV7173/1/19,
ITM6922,"PRICE, James",Thursday Island; Mulgrave Island,,,Letter from the Commissioner of Police to the Colonial Secretary; prev 4467 Price ,1879/783 Police Comm,p.12,27 February 1879,,COL/B19; PRV7173/1/19,
ITM6922,,,,,Letter from the Commissioner of Police to the Colonial Secretary ,1879/81 Police Comm,p.12,19 December 1878,,COL/B19; PRV7173/1/19,
ITM716906,"LAWRENCE, Charles; CORPORAL HERO; BROOK, Sub Inspector; MARGETTS, Sub Inspector; HAMILTON, John, MLA; FITZGERALD, Hervey; ",Cooktown,,,"Letter from Office of Inspector of Police Cooktown, to the Commissioner of Police Brisbane regarding a proposed mission station near Cooktown (Cape Bedford Mission Station)",2856 of 1884,p.1-7,17 April 1884   ,,A/58851,
ITM716961,CHISOLM; DEA,Coleman River; Rutland Plains Station; Normanton; Croydon,,Contains details regarding Rape ,Chisholm speared at Coleman River,,p.174 ,28/10/1900,,A/58912,
ITM7363,"THOMAS, Jamie",Cooktown; Thursday Island,,,"Spearing in Torres Strait.
Wrong date - date of admission possible March 14, Date of discharge March 17, 1899 (PM note? - NE)",No 173 in register,p.90,01/03/1899,,HOS13/23,
ITM7628,,,,,Chief Commisioner of Crown Lands to the Hon Secretary of Lands & Public Works Depot - refund on certain declined tenders ,1863/585,all,13 March 1863,,,
ITM844827,"Captain NARES; Captain SIMPSON; Reverend JAGG, Frederick C",Somerset; Cape York,,,"Executive Council Minute Re: withdrawal of the detachment of Royal Marines from Somerset Cape York, and official changes there","Folio 1867/119, possibly No 1, page 176",p.3-6,26 April 1867,,COL/E1; SRS5247/1/1,
ITM844827,"UHR, Acting Sub Inspector",Gulf of Carpentaria; New South Wales,,,Executive Council Minute that references a Letter from the Commissioner of Police recommending payment to Acting Sub Inspector Uhr for great display of energy in chasing down horse thieves,Folio 1867/125,p.8,26 April 1867,,COL/E1; SRS5247/1/1,
ITM844827,,,,,Executive Council Minute  re: Appointment of David Thompson Seymour as Captain of No. 1 Battery and Captain Commandant of the Queensland Volunteer artillery,"Folio 1867/132, possibly No 4",p.7,10 May 1867,,COL/E1; SRS5247/1/1,
ITM844827,"Inspector MARLOW; Corporal WHITTINGHAM, John",Bowen; Rockhampton; Gladstone; Brisbane,,,"Executive Council Minute re: Inspector Marlow’s application for travelling expenses and apprehension of a deserter 50th detachment
",Folio 1867/140,"p.13, 21",15 May 1867,,COL/E1; SRS5247/1/1,
ITM844827,"Captain SIMPSON; COMPIGNE, Walter; Sub inspector BLAKENEY; Sub inspector PASCHEN, Oscar; AUBIN; Sub inspector COFFEY, John; GILMORE, J.M; BROOKES; WATT",Cape York; Somerset; Brisbane; Taroom,,,"Executive Council Minute re: Detachment of police for Cape York, promotions of Acting Sub Inspectors, Vouchers for gun powder, Extension of Town’s police act at Taroom and Report of Mr G.E. Watt late of the Police Force","Folio 1867/158, posisbly No 1, 10, 13, 18","p. 5, 17, 19, 20, 27",22 June 1867,,COL/E1; SRS5247/1/1,
ITM844827,"SHARKEY, J.P; UHR; BLIGH, James O’Connell; AIREY(?); MURRAY, George",Burketown; Burke District; Springsure,,,"re: Commissioner J.P. Sharkey’s report upon condition of Burketown, James O’Connell Bligh to remain at Gayndah as police magistrate and Mr G. Murray Native Police to act as police magistrate at Springsure","1867/278, possibly No 4, 11, 12, 13","p.7, 18, 19",30 October 1867,,COL/E1; SRS5247/1/1,
ITM844827,JARDINE,Rockhampton,,,Executive Council Minute re: Mr Gold Commissioner Jardine’s application for more police,1867/300,p.5,19 November 1867,,COL/E1; SRS5247/1/1,
ITM844827,PASCHEN,,,,Executive Council Minute re: Complaint against Sub Inspector Paschen,"Folio 1867/31, No 4, page 42",p.6,30 January 1867,,COL/E1; SRS5247/1/1,
ITM844827,"O’CONNELL, C; Captain GIVEN; UHR",Cape River diggings; Yowah Creek,"
",,"Executive Council Minute re: Captain Given’s conduct, Police at Cape River Diggings, Application from Acting Sub Inspector Uhr for promotion and application for police reserve at Yowah Creek. ","1867/321, possibly No 3, 5, 7","p.4, 7, 9, 15",12 December 1867,,COL/E1; SRS5247/1/1,
ITM844827,"BROWNE, Henry; MARLOW",,,,,"1867/63, No 3, page 78",p.6,1 January 1867,,COL/E1; SRS5247/1/1,
ITM844828,,Somerset; Sydney,,,Executive Council Minute re: attack on Somerset by Indigenous Australians,1868/234 ,p.95; p.101-102,18 August 1868,,COL/E1; SRS5247/1/2,
ITM844828,,,"
",,Executive Council Minute re: appointment of Mr Uhr as Inspector of Slaughter Houses,"1868/156, No 3",p.260; p.262,3 June 1868,,COL/E1; SRS5247/1/2,
ITM844828,,,"
",,Appointment of WRO Hill as Clerk of Petty Sessions at Cape River ,"Folio 1868/164, No 7",p.263,17 June 1868,,COL/E1; SRS5247/1/2,
ITM844828,LANDSBOROUGH; Sub Inspector COWARD,Burke District; Cooke District; North Cooke District,,,"Executive Council Minute re: request for police protection by a settler in the Burke District. In response, the provision of more officers and Native Police troopers.","Folio 1868/168, No 2",p.273; p.276,24 June 1868,,COL/E1; SRS5247/1/2,
ITM844828,,Somerset,"


",,Executive Council Minute re: the resignation of 5 police constables from Somerset and the detachment of a mixed police force in their place.,"1868/244, No 3",p.106; p.111,9 September 1868,,COL/E1; SRS5247/1/2,
ITM844828,"His Honour Mr Justice LUTWYCHE; THOMPSON, Mary; Billy (Aboriginal man)",Brisbane,,"Contains details regarding  Rape and
Execution","Executive Council Minute re: the death sentence of Aboriginal man Billy, convicted of rape.","1868/318, No 1",p.229; p.231-232,24 November 1868 ,,COL/E1; SRS5247/1/2,
ITM844828,,,,,"Executive Council Minute re"" passages of Messir (?) and Jardine per H.M.S. ""virago""","1868/4, No 7",p.2; p.10-11,6 January 1868,,COL/E1; SRS5247/1/2,
ITM844828,"COMPIGNE, Walter",Mary River Gold Fields,"
",,Appointment of Walter Compigne as Clerk of Petty Sessions at Gympie ,"1868/52, No 13",p.94,20 February 1868,,COL/E1; SRS5247/1/2,
ITM844828,"SEYMOUR, E.B.",,,,Executive Council Minute re: compensation for E.B. Seymour for loss of office.,1868/60,p.101,4 March 1868,,COL/E1; SRS5247/1/2,
ITM844828,"HILL, William; GILMOUR, James; BOWERMAN; CRIBB, B",Leyburn; Dalby,,,"Executive Council Minute re: compensation for the loss of office of Acting SI Hill, promotion of Acting SI Gilmour and appointment of Mr Bowerman as Police Magistrate and C.P.S.",1868/75,"p.118-119, 124",19 March 1868,,COL/E1; SRS5247/1/2,
ITM844829,"Chief Justice COCKLE, Sir James; REICHMANN, Amelia Louisa; Jacob (Aboriginal man)",Brisbane,,Contains details regarding Rape and Execution,"Executive Council Minute re: sentencing of ""Jacob"" for his alleged rape of Amelia Reichmann.","1869/133, No 1",p.3,6 May 1869,,COL/E1; SRS5247/1/3,
ITM844829,,,,,,1869/156,p.2,23 May 1869,,COL/E1; SRS5247/1/3,
ITM844829,"Sub Inspector UHR, W. O; Sub Inspector COWARD; DOWLING, James",Brisbane; Gympie; Rockhampton; Drayton; Toowoomba; Warwick; Ipswich; Burketown,,,Executive Council Minute re: Reduction of the police force in Queensland and Charges against Sub Inspector W. O. Uhr,"1869/38, possibly No 11, or No 4,  or No 90","p.11, 20",17 February 1869,,COL/E1; SRS5247/1/3,
ITM844829,"FARICLOTH (?),; BLIGH; KEMBALL, A. C.",Maryborough; Gympie,,,Removal of Mr Faricloth (?) to Maryborough and of Mr Bligh to Gympie as Police Magistrate ,"1869/199, No 2",p.5 ,30 June 1869,,COL/E1; SRS5247/1/3,
ITM844829,"CAVE, William; BARRYMORE, G.W; SADLEIR, Thomas J; BROWNE, Thomas Frederick de Conroy; HACKET, Thomas Ridge; DOWLING",Banana; Taroom; Goodna; Warrego; Bulloo River; Yowah Creek,,,"Executive Council minute re: movements in the colonial secretary's department, removal of native police barracks from Yowah Creek to Mr Dowling’s station on the Bulloo River and Appointment of Captain Sadleir as inspector under Polynesians labourers act of 1868",1869/209,"p.4, 5, 9, 14, 15",8 July 1869,,COL/E1; SRS5247/1/3,
ITM844830,"FINCH, Sub Insp; THORNTON, Thomas;",St George,,,"Executive Council Minute 

In relation to Thomas Thornton",1869/317,p.6   ,5 October 1869,,COL/E4,
ITM844830,,,,,,1869/258,All,1 September 1869,,COL/E4; SRS5247/1/4,
ITM844830,"UHR, Reginald Charles Heber; THORNTON, D.; BLACKALL, S.W.; OURY, A.U.;",St George;,,,Appointment of RCH Uhr as Police Magistrate at St George ,1869/305,p.3,12 October 1869,12 November 1869,,
ITM844831,,,,,Executive Council minute ,1870/122,p.162-171,26 May 1870,,COL/E5; SRS5247/1/5,
ITM844831,FOLEY,Burketown,Polynesions; Islanders,,Executive Council Minute ,1870/152,p.199; 203-205; 208,23 June 1870,,COL/E5; SRS5247/1/5,
ITM844831,SHAW; GORDON;,"Cardwell, Townsville",,,"Executive Council minute 1870/92 on 13 April 1870, item 2) Charges proferred against Inspector Murray of the Police",1870/92,p.123,6 April 1870,,COL/E5; SRS5247/1/5,
ITM844832,"GRAY, Robert",Flinders District; Flinders River; Hughenden,"
",,Executive Council Minute re: settler application for Native Police protection in the Flinders District,"1870/257, No. 6",p.91,06 October 1870,,COL/E6; SRS5247/1/6,
ITM844832,"MURRAY, John; Commander HEATH",Cardwell,,,Executive Council Minute re: charges against Native Police Inspector John Murray,"1870/265, No 7",p.103-104,13 October 1870,,COL/E6; SRS5247/1/6,
ITM844833,"MANNING, Ellen",Rockhampton,"George
","Contains details regarding Rape and
Execution","Executive Council minute re: the death sentence of Aboriginal man, convicted of rape.","1871/119, No 1",p.206-207,04 May 1871,,COL/E7; SRS5247/1/7,
ITM844833,,Coopers Creek; Leichhardt ,,,Executive Council Minute re: expenses incurred by a Native Police detachment sent as a search party to find a white man living in an Aboriginal community in Coopers Creek.,"1871/134, No ",p.225,18 May 1871,,COL/E7; SRS5247/1/7,
ITM844833,"MARSHALL, Richard Purvis",Goondiwindi,,,Appointment of Richard Purvis Marshall as Police Magistrate at Goondiwindi approved ,"1871/143, No ",p.248,01 June 1871,,COL/E7; SRS5247/1/7,
ITM844833,"BALFREY, John",Polynesian Islands; Ravenswood,,,Executive Council minute re: appointment of government agents for recruiting vessels to the Polynesian Islands and the dismissal of Sub Inspector Balfrey.,1871/19,"p.34, 36",26 January 1871,,COL/E7; SRS5247/1/7,
ITM844834,"FARQUHAR, William Gordon; MORISSET, Aulaire S; ",South Sea Islands; Burke; Normanton; Cloncurry,,,,1871/237,"p.138, 142",25 September 1871,,COL/E8; SRS5247/1/8,
ITM844834,"LAMBERT, Henry; WHEELER, Edward; Sub Inspector THOMPSON; ST GEORGE, H",Copperfield; Gilbert Range Gold Fields; Norman,,,,1871/250,"p.180, 185, 190",18 October 1871,,COL/E8; SRS5247/1/8,
ITM844834,"COMPIGNE, Alfred William; CRIBB, B; Sub Inspector CLOHESY; Inspector MORISSET",Gayndah; Ravenswood; Bynoe River; Middle Camp; Norman,,,Appointment of AW Compigne as Police Magistrate at Gayndah and Mt Perry and erection of Native Police barracks at Middle Camp and the Bynoe River,"1871/279, No 4","p.253, 260",17 November 1871,,COL/E8; SRS5247/1/8,
ITM844835,"DAVIDSON, Alfred",Brisbane; Normanby,,,Executive Council minute re: request by Alfred Davidson for an enquiry into the Aboriginals of Queensland - request denied by council.,"1872/ , No 8",p.26-27,11 April 1872,,COL/E9; SRS5247/1/9,
ITM844835,GREGORY; Police Sergeant GALLOWAY; Gold Commissioner RANKIN; Police Magistrate COMPIGNE,Stanthorpe; Cania; Gayndah; Knoombit; Mount Perry,,,Executive Council minute re: appointments in the Colonial Secretary's Department,"1872/124, No 5",p.115-116,16 May 1872,,COL/E9; SRS5247/1/9,
ITM844835,"HUTCHINSON, Sarah",,"Ongold alias Johnny; Sandy alias Dardine
","Contains details regarding Rape and
Execution ",Executive Council minute re: request for approval - the death sentences of Aboriginal men Johnny and Sandy for the alleged rape of Sarah Hutchinson.,"1872/132, No 1 and No 2",p. 122-125,17 May 1872,,COL/E9; SRS5247/1/9,
ITM844835,"HUTCHINSON, Sarah",Brisbane ,"Ongold alias Johnny; Sandy alias Dardine
",,Executive Council minute re: council decision on the sentencing of Johnny and Sandy for the alleged rape of Sarah Hutchinson.,"1872/133, No 1 and No 2",p.129-130,23 May 1872,,COL/E9; SRS5247/1/9,
ITM844836,"THORNTON, Thomas, Sub Inspector; NUTTING, Insp;",Warrego; Roma;,,,Appointments of Thomas Thornton as Inspector and of Charles Nutting as Acting Sub Inspector ,"1872/208; Top number of sorts
No. 237",All,08 August 1872,,COL/E10; SRS5247/1/10,
ITM844837,"GOUGH, Henry B.",,,,Executive Council Minute re: the promotion of an acting sub inspector to the position of sub inspector.,1873/19,p.64,03 February 1873,,COL/E11; SRS5247/1/11,
ITM844837,"JOHNSTONE, Robert S; FINCH, Henry Zouch;",,,,Executive Council Minute re: police movements., 1873/97,p.326-365 ,23 May 1873,,COL/E11; SRS5247/1/11] ,
ITM86749,"FINCH, Henry Zouch; JOHNSTONE, Robert S; DAY, Tyrell Maitland; DOUGLAS, Alexander D",,"
",,"Two resignations, one appointment and one promotion of Native Police officers.",1873/558,p.1-2,,,"POL/4; PRV10741/1/1,",https://www.archivessearch.qld.gov.au/items/ITM86749
ITM844838,Sub Inspector THOMPSON; SEYMOUR,Cardwell; Endeavour River,,,Executive Council Minute re: request from the Commissioner pending the SI Thompson's expedition of rivers between Cardwell and the Endeavour River.,1873/191,p.147-157,03 September 1873,,COL/E12; SRS5247/1/12,
ITM844838,"Captain COATH; OKEDEN, W.E.P; OKEDEN, David Parry; ST GEORGE, Howard; DALRYMPLE, G.E.",Warrego; Georgetown; Burke; Gilberton,,,"Executive Council minute re: the pardoning of Captain Coath for his alleged kidnapping of Polynesians for labour, the appointment of David Parry Okeden as District Registrar and the appointment of Howard St George as returning officer. ",1873/197,p.158; 164,11 September 1873,,COL/E12; SRS5247/1/12,
ITM844838,"HENRY, Alfred; Inspector MORISSET; BEDDOME, Charles Edward; JARDINE, Frank",Normanton; Burke,,,"Executive Council minute re: movements in the colonial secretary's department, including Appointment of Alfred Henry as Police Magistrate at Normanton ",1873/254,p.94; p.115; p.118,21 November 1873,,COL/E12; SRS5247/1/12,
ITM844838,,,,,Executive Council Minute re: recommendation of a board to examine statements concerning the harbour of refuge at Somerset and F Jardine's part in the Pearl Shell fisheries.,1873/278,p.193; p.195-196,11 December 1873,,COL/E12; SRS5247/1/12 ,
ITM844838,,Queensland,"""Aboriginal Natives of Queensland""",,Executive Council Minute remission of sentences of certain Aboriginal Natives,1873/285,p.217; p.227-228,11 December 1873,,COL/E12; SRS5247/1/12,
ITM844839,,,,,"Executive Council Minute regarding the resignation of Inspector of Police John Marlow, and given one years salary for his long service",1874/101,p.228; 238-239,26 March 1874,,COL/E13; SRS5247/1/13,
ITM844839,,,,,Executive Council minute re. leave of absence requested by Inspector Nutting,1874/66,p.128; 140-141,27 February 1874,,COL/E13; SRS5247/1/13,
ITM844840,"DREW, W.L.G; GREGORY, A.C.; COXEN, Charles; HAUSEMANN, John G.",Mackay,,,,"1874/245, No 4",p. 108-109,10 August 1874,,COL/E14; SRS5247/1/14,
ITM844841,"Justice SHEPPARD; KOPP, Johanna; Under Colonel SEEY; Sheriff HALLORAN, A.E.",Palmer; Rockhampton,“Johnny Clayson”,"Contains details regarding Rape, execution",Executive Council Minute  re: Confirmation of sentence of death passed on Johnny Clayson - an Indigenous man convicted of rape.,1875/54,p.1-6,30 March 1875,,COL/E15; SRS5247/1/15,
ITM844842,"Commodore GOODENOUGH; Chief Secretary FRANCIS; BOWEN, George",Somerset; Hammond Island; Thursday Island; New South Wales; South Australia; Torres Strait; Melbourne; Victoria,,,Executive Council Minute re: Maintenance and removal of settlement at Somerset,1875/143,p.3-5,20 May 1875,,COL/E16; SRS5247/1/16,
ITM844844,,,,,Executive Council Minute re. contribution by the Imperial Government towards the maintenance of the Settlement of Somerset,"1876/36,  No 1",p.1 ,29 January 1876,,COL/E18; SRS5247/1/18 ,
ITM844844,"WHEELER, Frederick",Clermont,"""Johnny""",Contains details regarding Murder,"Executive Council Minute re: Frederick Wheeler's murder of ""Johnny"" and his subsequent dismissal from the force.","1876/556, No 2",p.5,20 April 1876,,COL/E18; SRS5247/1/18 ,
ITM844845,"THOMAS, Maria; Sub Inspector CARROLL, J.; THOMAS, John",Aramae; Mitchell,,Contains details regarding Murder,Executive Council Minute re: Sub Inspector Carroll charged with wilful murder.,"1876/679, No 3",p.8,27 July 1876,,COL/E19; SRS5247/1/19,
ITM844846,"WILKINSON, Annie; LUTWYCHE; DE BORIS; Gillie Gillie Jack (Aboriginal man) ",Wanga Walla Creek,,"Contains details regarding Kidnapping, alleged Rape, and Execution","Executive Council minute re: further information on the case of the 5 Polynesian boys under 16 and the sentencing of ""Gillie Gillie Jack"" for his alleged rape of Annie Wilkinson.","1876/735, No 1","p.3, 15",21 September 1876,,COL/E20; SRS5247/1/20,
ITM844846," CHEEKE, Walter J",,,,Executive Council minute re: appointment of Walter Cheeke to the police force.,1876/765,p. 7-8,10 October 1876,,COL/E20; SRS5247/1/20,
ITM844872,"FIRZGERALD, Henry; AHERN, John; BRITTON, William; MELDRUM, Alexander",,,,Executive Council minute appointment of Police officers,374 of 1881,"p.30-31,46",17 November 1881,23/02/1905,COL/E46,
ITM845331,"MATVEIEFF, Alexey Froloff; SWETE, William",,,,Executive Council Minute re: appointment of Mr Matveieff,1860/2,p.24,6 January 1860,,EXE/D25; SRS5251/1/1,
ITM845331,"MORISSET, Edric Vaux; GREGORY, Augustus Charles",,,,Executive Council Minute re: appointment of E.V. Morisset as Inspector General of Police and adjustments to the Surveyor department and their control of districts beyond settled lands.,1860/3,p.26-34,9 January 1860,,EXE/D25; SRS5251/1/1,
ITM845331,,Sydney; Brisbane,,,Executive Council Minute re: the appointment of a qualified Aboriginal Inspector to the Supreme Court and the provision of munitions to the Native Police Force.,1860/4,p.35-39,17 January 1860,,EXE/D25; SRS5251/1/1,
ITM845331,,,,,Executive Council Minute re: the office of Captain O'Connell and rearrangements in the police force.,1860/6,p.46-51,31 January 1860,,EXE/D25; SRS5251/1/1,
ITM845331,,Brisbane; Sydney,,,Executive Council Minute re: provision of more police in Ipswich and further military protection in Queensland.,1860/9,"p.63, 65",15 February 1860,,EXE/D25; SRS5251/1/1,
ITM845331,,,,,Appointments to the executive council,1859/1,p.9,12 December 1859,,EXE/D25; SRS5251/1/1,
ITM845331,,,,,Appointments to the executive council,1859/2,p.10,,,EXE/D25; SRS5251/1/1,
ITM845331,"DODWELL, Arthur E",,,,Executive Council Minute re: appointment of Arthur E. Dodwell as chief clerk of the colonial treasury.,1859/3,p.12,16 December 1859,,EXE/D25; SRS5251/1/1,
"ITM846085

correct item is ITM846805
NW 24/02/22","BABAOU (Aboriginal); MAC?ISH, R.K., Under Sheriff;",Brisbane Gaol; Maryborough;,,,"Letter from the Sheri?’s O?ce, Brisbane, to the Colonial Secretary ",1866/131,p.98,16 January 1866,15 January 1866,"A/75825

COL/A75 is correct prev sys
NW 24/02/22

",
ITM84618,"Sub Inspector Coward, THOMAS; REID","Brisbane; Palmer River; Cooketown, Daintree",,,Appointment of Thomas Coward as Marden in the Palmer River Gold Fields, 1874/755,All,19 November 1874,,MIN/G1; PRV10143/1/1,
ITM846681,"JARDINE, Frank, Inspector Police, P.M. Somerset; EULAH (Aboriginal); SIMPSON, Captain;  Raine Island; ",Somerset;,,,Letter from the Police Magistrate at Somerset to the Colonial Secretary ,"1868/2548, Top number possibly 1868/2874",p.102-103,31 June 1868,,EXE/F106,
ITM846730,Lt POWELL; Lt MURRAY; Kelly (Aboriginal man); Dinah (Aboriginal man); Daylight (Aboriginal man); Nelly (Aboriginal man),Port Curtis; Gladstone,,,Re: request to enable Powell to house an Indigenous Australian woman at his camp for her protection.,1859/118,p.122-128,10 December 1859,,COL/A1; SRS5253/1/1,
ITM846730,"SWETE, William R.L.",,,,Resignation of 2nd Lt Swete.,1859/62,p.154,29 October 1859,,COL/A2; SRS5253/1/2,
ITM846731,"DARLEY, John; NORMAN, D",,,,Appointment of John Darley as 2nd Lt in the Native Police Force.,1860/100,p.24,23 January 1860,,COL/A2; SRS5253/1/2,
ITM846731,"GADEN(?); LOUDEN, Billy (Aboriginal man) ",Brisbane,,,Punishments inflicted on prisoners in the H.M. Brisbane Gaol.,1860/131,p.21,1 February 1860,,COL/A2; SRS5253/1/2,
ITM846731,,,,,Re: the dismissal of Downing from the situation of Mardsman at the immigration depot at Brisbane.,1860/138,p.30-34,29 December 1859,,COL/A2; SRS5253/1/2,
ITM846731,"DAVIS, James",,,,Recommendation for the appointment of James Davis as court interpreter.,1860/42,p.11,9 January 1860,,COL/A2; SRS5253/1/2,
ITM846731,"MACDONNELL; MORISSET, Edric",Brisbane; Ipswich; Rockhampton,,,Suggestions to improve the efficiency of the Native Police force,1860/86,p.1-5,18 January 1860,,COL/A2; SRS5253/1/2,
ITM846731,"CAMERON, Daniel; Lt MURRAY; MORISSET, Edric",Leichardt District,,,"re: a petition for police protection by Mr Daniel Cameron 
",1860/99,p.20-22,23 January 1860,,COL/A2; SRS5253/1/2,
ITM846732,JACK ALIAS BROOM (Aboriginal); BILLY LONDON (Aboriginal),,,,Letter from Judge to the Colonial Secretary forwarding return of convictions for prisoners at Ipswich and Brisbane in February 1860,1860/241,p.12-15,22 February 1860,,,
ITM846732,"see entry dated 8 March 1860 from ITM 846732, 1860/381","see entry dated 8 March 1860 from ITM 846732, 1860/381","see entry dated 8 March 1860 from ITM 846732, 1860/381",,"see entry for entry dated 5 March 1860 from ITM 846732, 1860/381",1860/381,p.54 ,5 March 1860,"see entry dated 8 March 1860 from ITM 846732, 1860/381",,
ITM846732,MORISSET,Calandoon,n/a,,"Letter from Inspector General of Police, Morisset, disputing the stationing of only one Native Police trooper at Calandoon",1860/483,p.10,4 April 1860,n/a,,
ITM846733,"Dr HOBBS; MORISSET, Edric",Sandgate,,,Payment to Dr Hobbs for medical attention on a camp sergeant at Sandgate,1860/581,p.87-89,20 April 1860,,COL/A4; SRS5253/1/4,
ITM846733,GREGORY,Wide Bay,"""Wide Bay Aborigines""",,Distribution of blankets and shirts to Indigenous Australians in Wide Bay.,1860/594,p.20 ,20 April 1860,,COL/A4; SRS5253/1/4,
ITM846733,,Brisbane ,,,"Distribution of blankets, trousers and shirts to Indigenous Australians in Brisbane.",1860/616,p.76-77,24 April 1860,,COL/A4; SRS5253/1/4,
ITM846733,"COXEN, Charles",Dalby,,,Distribution of blankets to Indigenous Australians in Dalby.,1860/636,p.24-25,21 April 1860,,COL/A4; SRS5253/1/4,
ITM846733,"MURRAY, John; SPOONER, William; Dr ROBERTSON; MORISSET, Edric; Mrs SPOONER",Port Curtis; Fitzroy; Gladstone; Rockhampton,,,re: a letter from Lt Murray reporting on charges brought against him by William Spooner late camp sergeant in the native police,1860/825,p.41-51,26 May 1860,,COL/A4; SRS5253/1/4,
ITM846733,"BOWEN, F; DENISON, William",Sydney,,,Provision of munition to Native Police.,1860/850,p.4-5,9 February 1860,,COL/A4; SRS5253/1/4,
ITM846733,"MORISSET, Edric",,,,Letter from Inspector General  to the Colonial Secretary re: “the supply of blankets and shirts for Aborigines”,1860/855,p.16-17,31 May 1860,,COL/A4; SRS5253/1/4,
ITM846733,"MORISSET, Edric",Fitzroy; Wide Bay; Burnett,,,a report on the state of the Native Police force and suggestions for its improvement.,1860/859,p.18-24,21 December 1859,,COL/A4; SRS5253/1/4,
ITM846733,"MORISSET, Edric",Brisbane; Port Curtis; Gladstone,,,vouchers for blankets and shirts for Indigenous Australians,1860/876,p.1-2,4 June 1860,,COL/A4; SRS5253/1/4,
ITM846733,,,,,Leave of absence for Lt Bligh,1860/915,p.76-78,12 June 1860,,COL/A4; SRS5253/1/4,
ITM846733,,,,,Leave of absence for Lt Powell,1860/954,p.53-55,19 June 1860,,COL/A4; SRS5253/1/4,
ITM846733,"ALDRIDGE, E.T; MORNTON; PRIDDY, Edward; SHERIDAN",Maryborough; Fraser Island; Wide Bay,Indigenous Australian tribes on Fraser Island,,re: a letter from settler suggesting the amendment of the relationship between Indigenous Australians on Fraser Island and the government,1860/989,p.52-58,21 June 1860,,COL/A4; SRS5253/1/4,
ITM846733,CARMODY,,,,Provisions for Native Police Troopers,1860/990,p.59-61,0 July 1860,,COL/A4; SRS5253/1/4,
ITM846734,"MORNTON, William; FRAZER, Thomas",Bribie Island; Brisbane,,,re: boat discovered by Indigenous Australians on Bribie Island,1860/1044,p.63-64,5 July 1860,,COL/A5; SRS5253/1/5,
ITM846735,(?),Condamine,Indigenous Australians in Condamine,,regarding the distribution of blankets to Indigenous Australians in Condamine ,1860/1294,p.31,28 July 1860,,COL/A6; SRS5253/1/6,
ITM846735,,,,,Application for advance pay to Morisset,1860/1299,p.44-46,2 August 1860,,COL/A6; SRS5253/1/6,
ITM846735,"LOUDEN, Billy (Aboriginal man); BLOOM, Jackal (?) (Aboriginal man); BASKET, Dick (Aboriginal man); Jackey (Aboriginal man); Billy (Aboriginal man); Johnny (Aboriginal man)",Brisbane,,,Re: statements of punishments inflicted during the month,1860/1324,p.97-98,1 August 1860,,COL/A6; SRS5253/1/6,
ITM846735,"MORISSET, Edric; Sub Commissioner HAY",Carmoona(?),,,re: hand over of supplies at Carmoona to the police for their use.,1860/1368,p.20-21,13 August 1860,,COL/A6; SRS5253/1/6,
ITM846735,,,,,Appointment of 2 2nd Lt to the Native Police Force.,1860/1270 ,p.84,31 July 1860,,COL/A6; SRS5253/1/6,
ITM846736,"BASKET, Dick (Aboriginal man); Billy (Aboriginal man); BLOOM Jackal (?) (Aboriginal man) ",Brisbane,,,Re: statements of punishments inflicted during the month,1860/1505,p.12-14,1 September 1860,,COL/A7; SRS5253/1/7,
ITM846736,"WALSH; HALLORAN; BLIGH; MORISSET, Edric",Cooper’s Plains; Brisbane; Wide Bay district ,,,re: charges of Mr Walsh in respect to Mr Halloran,1860/1610,p.67-71,19 September 1860,,COL/A7; SRS5253/1/7,
ITM846736,,Callandoon,,,"re: coroners and medical attendance to Indigenous Australians in Collandoon.
",1860/1633,p.57-58,11 September 1860,,COL/A7; SRS5253/1/7,
ITM846736,"MORISSET, Edric","Peak Downs, Albinion(?) Downs",,,Re: appointment of 2 additional camp sergeants to the 1st Division.,1860/1706,p.77-80,28 September 1860,,COL/A7; SRS5253/1/7,
ITM846736,,,,,Request for advance of 2 months pay.,1860/1737,p.2-3,2 October 1860,,COL/A7; SRS5253/1/7,
ITM846737,,,,,Letter from Executive Council to the Colonial Secretary re. arrangements relating to Commandant of Native Police,1860/1798,p.112-117,2 October 1860,,,
ITM846737,"POWERLL, First Lieutenant; BLAKENEY, Charles J. Second Lieutenant; MARLOW, John Second Lieutenant; BRAMSTON, John, Clerk of the Council;",Burdekin District,,,Executive Council Minute ,1860/1799,119-122,9 October 1860,,,
ITM846737,,,,,Letter from Executive Council to Colonial Secretary re. appointment of Cadets in the Native Police Force,1860/1800,p.135-137,2 October 1860,,,
ITM846737,,,,,Letter from Executive Council to the Colonial Secretary re. proposal to increase Salary of the secretary to the Native Police Force,1860/1832,p.32-33,2 October 1860,,,
ITM846737,,,,,Letter from the Commandant to the Colonial Secretary re. request to provide an advance of salary to a Native Police cadet,1860/1842,p.62,8 October 1860,,,
ITM846738,,,,,Letter from Visiting Justice to the Colonial Secretary ,1860/2005,p.10-11,1 October 1860,,COL/A9; SRS5253/1/9,
ITM846738,,,,,Letter from Visiting Justice to the Colonial Secretary ,1860/2006,p.14-15,1 November 1860,,COL/A9; SRS5253/1/9,
ITM846738,"MCLEOD, John ?",Burdekin; Brisbane,,,"Letter from Commandant Morisset of the Native Mounted Police, at Rockhampton, to the Colonial Secretary ",1860/2100,p.58-61,14 November 1860,,COL/A9; SRS5253/1/9,
ITM846738,"WALKER, Lt; MORISSET, E.N.",Burdekin; Brisbane,,,"Letter from Commandant Morisset of the Native Mounted Police, at Rockhampton, to the Colonial Secretary ",1860/2198,p.71-72,20 November 1860,,COL/A9; SRS5253/1/9,
ITM846738,"JAMES, G.W; BOWEN, Sir George; MORISSET, E.N.",Rockhampton,,,"Letter from Commandant Morisset of the Native Mounted Police, at Rockhampton, to the Colonial Secretary ",1860/2199,p.74-75,29 November 1860,,COL/A9; SRS5253/1/9,
ITM846738,"MORISSET, E.N. ; CASE, William;",Rockhampton,,,"Letter from Commandant Morisset of the Native Mounted Police, at Rockhampton, to the Colonial Secretary ",1860/2201,p.77-78,24 November 1860,,COL/A9; SRS5253/1/9,
ITM846738,,,,,Letter from Visiting Justice to the Colonial Secretary ,1860/2233,p.119-121,30 November 1860,,COL/A9; SRS5253/1/9,
ITM846738,"ROLLESTON, Mr; MORISSET; ",Albinia Downs; Rockhampton; Comet; Mr Rolleston's Station,,,Correspondence from Edric Morisset the Commandant of the Native Police to the Colonial Secretary ,1860/2330,p.26,29 November 1860,,COL/A9; SRS5253/1/9,
ITM846738,"ROLLESTON, Mr Christopher; MORISSET; ",Albinia Downs; Rockhampton; Comet,,,Letter from Commandant to Colonial Secretary ,"1860/2222

in Top Number 1860/2330",p.27-28,23 November 1860,,COL/A9; SRS5253/1/9,
ITM846738,"PATRICK, Lt; WALKER, Lt;",Albinia Downs,,,"Letter from Commandant Morisset of the Native Mounted Police, at Rockhampton, to the Colonial Secretary ",1860/2331,p.193-194,29 November 1860,,COL/A9; SRS5253/1/9,
ITM846738,"BOWEN, George Ferguson; BLIGH, John O'Connel; 83 signatures of residents;",Wide Bay; Maryborough; Rockhampton; ,,,"Letter from the inhabitants of the Wide Bay district and the town of Maryborough to the Colonial Secretary 
Petition from the inhabitants about the removal of John Bligh Native Police to Rockhampton",1860/2336,p.34-35,29 November 1860,,COL/A9; SRS5253/1/9,
ITM846738,,,,,"Letter from the Commissioner of Crown Lands, Maryborough, to the Colonial Secretary ",1860/2051,p.115-116,30 September 1860,,COL/A9; SRS5253/1/9,
ITM846739,"MORISSET, E.N.;",Bunya Creek; Maranoa,,,Letter from E Morriset to the Colonial Secretary ,1860/2462,p.47-55,13 January 1860,,COL/A9; SRS5253/1/10,
ITM846741,"MANNING, Mr; HOOD, J.N.",Teresa Creek; Peak Downs; ,,,"Letter from JD Hood at the Australian Club, Sydney to Colonial Secretary ",1860/2288,p.211-212,11 December 1860,,COL/A9; SRS5253/1/11,
ITM846741,"DALRYMPLE, E; ",Kennedy District; Port Denison; Gloster Island; Gloucester Island,,,Letter from the Commissioner of Crown Lands (Dalrymple) to the Colonial Secretary ,1861/121,p.50-53,9 January 1861,,COL/A9; SRS5253/1/12,
ITM846741,,,,,"Letter from Commandant Morisset of the Native Mounted Police, at Rockhampton, to the Colonial Secretary ",1861/161,p.162-166,19 January 1861,,COL/A9; SRS5253/1/12,
ITM846741,,,,,Letter from John Blake at Brisbane to the Colonial Secretary ,1861/248,p.369,1 February 1861,,COL/A9; SRS5253/1/12,
ITM846741,"MORISSET, E.N.; HOOD, J.D.",Peak Downs; Teresa Creek,,,"Letter from Commandant Morisset of the Native Mounted Police, at Rockhampton, to the Colonial Secretary ",1861/65,p.209-210,28 December 1860,,COL/A9; SRS5253/1/12,
ITM846741,"BRIGGS, Fanny; Trooper Toby (Aboriginal man); Trooper Alma (Aboriginal man)",Rockhampton;,,,"Letter from Commandant Morisset of the Native Mounted Police, at Rockhampton, to the Colonial Secretary ",1861/84,p.252-253,7 January 1861,,COL/A9; SRS5253/1/12,
ITM846741,,Maranoa; Port Denison,,,"Letter from George Dalrymple, Commissioner for Crown Lands, to the Colonial Secretary ",1861/163,p.171-172,20 January 1861,,COL/A9; SRS5253/1/12,
ITM846741,,,,,"Letter from the Commandant of the Native Police, Commander Morisset, at Rockhampton to the Colonial Secretary ",1861/85,p.273-274,7 January 1861,,COL/A9; SRS5253/1/12,
ITM846741,"BRIGGS, Fanny;",Rockhampton; ,,,"Letter from the Commandant of the Native Police, Commander Morisset, at Rockhampton to the Colonial Secretary ",1861/86,p.276-278,28 December 1860,,COL/A9; SRS5253/1/12,
ITM846741,,,,,"Letter from the Commandant of the Native Police, Commander Morisset, at Rockhampton to the Colonial Secretary ",1861/85,p.273-274,7 January 1861,,COL/A9; SRS5253/1/12,
ITM846742,"BLIGH, Lt; MURRAY, Lt; WALKER, Lt; PATRICK, 2nd Lt; WHEELER, 2nd Lt; ",Rockhampton; Wide Bay; Fitzroy River; Darling; Burdekin; Maranoa; Dawson River; Comet; Albinia Downs; Logan; Leichardt District,,,Letter from Commandant Morisset at Rockhampton to the Colonial Secretary ,1861/282,p.100-105,15 January 1861,,COL/A9; SRS5253/1/13,https://www.archivessearch.qld.gov.au/items/ITM846742
ITM846742,MORISSET,Rockhampton,,,"Letter from Commandant Morisset of the Native Mounted Police, at Rockhampton, to the Colonial Secretary ",1861/447,p.247,25 February 1861,,COL/A9; SRS5253/1/13,https://www.archivessearch.qld.gov.au/items/ITM846742
ITM846743,HALLORAN,Wide Bay; Burnett district,,,Letter from the Chief Commissioner for Crown Lands to the Colonial Secretary re: payment of troopers in Wide Bay and Burnett districts,1861/603,298-299,12 March 1861,,,
ITM846743,POWELL; DALRYMPLE; WILLIAMS; MORISSET,Burdekin; Port Denison; Gamba; Rockhampton,,,Letter from the Commandant of the Native Police the Colonial Secretary re: correspondence between Commissioner of Crown Lands for the Kennedy and Lieut Powel Native Mounted Police,1861/629,74-82,11 March 1861,,,
ITM846743,"WILLIAMS; PITTS, Charles; DALRYMPLE, George",Fitzroy River; Port Denison; Kennedy district,,,Letter from Police Magistrate at Port Denison to the Colonial Secretary re: inspection of force in Kennedy district,1861/660,72-73,28 February 1861,,,
ITM846743,BLIGH,,,,Letter from Lieutenant John O’Connell Bligh at Rockhampton Native Police Headquarters to the Colonial Secretary re: forms,1861/666,96,27 February 1861,,,
ITM846743,"CHALLINOR; WHEELER, Frederick; THORNE, George",Mt Flinders; Dugundaro; Fassifern; Normanby,,,Letter from Attorney General to Colonial Scretary re: actions of Native Police at Fassifern resulting of deaths of Aboriginal people,1861/712,226-230,28 Dec 1860,December 1860,,
ITM846743,"WHEELER, Frederick; HARDIE; COLLINS; CAMPIGUE; HENDERSON",Albert River; Christmas Creek; Fassifern; Dugundara; Peak Mt; Mt Lindsay; McPhersons Range,,,Letter from Wheeler at Sandgate to the Colonial Secretary re: account of his patrols in December 1860 leading up to the dispersal of Aboriginal people near Fassifern,"1861/712 

is actually 1860/3",224-225,1 January 1861,December 1860,,
ITM846744,MORTIMER; MURRAY; MORISSET,Manumbar Station,,,Letter from Commandant of Native Police to the Colonial Secretary re: Bunya Bunya shooting,1861/745,215-216,25 March 1861,February 1861,,
ITM846744,BLIGH; MORISSET,,,,Letter from Edric Morisset the Commandant of the Native Police at Rockhampton to the Colonial Secretary re: leave of absence,1861/765,30-31,25 March 1861,,,
ITM846744,"MORISSET; GENATAS; CAVE, William",,,,Letter from Edric Morisset the Commandant of the Native Police at Rockhampton to the Colonial Secretary re: staffing,1861/801,158-159,14 March 1861,,,
ITM846744,"BLIGH; MURRAY; SHERIDAN; BLAKENEY; MORISSET; WALKER; DALRYMPLE; WHEELER, Frederick",Wide Bay; Maryborough; Bunya [Mountains ?]; Maranoa; Fort Burke; Darling [River ?]; Sandgate; Burdekin; Albinia Downs; Apis Creek,,,Letter from Edric Morisset the Commandant of the Native Police at Rockhampton to the Colonial Secretary re: report on activity of each native police division,1861/805,175-182,12 March 1861,,,
ITM846744,KENT,Maryborough,,,Letter from the Police Magistrate at Maryborough (John Kent) to the Colonial Secretary re: distribution of blankets,1861/852,322-323,11 April 1861,,,
ITM846744,"MURRAY, George; MORISSET",,,,Letter from Edric Morisset the Commandant of the Native Police at Rockhampton to the Colonial Secretary re: leave of absence,1861/853,325-326,12 April 1861,,,
ITM846744,,Warwick,,,Letter from Police Magistrate at Warwick to the Colonial Secretary re: distribution of blankets for Queen's Birthday,1861/877,15-17,16 April 1861,,,
ITM846744,"BLIGH; CARR; MURRAY; MORISSET; MATVEIEFF (?); BLAKENEY; PATRICK; DUTTON; WALKER; GENATAS; GRAY; BAKER; ALKER (?); KENNEDY; SPENCER; Dick; CROW, Jim; Adam; Roderick; Frauconi (?)",Wide Bay; Rockhampton; Apis Creek; Logan; Bohenia Station; Bohenia Downs; Upper Dawson; Maranoa,,,Letter from the Commandant of the Native Police (Morisset) to the Colonial Secretary re: reports from Lt Bligh and Lt Carr,1861/880,33-38,16 April 1861,,,
ITM846744,WHEELER; MACDONALD,n/a,n/a,,Letter from the Commandant of the Native Police (Morisset) at Rockhampton to the Colonial Secretary re: horse,1861/883,40,17 April 1861,n/a,,
ITM846744,"GILES Jnr; SWANSON; MORISSET; MORTIMER; BRIGGS, Fanny",Bunya Bunya; Widgee Widgee Station; Yabber Station,,,Letter from Mr Mortimer to Colonial Secretary re: description of events associated with shooting of Aboriginal people near his property by native police,1861/908,212-214,3 April 1861,10-12 February 1861,,
ITM846745,,,,,Letter to the Colonial Secretary from the Police Magistrate Brisbane,1861/1003,p.9-11,5 May 1861,,COL/A15; SRS5253/1/16,
ITM846745,,,,,Report from PM at Port Denison (Dalrymple) to Colonial Secretary ,1861/1157,p.76-78,6 April 1861,,COL/A15; SRS5253/1/16,
ITM846746,,,,,Letter from Dalrymple at Port Denison to Colonial Secretary ,1861/1261,p.28-32,24 April 1861,,COL/A15; SRS5253/1/17,
ITM846746,"POWELL; LT; MCDONALD, Captain; WILLIAMS, Lt; ",Abbott Bay; Brisbane; Yaamba; Fitzroy River,,,Letter from the Commissioner for Crown Lands (Dalrymple) at Port Denison (Bowen) to the Colonial Secretary ,1861/1262,p.34-36,28 April 1861,26 March 1861,COL/A15; SRS5253/1/17,
ITM846746,,,,,Letter from George Leicester at Brisbane to the Colonial Secretary ,1861/1312,p.186-187,7 June 1861,,COL/A15; SRS5253/1/17,
ITM846746,,Port Curtis; Nogoa River,,,Letter from Crown Lands Commissioner at Leichhardt District to the Colonial Secretary ,1861/1343,p.249-250,5 June 1861,,COL/A15; SRS5253/1/17,
ITM846746,"KENT, John",,,,"Letter from John Kent, Police Magistrate at Maryborough, to the Colonial Secretary ",1861/1357,p.277-278,5 June 1861,,COL/A15; SRS5253/1/17,
ITM846746,,,,,Letter from Captain [Battye?] at Bathurst New South Wales to the Colonial Secretary ,1861/1364,p.282-283,11 June 1861,,COL/A15; SRS5253/1/17,
ITM846746,,,,,Letter to the Colonial Secretary ,1861/1406,p.4-7,26 April 1861,,COL/A15; SRS5253/1/17,
ITM846746,"WHEELER, Frederick",Pine Rivers; Caboolture,,,Letter from Lt Frederick Wheeler to the Colonial Secretary ,1861/1414,p.23,15 June 1861,,COL/A15; SRS5253/1/17,
ITM846746,,,,,Letter from John Watts to the Colonial Secretary ,1861/1449,p.105,24 May 1861,,COL/A15; SRS5253/1/17,
ITM846746,,,,,Letter from the Commandant of the Native Police (Morisset) to the Colonial Secretary ,1861/1477,p.320-321,12 June 1861,,COL/A15; SRS5253/1/17,
ITM846746,,,,,Letter from the Commandant of the Native Police (Morriset) to the Colonial Secretary ,1861/1478,p.323-324,18 June 1861,,COL/A15; SRS5253/1/17,
ITM846746,"MURRAY, 2nd Lt; DUTTON, Mr; PATRICK, 2nd Lt; PHIBBS, 2nd Lt;  DAVIE, Trooper (Aboriginal man); Geuata ?, 2nd Lt; KELLY, Sgt; MORISSET, 2nd Lt; RUDOLPH, Trooper (Aboriginal man); MARMADUKE, Trooper; GREGORY, Trooper (Aboriginal man) (Aboriginal man); ORLANDO, Trooper (Aboriginal man); BLAKENEY, 2nd Lt; HECTOR, Trooper (Aboriginal man); JIM CROW, Trooper (Aboriginal man); RODERICK, Trooper (Aboriginal man); ",Albinia Downs; Moreton Bay district; Robinson River; Ballomie; Lake Victoria; Comet; Brisbane; Gracemere; Peak Downs; Nogoa Downs; Comet River; Upper Dawson; Bauhinia Downs ?,,,Letter from the Commandant of the Native Police (Morisset) to the Colonial Secretary ,1861/1492,p.343-359,12 June 1861,,COL/A15; SRS5253/1/17,
ITM846747,WALKER,Maranoa River; Ballonne,n/a,,Letter from Inspector General of Police to Colonial Secretary re: need for additional patrols at Maranoa River,1860/836,p.69-72,28 May 1860,n/a,,
ITM846747,WALKER; MORISSET,Maranoa; Condamine; Dawson; Ballonee; Bungil Creek; Mt Abundance,n/a,,Letter from Inspector General of Police to Under Secretary re: need for additional patrols at Maranoa River,1860/878,p.67-68,6 June 1860,,,
ITM846747,"BAKER; BOLES, James",,n/a,,Letter from James Boles to Colonial Secretary re: his dismissal from Native Police,1861/11344,p.345-349,3 June 1861,,,
ITM846747,"FERRETT, John; HIPPI, Tommy [Aboriginal trooper]",Sandgate; [indecipherable] Station,,,Letter from John Ferrett to Colonial Secretary re: requesting discharge of Aboriginal Trooper Tommy Hippi,1861/1469,p.256-257,24 June 1861,,,
ITM846747,MATVEIEFF; MORISSET,,n/a,,Letter from Commandant (Morisset) to Colonial Secretary re: resignation of Lt Matveieff,1861/1521,p.59-61,13 June 1861,,,
ITM846747,DALRYMPLE; MORISSET,Kennedy district; Port Denison,Kennedy Disctrict,,"Letter from Commandant (Morisset) to Colonial Secretary 
re: Native Police at Port Denison be placed under the direction of the Commisioner of Crown Lands",1861/1523,p.108-109,12 June 1861,,,
ITM846747,WALKER; MORISSET,Maranoa River; Ballonne,n/a,,Letters from the Commandant of the Native Police (Morisset) and Lieutenant Walker to the Colonial Secretary re: need for additional patrols at Maranoa River,1861/1524,p.63-66,13 June 1861,,,
ITM846747,"DALRYMPLE; McDERMOTT; GORDON, James",Port Denison,n/a,,Letter from George Dalrymple at Port Denison to Colonial Secretary re: customs house for Port Denison,1861/1528,p.111-116,27 June 1861,n/a,,
ITM846747,DALRYMPLE,Port Denison,n/a,,Letter from Dalrymple to the Colonial Secretary re: payment of Aboriginal workers at Port Denison,1861/1543,p.164-166,19 June 1861,n/a,,
ITM846747,BLIGH; MORISSET,n/a,n/a,,Letter from John O’Connell Bligh at Brisbane to the Colonial Secretary re: request to replace Morisset as commandant of Native Police upon his retirment,1861/1605,p.317,6 July 1861,n/a,,
ITM846747,"BOLES, James; BAKER; BLIGH; MORISSET; HOOD, Robin [Aboriginal trooper]",n/a,n/a,,Letter from the Commandant of the Native Police to the Colonial Secretary re: dismissal of Lt James Boles from Native Police for drunkeness,1861/1620,p.341-344,5 July 1861,n/a,,
ITM846747,"FLOOD, JONES; GORDON; OGG (?); [+ 11 undechipherable signatures]",Maranoa River,n/a,,Letter from settlers near Maranoa River to Colonial Secretary & Letter from R Jones at Sydney to the Colonial Secretary re: establishment of police station on Maranoa River,1861/1690,p.187-190,11 July 1861,n/a,,
ITM846747,"WHEELER, Frederick; FERRETT, John; HIPPI, Tommy [Aboriginal trooper]",Maranoa; Condamine,,,Letter from Lt Wheeler at Sandgate to the Colonial Secretary re: discharge of Aboriginal trooper Tommy Hippi,1861/1712,p.254-255,16 July 1861,n/a,,
ITM846747,"WHEELER, Frederick",Sandgate; Richmond River; Clarence River; Mt Flinders; Dugandan,,,Letter from Lieutenant Frederick Wheeler at Sandgate to the Colonial Secretary re: conflict between different Aboriginal groups,1861/1713,p.259-260,16 July 1861,n/a,,
ITM846747,BLIGH; MORISSET,n/a,n/a,,Letter from Commandant Bligh at Rockhampton to the Colonial Secretary re: appointment of Bligh as Acting Commnadant of Native Police,1861/1714,p.262,15 July 1861,n/a,,
ITM846747,BLIGH; CARR,n/a,n/a,,Letter from the Acting Commandant of the Native Police (Bligh) to the Colonial Secretary re: request for leave of absence for Lt Carr,1861/1719,p.266,16 July 1861,n/a,,
ITM846747,"BLIGH, John O'Connel, lieut Native Polcie; DALRYMPLE, G.E., Commissioner Crown Lands; ",Rockhampton; Kennedy;,,,Letter from Lt Bligh to George Dalrymple ,Top No: 1861/1527,p.88,22 February 1861,,,
ITM846748,"McDOWELL, John; MORIARTY; WALKER",n/a,n/a,,Letter from John McDonnell the Secretary of the Native Police to the Colonial Secretary re: explanation of conduct as Secretary of Police in relation to Inquiry into Native Police,1861/1830,p.150-157,3 August 1861,n/a,,
ITM846748,BLIGH; MORISSET,n/a,n/a,,Letter from the Acting Commandant of the Native Police (Bligh) at Rockhampton to the Colonial Secretary re: clerical assistance,1861/1850,p.219-220,19 July 1861,n/a,,
ITM846748,"EVERETT; WILLIAMS, Spencer; MURRAY; CAVE, William; BLIGH",,,,Letter from the Acting Commandant of the Native Police at Rockhampton to the Colonial Secretary re: staffing,1861/1875,p.301-302,18 July 1861,,,
ITM846748,BLIGH,,,,Letter from the Acting Commandant of the Native Police (Bligh) at Rockhampton to the Colonial Secretary re: rules for the guidance of officers,1861/1883,p.2,27 July 1861,,,
ITM846748,GREGSON; PATRICK; CAVE; MURRAY; BLIGH,Comet River; Upper Dawson,,,"Letter from Acting Commandant at Rockhampton to the Colonial Secretary re: collision at Gregson's station, Comet River",1861/1889,p.24-25,31 July 1861,14 July 1861,,
ITM846748,LANDSBOROUGH,Gulf of Carpentaria,,,Letter from the Surveyor General at Brisbane to the Colonial Secretary re: request for Native Police to join Landsborough's expedition to Gulf of Carpentaria,1861/1946,p.236,14 August 1861,,,
ITM846748,"CARVASSO, Chas",,,,Letter from Justice Chas Carvasso at Gladstone to the Colonial Secretary re: educating Aboriginal people,1861/1986,p.310-312,13 August 1861,,,
ITM846748,"WHEELER, Frederick, Lieut. N. Police; GRIFFIN, Chief Constable; HERBERT, G.W.;",Sandgate; Cleveland;,,,Letter from Wheeler to the Colonial Secretary ,"1861/2922

Top No. 1861/2974",p.231-233,26 November 1861,,,
ITM846749,,,,,Letter to Colonial Secretary from PM at Drayton re. Doctor Armstrong's attendance on two Aboriginals,"1861/2045

1861/1204",p.58-59,19 August 1861,,,
ITM846749,,,,,Letter from the Commandant of the Native Police (Bligh) at Rockhampton to the Colonial Secretary ,1861/2065,p.85-87,13 August 1861,,COL/A19; SRS5253/1/20,
ITM846749,,,,,Letter from the Surveyor General to the Colonial Secretary ,1861/2172,p.117-120,5 September 1861,,COL/A19; SRS5253/1/20,
ITM846749,,,,,Letter from Lieutenant Frederick Wheeler at Sandgate to the Colonial Secretary ,1861/2185,p.146,10 September 1861,,COL/A19; SRS5253/1/20,
ITM846749,,,,,Letter to the Colonial Secretary ,1861/2226,p.233,26 August 1861,,COL/A19; SRS5253/1/20,
ITM846750,"POWELL, Lt; ",,,,Letter from the Commissioner for Crown Lands (Dalrymple) at Port Denison (Bowen) to the Colonial Secretary ,1861/2365,p.76-77,9 September 1861,,COL/A19; SRS5253/1/21,
ITM846750,"WHEELER, Frederick;",Sandgate; ,,,Letter from Lieutenant Frederick Wheeler of the Native Police to the Colonial Secretary ,1861/2414,p.74-75,4 October 1861,,COL/A19; SRS5253/1/21,
ITM846751,,Cabulture; Caboolture,,,"Letter from Cabulture Cotton Co, Brisbane, to the Colonial Secretary ",1861/2505,p.49-50,10 October 1861,,COL/A21; SRS5253/1/22,
ITM846751,,,,,Letter to the Colonial Secretary ,1861/2520,p.70,27 September 1861,,COL/A21; SRS5253/1/22,
ITM846751,"PATRICK, Lt; DUTTON, C B",Bauhinia Downs,,,Letter from C B Dutton to the Colonial Secretary ,1861/2545,p.176-178,10 September 1861,,COL/A21; SRS5253/1/22,
ITM846751,BRANDY (Aboriginal man); HIPPY (Aboriginal man); JIMMY BILLIONS (Aboriginal man);,Fassifern,,,Letter from Mr Hardie forwarded by the Police Magistrate to the Colonial Secretary,1861/2562,p.43-44,11 October 1861,,COL/A21; SRS5253/1/22,
ITM846751,,Cabulture Plantation; Wide Bay; Bribie Island; Sandgate; Petrie; Breakfast Creek,,,Letter from Lieutenant Frederick Wheeler to the Colonial Secretary ,1861/2564,p.47-48,14 October 1861,,COL/A21; SRS5253/1/22,
ITM846751,,,,,Letter from Sheriff to the Colonial Secretary,1861/2572,p.61,12 October 1861,,COL/A21; SRS5253/1/22,
ITM846751,"GEORGE (Aboriginal man); BALFI?, Mr;",Fassifern,,Contains details regarding Rape,Letter from the Police O?ce at Ipswich to the Colonial Secretary ,1861/2606,p.126,12 October 1861,,COL/A21; SRS5253/1/22,
ITM846751,,Cabulture Cotton Plantation; Sandate; ,,,Letter from Lieutenant Frederick Wheeler to the Colonial Secretary ,1861/2621,p.172,18 October 1861,,COL/A21; SRS5253/1/22,
ITM846751,"GEORGE (Aboriginal man); BALFI? / BALBE, Mr; BRANDY (Aboriginal man)",Fassifern,,,Letter from PM at Ipswich to the Colonial Secretary ,1861/2688,p.2-3,24 October 1861,,COL/A21; SRS5253/1/22,
ITM846751,"RYAN, Bridget; CHALLINOR, Dr; CHAMBERS, Judge; GEORGE ? / GEORGIE (Aboriginal man); BLAKENEY, Mr; CRIBB, Mr; RYAN, Thomas; PEACOCK, Colin",,,"Contains details regarding Rape and the 
Death penalty",Letter from Judge Lutwyche to the Colonial Secretary ,1861/2727,p.103-115,22 November 1861,11/10/1861,COL/A21; SRS5253/1/22,
ITM846752,"FITZGERALD, Robert; BECKETT; DANGAR; LOCKYER, Constable; KINNANE, Constable;",No. 10 Camp Balonne River; Boomba Station; Moonie River; Condamine Township,,,Letter to the Colonial Secretary from Mr Charters ?,1861/2843,p.216-221,4 November 1861,,,
ITM846752,,,,,Letter from Lt John Murray to the Colonial Secretary ,1861/2876,p.301,10 November 1861,,,
ITM846752,,,,,"Letter from N.L. Zillman at Mission for Aborigines (German Hill, Brisbane) to the Colonial Secretary re: proposed cotton plantation",1861/2937,p.143-145,22 November 1861,,,
ITM846752,GEORGY (Aboriginal man),Sheriff's Office Brisbane,,Contains details regarding Rape,Letter from Sheri? to the Colonial Secretary re: execution of Georgy,1861/2964,p.208,28 November 1861,,,
ITM846752,"KING PETER (Aboriginal man); ROBERT (Aboriginal man);  LEICHARDT; WALKER, Fred; HADLEY; WHITE;",Denham Range,MOB on/ near Denham Range,,Letter from JK Wilson at Mount Abundance (Roma) to the Colonial Secretary re: fate of Leichardt and his party,1861/2959,p.196-198,21 November 1861,,,
ITM846752,POWELL; FITZALLAN; BYRNLEY (?),Shaw Island; Port Denison; Whitsunday Island,,,"Letter from civilian Mr [indechipherable, but possibly Byrnley] to Colonial Secretary re: murder of 2 men near Port Denison",1861/2407,p.87-88,23 September 1861,27 August 1861,,
ITM846752,"WALKER, Frederick",Albert River; Logan River; Serious (?) Brook,n/a,,Letter from Lieutenant Frederick Wheeler to the Colonial Secretary re: report,1861/2783,p.67,11 November 1861,n/a,,
ITM846752,"MURRAY; CAVE; PATRICK; WILLS, Horatio",Albinia Downs; [Cullin-la-Ringo],,,Letter from Lieutenant Patrick at Rockhampton to the Colonial Secretary re: massacre of Mr Wills,1861/2790,p.90-91,30 October 1861,,,
ITM846752,CHARTERS; PATRICK; ROSS,Maranoa; Balonne River; Boonbah (?) Station; Grace Station; Moonie River; Barwine (?) River,n/a,,Letter to the Colonial Secretary from Lt Patrick of Native Police re: report of patrols,1861/2842,p.213-214,4 November 1861,n/a,,
ITM846752,"WILLS, Horatio; PATRICK; HAY",Yaamba (?); Rockhampton,n/a,,Letter from the Police Magistrate in Rockhampton to the Colonial Secretary re: dispersal in Rockhampton,1861/2898,p.61-62,16 November 1861,n/a,,
ITM846752,"WHEELER, Frederick; Georgie [Aboriginal prisoner]; WICKHAM; BRIGGS, Fanny; Dick [Aboriginal prisoner]; Chamery (?) [Aboriginal prisoner]; GORDON; BROWNE",Rockhampton; Sandgate,n/a,,"Letter from Lieutenant Frederick Wheeler at Sandgate to the Colonial Secretary re: attendance of Native Police at execution of Aboriginal man, Georgie",1861/2921,p.112-113,26 November 1861,n/a,,
ITM846752,"WHEELER, Frederick",Cleveland,,,Letter from Lieutenant Frederick Wheeler to the Colonial Secretary re: dispersal at Cleveland,1861/2922,p.231,26 November 1861,November/December 1861,,
ITM846752,"WILS, Horatio; CLARK",Maut…[indechiperable] Downs; Nogoa River,n/a,,Letter from Clark and Company to the Colonial Secretary re: request for protection on at new settlement,1861/2960,p.200-201,22 November 1861,n/a,,
ITM846753,GEORGEY (GEORGY) (Aboriginal man),Brisbane,,,Execution of George (Aboriginal) ,1861/3021,p.78,5 December 1861,5 December 1861,COL/A22; SRS5253/1/23,
ITM846753,,,,,Letter from Lieutenant Frederick Wheeler at Sandgate to the Colonial Secretary ,1861/3032,p.106,5 December 1861,,COL/A22; SRS5253/1/23,
ITM846753,,,,,Letter from Lieutenant John Murray from Coopers Plains (Maryborough) to the Colonial Secretary ,1861/3035,p.110,27 November 1861,,COL/A22; SRS5253/1/23,
ITM846753,,,,,Letter from the Commandant of the Native Police (Bligh) at Rockhampton to the Colonial Secretary ,1861/3049,p.130,2 December 1861,,COL/A22; SRS5253/1/23,
ITM846753,"MURRAY, John;  BLAKENEY; RIDLER; CARLS (CARLO?); BALANTYNE (?); EDWARD; MAXWELL; MOWBRAY; SAM; WABRICAN.",Coopers Plains; Maryborough; Nogoa; Will's Station; Gayndah; Reid's Station; Gamboon; Dawson; Albina; Peak Downs; Burnett River.,,,Letter to the Colonial Secretary from Lieutenant John Murray. Second letter sent from Murray to Lieutenant Blakeney. Third letter from Blakeney to Murray.,1861/3051,p.132-137,20 November 1861,,COL/A22; SRS5253/1/23,
ITM846753,MURRAY; COOK.,Maryborough; Burnett River.,,,Letter from the Police Magistrate at Maryborough to the Colonial Secretary ,1861/3054,p.183-185,4 December 1861,,COL/A22; SRS5253/1/23,
ITM846753,"MANNING, A; GILES, W; MINNIE MINNIE (Aboriginal woman); ELLIOT, James (Aboriginal man).",Maryborough; Sydney; Paramatta; Manumbar.,Nidjee-Nidjee,,Letter to the Colonial Secretary A. W. Manning from W. C. Giles,1861/3059,p.187-188,xx December 1861,16 November 1861,COL/A22; SRS5253/1/23,
ITM846753,,Goondiwindi; Brisbane; Callandoon.,,,"Letter from Senior Magistrate, Police Office at Goondiwindi to the Colonial Secretary, Brisbane",1861/3161,p.117-119,10 December 1861,10 December 1861,COL/A22; SRS5253/1/23,
ITM846753,"DALRYMPLE, G; HUMPHRIES (HUMPHREYS); WILLIAMS; PERCY; CLARENCE; JOHNNY; GORDON, J; POWELL, W.",Port Denison; Bowen,,,Letter from the Crown Lands Commissioner (Dalrymple) at Port Denison (Bowen) to the Colonial Secretary ,1861/3175,p.145-158,6 December 1861,6 December 1861,COL/A22; SRS5253/1/23,
ITM846753,"CALDWELL, Robert; FIFE; MCKENZIE; MCDONALD; RIDDLE.",Rockhampton,,,Letter from Robert Caldwell to Commandant (forwarded to the Colonial Secretary) ,1861/3205,p.55-56,7 December 1861,,COL/A22; SRS5253/1/23,
ITM846753,,,,,"Letter from Bligh, Commandant NM Police to the Colonial Secretary ",1861/3206,p.58-59,12 December 1861,,COL/A22; SRS5253/1/23,
ITM846753,,,,,Letter from Commandant Bligh at Rockhampton to Colonial Secretary ,1861/3223,p.96-97,16 December 1861,,COL/A22; SRS5253/1/23,
ITM846753,,,,,Letter from the Crown Lands Commissioner (Dalrymple) at Port Denison to Commandant (Bligh) at Rockhampton ,1861/3224,p.94-95,7 December 1861,,COL/A22; SRS5253/1/23,
ITM846753,,,,,Letter from the Commandant of the Native Police (Bligh) to the Colonial Secretary ,1861/3265,p.159-160,12 December 1861,,COL/A22; SRS5253/1/23,
ITM846753,"MURRAY, G; PATRICK; ALLAN; JOHNSON; JARDINE; COSTELLO; GREY, Fanney (?); PHIBBS; ALLBYE; BILLANBE (?)",Rockhampton; Upper Dawson; Pearl Downs,,,"Letter from GPM Murray at Rockhampton to Commandant, NM Police",1861/3266,p.167-168,1 December 1861,1 December 1861,COL/A22; SRS5253/1/23,
ITM846753,"MARLOW, John; CARR; NIALL.",Maranoa River; Bungill Rest; Euleutha,,,"Letter from Lt John Marlow at the Maranoa River Native Police camp to Lt Carr at Euleutha, Bungill Rest ",1861/3266,p.170-171,22 October 1861,22 October 1861,COL/A22; SRS5253/1/23,
ITM846753,"CARR, J; MARLOW.",Maranoa River; Rockhampton; Euleutha.,,,"Letter from Lt Carr at Euleutha camp to Commandant, Rockhampton",1861/3266,p.169,30 October 1861,30 October 1861,COL/A22; SRS5253/1/23,
ITM846753,BLAKENEY; BLIGH; CARR; MOOREHEAD; MARLOW.,Rockhampton; Gayndah; Bugil Creek; Maranoa River; Nogoa; Comet River; Peak Downs; Burnett District; Port Curtis; Collaroy; Lower Dawson; Upper Dawson; Mimosa Creek; Mackenzie River.,,,Letter from Commandant Bligh to Colonial Secretary ,1861/3266,p.164-166,6 December 1861,6 December 1861,COL/A22; SRS5253/1/23,
"ITM846741

ITM846754",,,,,"Letter from Dowzer Purser (?), Maryborough Police Office to The Honorable The Colonial Secretary, Brisbane",1861/69,p.214-218,9 January 1861,,,
ITM846754,,,,,"Letter from Arthur McArthur to The Honorable The Colonial Secretary, Brisbane",1862/12,p.30,20 December 1861,,COL/A24; SRS5253/1/25,
ITM846754,,,,,"Letter from Bligh, Commandant NM Police, Rockhampton to The Honorable The Colonial Secretary, Brisbane. ",1862/142,p.134,5 January 1862,,COL/A24; SRS5253/1/25,
ITM846754,"WHEELER, Frederick; MANNING, A.",Sandgate; Brisbane; Tweed; Beaudesert; Logan; Wivenhoe,,,"Letter from Lieutenant Frederick Wheeler at Sandgate to the Colonial Secretary, Brisbane",1862/144,p.138,16 January 1862,16 January 1862,COL/A24; SRS5253/1/25,
ITM846754,,,,,"Letter from Rob Jno Everett to the Colonial Secretary, Brisbane",1862/15,p.39-41,30 December 1861,,COL/A24; SRS5253/1/25,
ITM846754,,,,,"Letter from the Mayor (Rockhampton) to the Colonial Secretary, Brisbane","1862/30, copied & scanned",p.68,30 December 1861,,COL/A24; SRS5253/1/25,
ITM846754,BLIGH; MURRAY.,Rockhampton; Brisbane.,,,"Letter from Commandant Native Mounted Police (Bligh) at Rockhampton to Colonial Secretary, Brisbane",1862/31,p.94,30 December 1861,,COL/A24; SRS5253/1/25,
ITM846754,,,,,"Letter from Commandant Bligh Native Mounted Police Rockhampton to the Colonial Secretary, Brisbane",1862/32,p.96,30 December 1861,,COL/A24; SRS5253/1/25,
ITM846754,,,,,"Letter from Commandant (Bligh) Native Mounted Police Rockhampton to the Colonial Secretary, Brisbane",1862/33,p.105,30 December 1861,,COL/A24; SRS5253/1/25,
ITM846754,"SANDEMAN, Alfred.",Sydney; Brisbane; Port Curtis; Rockhampton.,,,"Letter from Alfred Sandeman at Sydney to the Colonial Secretary, Brisbane",1862/63,p.62-65,30 December 1861,,COL/A24; SRS5253/1/25,
ITM846754,"DUTTON; STEELE, W; MOOREHEAD; PRING.",Brisbane; Fairfield.,,,"Letter from Attorney General Pring to Colonial Secretary, Brisbane.",1862/69,p.94-96,8 January 1862,,COL/A24; SRS5253/1/25,
ITM846754,BLIGH,Princhester; Brisbane; Rockhampton; Broad Sound; Collaroy.,,,"Report from Commandant (Bligh) at Rockhampton to the Colonial Secretary, Brisbane",1862/143,p.136,5 January 1862,,COL/A24; SRS5253/1/25,
ITM846754,"MURRAY, Second Lieutenant; CAVE; PATRICK, 2nd Lieut.; MORISSET, 2nd Lieut; PHIBBS, 2nd Lieut; WALKER; ?MA???; WHEELER, 2nd Lieut; BLIGH, J.M., Acting Commander Native Mounted Policeolice;",Rockhampton; Brisbane; Upper Dawson; Broad Sound; Collaroy; Peak Downs; Comet; Maranoa; ,,,Report from Acting Commandant Bligh at Rockhampton to the Colonial Secretary ,"1862/1978

Top number 62/33",p.106-108,10 August 1861,,COL/A24; SRS5253/1/25,
ITM846755,,,,,,1862/155,p.6,13 January 1862,,,
ITM846755,,,,,Letter from Thomas Westby at Ipswich to the Colonial Secretary re: staffing,1862/178,p.72,16 January 1862,,,
ITM846755,,,,,,1862/263,p.260,20 January 1862,,,
ITM846755,,,,,Letter from Lieutenant John Murray at Maryborough to the Colonial Secretary re: resignation,1862/295,p.50-51,28 January 1862,,,
ITM846755,,,,,Letter from Commandant Bligh at Rockhampton to the Colonial Secretary re: staffing,1862/308,p.73,25 January 1862,,,
ITM846755,,,,,Letter from Commandant Bligh at Rockhampton to the Colonial Secretary re: staffing,1862/310,p.75,27 January 1862,,,
ITM846755,"WHEELER, Frederick; [the following are Aboriginal men] Johnny Think-a-hed; Billy Bow Bow; Swimg Johnny; Kipper Billy",England's Creek; Sandgate; Cabbage Tree Creek,,,Letter from Second Lieutenant Frederick Wheeler at Sandgate to the Colonial Secretary ,1862/317,p.86-88,1 February 1862,n/a,,
ITM846756,,,,,,1862/518,p.56-58,10 February 1862,,,
ITM846756,,,,,,1862/574,p.29-30,19 February 1862,,,
ITM846756,,,,,,1862/672,p.130,27 February 1862,,,
ITM846756,,,,,,1862/704,p.182,24 February 1862,,,
ITM846756,,,,,,1862/709,p.190-191,1 March 1862,,,
ITM846756,,,,,,1862/712,p.205-206,1 March 1862,,,
ITM846756,,,,,,1862/714,p.2-3,24 February 1862,,,
ITM846756,,,,,,1862/739,p.78-82,6 March 1862,,,
ITM846756,,,,,,1862/817,p.155-156,22 February 1862,,,
ITM846756,,,,,,1862/821,p.162-167,29 February 1862,,,
ITM846756,,,,,,1862/840,p.206,19 March 1862,,,
ITM846756,ROSS; CHARTERS,Boombah Station; Balonne River; Maranoa District,,,Letter from Maranoa Patrol to the Colonial Secretary re: report on activities of Maranoa Patrol,1862/681,p.149-154,16 February 1862,,,
ITM846756,GILES,Widgee Widgee Station; Mary River; Nogoa River; [Cullin-la-Ringo],,,Letter from Mr C Giles at Widgee Widgee Station to the Colonial Secretary re: concerns about local Aboriginal outrages,1862/820,p.160,3 March 1862,,,
ITM846756,"THORNTON, William, Collector of Customs; ",Amity Point; Brisbane,Amity Point,,Letter from Collector of Customs to the Colonial Secretary ,"1862/727

1862/681",p.56-57,4 March 1862,,,
ITM846757,,,,,"Letter from Arthur Beevor (Cadet Native Police) at Brisbane to the Colonial Secretary, Brisbane",1862/846,p.6-7,13 March 1862,,COL/A27; SRS5253/1/28,
ITM846757,"PRING, Ratcliffe; DAVENEY, W. Frederick; RAE; HORTON, BILLY (Aboriginal man); CHALLINOR; MANNING.",Ipswich; Brisbane.,,Contains details regarding Rape and Assault,Letter from Attorney General to the Colonial Secretary,1862/904,p.137-141,25 March 1862,11 December 1861,COL/A27; SRS5253/1/28,
ITM846757,,,,,"Letter from Lieutenant George Murray at Rockhampton to the Colonial Secretary, Brisbane",1862/951,p.101,12 March 1862,,COL/A27; SRS5253/1/28,
ITM846757,,,,,"Letter from Commandant at the Mackenzie River to the Colonial Secretary, Brisbane",1862/970,p.55,14 March 1862,,COL/A27; SRS5253/1/28,
ITM846757,,,,,"Letter from Lieutenant George Murray at Rockhampton to the Colonial Secretary, Brisbane",1862/983,p.85-86,8 March 1862,,COL/A27; SRS5253/1/28,
ITM846757,"BLAKENEY, William; HORTON, Billy (Aboriginal man).",Brisbane,,,"Letter from Sheri? Blakeney to the Colonial Secretary, Brisbane",1862/997,p.119,2 April 1862,,COL/A27; SRS5253/1/28,
ITM846758,,,,,Letter from Lieutenant Frederick Wheeler at Sandgate to the Colonial Secretary re:Native Police general activities,1862/1078,p.144,9 April 1862,,,
ITM846758,,,,,Distribution of blankets to Aboriginals,1862/1311,p.125,21 April 1862,,,
ITM846758,,,,,Request for Native Police protection in the Maranoa District,1862/1335,p174-175,14 April 1862,,,
ITM846758,,,,,Letter from Commandant of Native Police (Bligh) to the Colonial Secretary re: purchase of horse,1862/309,p.145,27 January 1862,,,
ITM846758,,,,,Letter from Lieutenant Frederick Wheeler at Sandgate to the Colonial Secretary re: sale of horses,1862/708,p.144,1 March 1862,,,
ITM846758,,,,,"Native Troopers on the frontier, Gulf of Carpentaria",1862/822,p.183,15 March 1862,,,
ITM846758,,,,,"Native Troopers on the frontier, Gulf of Carpentaria",1862/826,p.140-182,15 March 1862,,,
ITM846758,,,,,"Native Troopers on the frontier, Gulf of Carpentaria",1862/827,p.128-139,15 March 1862,,,
ITM846758,,,,,"Native Troopers on the frontier, Gulf of Carpentaria",1862/828,p.119-127,15 March 1862,,,
ITM846758,"NORMAN, W H Commander; LANDSBOROUGH; WALKER; FROST; WOODS; BOURNE; HENNIE; MOORE; GREGORY; ALLISON; CHIMMO; JAMIE, Native Trooper; JACKIE, Native Trooper; FISHERMAN, Native Trooper; MACALISTER; PATRICK, Native Trooper; JEMMY (CARGARA), Native Trooper; JINGLE, Native Trooper; COREEN JEMMY, Native Trooper; RODNEY, Native Trooper; JACK, Native Trooper; PADDY, Native Trooper; HAUGHTON;  ","Gulf of Carpentaria, Sweer's Island, Barkly River, 'Plains of Promise', Flinders River, Beame's Brook ","Yarrinaakoo - people or language
language word ""oto"" for water
language word ""gorrt"" for open scrub
language word ""coonical"" for open plains",,"Correspondence to the Colonial Secretary Queensland re. Exploration Expedition reports by Landsborough, Norman and Walker, to the Gulf of Carpentaria, in search of Burke and his companions on the HMCS Victoria, including the wreck of the Firefly,",1862/1265,p.87-118,10 April 1862,,,
ITM846758,"SADLEIR; JONES, John; RAE; ELLIS, Henry; DAISEY, Michael; LEE; MARK, William;","Maranoa District, Dawson, Nogoa, Moonie River, Cojoun (?) River",,,Deficiency of Native Police Force in the Maranoa District,1862/1334,p170-172,14 April 1862,,,
ITM846759,"WARRRY, T. S; KIPPER BILLY (Aboriginal man).",Brisbane; Queen Street.,,GRAVE ROBBING; POSSIBLE RACE EUGENICS,"Letter from TS Warry to the Colonial Secretary, Brisbane",1862/1358,p.74,2 May 1862,,COL/A29; SRS5253/1/30,
ITM846759,,Brisbane; Cleveland; Amity Point.,,,"Letter from PM at Brisbane to the Colonial Secretary, Brisbane",1862/1364,p.93,7 May 1862,,COL/A29; SRS5253/1/30,
ITM846759,,Ipswich; Brisbane.,,,"Letter from Police Magistrate at Ipswich to the Colonial Secretary, Brisbane",1862/1407,p.203-205,10 May 1862,,COL/A29; SRS5253/1/30,
ITM846759,,,,,"Letter from Lieutenant Frederick Wheeler at Sandgate to A. W. Manning under The Colonial Secretary, Brisbane",1862/1421,p.240,10 May 1862,,COL/A29; SRS5253/1/30,
ITM846759,,,,,"Letter from Lieutenant Frederick Wheeler at Sandgate to A. W. Manning under The Colonial Secretary, Brisbane",1862/1494,p.238,30 May 1862,,COL/A29; SRS5253/1/30,
ITM846760,BLIGH; GENATAS; CHAMBERS; MURRAY; BILLY; BLUTCHER; BRENAN; CHARLES; DAVIE; JEROME; ROLF; DAVIS; STEWART; LERD (?); HOOD; HENDY.,Rockhampton; Peak Downs; Brisbane; Belyando River; Cotherstone; Logan Downs; Theresa Creek.,,,"Letter from Commandant Bligh at Rockhampton to the Colonial Secretary, Brisbane",1862/1517,p.59-62,2 June 1862,,COL/A29; SRS5253/1/31,
ITM846760,,,,,"Letter from Commandant Bligh at Rockhampton to Colonial Secretary, Brisbane",1862/1518,p.64,31 May 1862,,COL/A29; SRS5253/1/31,
ITM846760,,,,,"Letter from Commandant Bligh at Rockhampton to the Colonial Secretary, Brisbane",1862/1519,p.66-69,2 June 1862,,COL/A29; SRS5253/1/31,
ITM846760,"DALRYMPLE, George.",Kennedy District; Brisbane; Shaw Island.,,,"Letter from George Dalrymple, the Commissioner for Crown Lands, Kennedy district, (at ‘Club Brisbane’) to the Colonial Secretary ",1862/1534,p.100-101,7 June 1862,,COL/A29; SRS5253/1/31,
ITM846760,"MCARTHUR, Patrick.",Maranoa; Brisbane.,,,"Letter from Patrick MacArthur, CCL, East Maranoa (Surat), to the Colonial Secretary, Brisbane",1862/1558,p.179-181,27 May 1862,,COL/A29; SRS5253/1/31,
ITM846760,,,,,"Letter from George Dalrymple, the Commissioner for Crown Lands, Kennedy district, to the Colonial Secretary, Brisbane",1862/1563,p.190,13 June 1862,,COL/A29; SRS5253/1/31,
ITM846760,"PETRIE, Thomas.",Brisbane.,,,"Letter from Police Magistrate at Brisbane to the Colonial Secretary, Brisbane",1862/1588,p.60-63,17 June 1862,,COL/A29; SRS5253/1/31,
ITM846760,,,,,"Note from Police Office, Goondiwindi to the Colonial Secretary, Brisbane with cheque for sale of Native Police horses",1862/1590,p.67-68,17 June 1862,,COL/A29; SRS5253/1/31,
ITM846760,WHEELER; MANNING.,"Clarence River, Pullen Pullen, Logan River, Albert River, Parish Brush (?) River.",,,"Letter from Lieutenant Frederick Wheeler at Sandgate to the Manning under Colonial Secretary, Brisbane",1862/1592,p.72,18 June 1862,,COL/A29; SRS5253/1/31,
ITM846760,"HART, William; ROBERTS, W; PRICE, Arthur.",Rockhampton; Brisbane; Cape Palmerston.,,,"Letter from Police Magistrate Arthur Price at Rockhampton to the Colonial Secretary, Brisbane",1862/1618,p.128,14 June 1862,,COL/A29; SRS5253/1/31,
ITM846760,,,,,"Letter from Horace Ramsay at Brisbane to the Colonial Secretary, Brisbane",1862/1624,p.135,23 June 1862,,COL/A29; SRS5253/1/31,
ITM846760,,,,,"Letter from Lieutenant Patrick to the Colonial Secretary, Brisbane",1862/1675,p.61,1 July 1862,,COL/A29; SRS5253/1/31,
ITM846760,,,,,Letter from the Commandant of the Native Police at Rockhampton to the Colonial Secretary ,1862/1676,p.63-65,18 June 1862,,COL/A29; SRS5253/1/31,
ITM846760,,,,,Letter from Lieutenant Frederick Wheeler at Sandgate to the Colonial Secretary ,1862/1690,p.122,4 July 1862,,COL/A29; SRS5253/1/31,
ITM846760,,,,,"Letter from Commandant Bligh at Rockhampton to the Colonial Secretary, Brisbane",1862/1748,p.210,7 July 1862,,COL/A29; SRS5253/1/31,
ITM846760,BLIGH; SHARPE; PRICE; RAMSAY.,Rockhampton.,,,"Letter from Commandant Bligh of Native Police at Rockhampton to the Colonial Secretary, Brisbane",1862/1796,p.329-335,14 July 1862,,COL/A29; SRS5253/1/31,
ITM846761,,,,,,1862/1823,p.111-112,11 July 1862,,,
ITM846761,,,,,Letter from Lieutenant Frederick Wheeler at Sandgate to the Colonial Secretary re: patrols ,1862/1831,p.131,19 July 1862,,,
ITM846761,,,,,Letter from Lieutenant Frederick Wheeler at Sandgate to the Colonial Secretary re. shipwreck of the Kirkdale,1862/1853,p.54-58,23 July 1862,,,
ITM846761,,,,,,1862/1858,p.201,25 July 1862,,,
ITM846761,,,,,Letter from Lieutenant Frederick Wheeler at Sandgate to the Colonial Secretary re. shipwreck of the Kirkdale,1862/1898,p.53,31 July 1862,,,
ITM846761,,,,,Letter from Commandant Bligh at Rockhampton to the Colonial Secretary re. recommendation to appoint Edward Deshon to Native Police force,1862/1915,p.109,28 July 1862,,,
ITM846761,,,,,Letter from Lieutenant Baker at Gladstone to the Colonial Secretary re. salary,1862/1916,p.111,28 July 1862,,,
ITM846761,,,,,Letter from MJ Poulden at Brisbane to Colonial Secretary re. appointment to Native Police ,1862/1933,p.143,1 August 1862,,,
ITM846761,"TRIMMER, Arthur (previously a Police Magistrate)",Albany,n/a,,Letter from Arthur Trimmer at Albany to the Colonial Secretary re: request for appointment as Protector of Aborigines,1862/1849,p.183-184,2 June 1862,n/a,,
ITM846761,ROBERTS; SOMERVILLE;,Rockhampton; Cape Hillsborough; Waverley;,,,Letter from several residents of Rockhampton to the Colonial Secretary re. complaint associated with conduct of Native Police Officer,1862/1910,p.95-96,28 July 1862,,,
ITM846762,,,,,Letter from Lieutenant Frederick Wheeler at Sandgate to the Colonial Secretary ,1862/2024,p.62,14 August 1862,,COL/A32; SRS5253/1/33,
ITM846762,,,,,Letter from Commandant Bligh of Native Mounted Police at Rockhampton to the Colonial Secretary ,1862/2043,p.107,5 August 1862,,COL/A32; SRS5253/1/33,
ITM846762,"ROBERTS, Mr; MORISSET, 2nd Lt; MURRAY, Lt; ",Nogoa; Victoria River; Burdekin;,,,Letter from Commandant Bligh of Native Mounted Police at Rockhampton to the Colonial Secretary ,1862/2044,p.109-110,6 August 1862,,COL/A32; SRS5253/1/33,
ITM846762,"BAYLY, 2nd Lieut; FYFE; MACDONALD; GENATAS, 2nd Lieutenant; HARDY, Sergeant; WILLIAMS, 2nd Lietenant; CAVE, 2nd Lieutenant; MCINTOSH; MARLOW, 2nd Lieutenant; CARR, Lieutenant; CARTON, Sergeant; RAE; MOOREHEAD, 2nd Lieutenant; PERRY; HENRY; MURRAY, Lieutenant; SHARPE, Cadet; BEEVOR, Cadet; MUSON, 2nd Lieutenant;ALLAN, Sergeant Major; BAKER, Lieutenant; BLAKENEY, 2nd Lieutenant; LANDSBOROUGH; WHEELER, 2nd Lieutnenant; RICHARDSON, Cadet; BLIGH, J.M., Commandant Native Mounted Police;",Rockhampton; Upper Mackenzie River; Peak Downs; Nogoa; Comet; Upper Maranoa; Lower Condamine; Upper Dawson; Lower Dawson; Victoria River; Buckland's Table-Land; Bungil Creek; Fitzroy River; Bendango; Ballonne; Condamine; Robinson Crrek; Baroondah;Port Curtis; Mimosa Creek,,,Letter from the Commandant of the Native Police at Rockhampton to the Colonial Secretary ,1862/2123,p.140-152,26 May 1862,,COL/A32; SRS5253/1/33,
ITM846762,"PRICE, George, Cadet in Charge; ",Rockhampton; ,,,Letter from Commandant of Native Police at Rockhampton to the Colonial Secretary ,1862/2148,p.47,11 August 1862,,COL/A32; SRS5253/1/33,
ITM846762,"WHEELER, Fred., 2nd Lieut. N.Police; MANNING, A.W., Col Secretary; ",Sandgate; Logan River; Albert River; Terioh B (?) ,,,Letter from Lieutenant Frederick Wheeler at Sandgate to the Colonial Secretary ,1862/2169,p.149-150,3 September 1862,,COL/A32; SRS5253/1/33,
ITM846762,"WHEELER, Fred., 2nd Lieut. N.Police; MANNING, A.W., Col Secretary; ",Sandagate; Mooloolah; Mooroochedore; Wide Bay;,,,Letter from Lieutenant Frederick Wheeler at Sandgate to the Colonial Secretary ,1862/2186,p.177,5 September 1862,,COL/A32; SRS5253/1/33,
ITM846762,"HARRIS, J. Donald; BLIGH, J.M.OC,;",Rockhampton; ,,,Letter from Commandant at Rockhampton to the Colonial Secretary ,1862/2224,p.111,8 September 1862,,COL/A32; SRS5253/1/33,
ITM846762,"DANGOR, Thos, G.;",Namor River; Warrego; Culgoa;,,,"Letter from Mr TP Dangar at Bullerawa, Wee Waa, Namoi River, to the Colonial Secretary ",1862/2233,p.130-131,28 July 1862,,COL/A32; SRS5253/1/33,
ITM846762,"MOREY, Edmund; MOOREHEAD, Lieut.; BRASLWO, Lieut; ",Mitchell Downs; Maranoa; ,,,"Letter from Edmund Morey at Mitchell Downs, Maranoa, to the Colonial Secretary ",1862/2239,p.140-141,7 September 1862,,COL/A32; SRS5253/1/33,
ITM846763,,,,,Letter from Lieutenant Patrick of the Native Police to the Principal Under Secretary,1862/2282,p.83-84,19 September 1862,,COL/A32; SRS5253/1/34,
ITM846763,BLIGH,Mackenzie River; Leichardt District; Lower Downs;,,,Letter from Commandant Bligh of Native Mounted Police at Rockhampton to the Colonial Secretary ,1862/2313,p.160-161,20 September 1862,,COL/A32; SRS5253/1/34,
ITM846763,,,,,Letter from Commandant Bligh of Native Mounted Police at Rockhampton to the Colonial Secretary ,1862/2336,p.33,22 September 1862,,COL/A32; SRS5253/1/34,
ITM846763,,,,,Letter from Commandant Bligh of Native Mounted Police at Rockhampton to the Colonial Secretary ,1862/2337,p.35,24 September 1862,,COL/A32; SRS5253/1/34,
ITM846763,"NUTTING, John B.; BLIGH, J.M.OC;",Rockhampton,,,Letter from Commandant at Rockhampton to the Colonial Secretary ,1862/2346,p.58,29 September 1862,,COL/A32; SRS5253/1/34,
ITM846763,"LAMB, Edward W.;",Peak Downs,,,Letter from Edward Lamb at Qld Club to Colonial Secretary ,1862/2351,p.67-68,29 September 1862,,COL/A32; SRS5253/1/34,
ITM846763,"SKELTON, James; MANNING, Arthur Wilcox; SNEYD, Samuel; BANNISTER; GRAHAM, Sergeant;",Gayndah; Dalby,,,Letter from ex Native Police o?cer James Skelton at Dalby to the Colonial Secretary ,1862/2376,p.147-148,30 September 1862,,COL/A32; SRS5253/1/34,
ITM846764,"MORISSET, Lt; RAMSAY, Cadet; BAYLY; 2nd Lt; WILLIAMS, 2nd Lt; RICHARDSON, Cadet; MURRAY, Lt; CARR, Lt; HARRIS, Cadet; BLAKENEY, 2nd Lt; ",Broad Sound; Mackenzie River; Peak Downs; Port Denison; Peak Range; North Creek; Isaac; Collaroy; Barcoo River; Victoria River; Sandgate; Wide Bay; Murray; Murrumbidgee; Condamine; Maranoa; Bungil Creek; Whitehall Downs; Maryborough; Purbrook Downs; ,,,Letter from Commandant Bligh of Native Mounted Police at Rockhampton to the Colonial Secretary ,1862/2512,p.18-25,8 October 1862,,COL/A32; SRS5253/1/35,
ITM846764,,,,,Letter from Chief Constable James Skelton (Ex-officer of the Native Mounted Police) to Principal Under Secretary,1862/2522,p.49,21 October 1862,,COL/A32; SRS5253/1/35,
ITM846764,,,,,Letter from Lieutenant John Baker to the Colonial Secretary ,1862/2561,p.72,29 October 1862,,COL/A32; SRS5253/1/35,
ITM846764,,,,,Letter from Commandant Bligh of Native Mounted Police at Rockhampton to the Colonial Secretary ,1862/2627,p.6,28 October 1862,,COL/A32; SRS5253/1/35,
ITM846764,Colonial Secretary,Rockhampton,,,Letter from Commandant Bligh of Native Mounted Police at Rockhampton to the Colonial Secretary ,1862/2628,p.8-11,24 October 1862,,COL/A32; SRS5253/1/35,
ITM846764,,,,,"Letter from Patrick McArthur, East Maranoa, to the Colonial Secretary ",1862/2736,p.60-62,7 November 1862,,COL/A32; SRS5253/1/35,
ITM846764,,,,,"Letter from Jno McDonald, Secy of the Native Police, to the Colonial Secretary ",1862/2739,p.69-72,6 November 1862,,COL/A32; SRS5253/1/35,
ITM846765,"WHEELER, Frederick",Burdekin; Logan; Sandgate,,,Letter from Lieutenant Frederick Wheeler to the Colonial Secretary ,1862/2778,p.2-3,29 November 1862,,COL/A32; SRS5253/1/36,
ITM846765,,,,,Letter from Rudolph Freudenthal to the Colonial Secretary ,1862/2898,p.38,28 November 1862,,COL/A32; SRS5253/1/36,
ITM846765,,,,,"Letter from the Commandant of the Native Police, at Rockhampton, to the Colonial Secretary ",1862/2899,p.40,1 December 1862,,COL/A32; SRS5253/1/36,
ITM846765,,,,,"Letter from the Commandant of the Native Police, at Rockhampton, to the Colonial Secretary ",1862/2900,p.42,1 December 1862,,COL/A32; SRS5253/1/36,
ITM846765,,,,,"Letter from the Commandant of the Native Police, at Rockhampton, to the Colonial Secretary ",1862/2901,p.44,1 December 1862,,COL/A32; SRS5253/1/36,
ITM846765,"RAMSAY, Horace; BAYLY, 2nd Lt; FYFE, Alexander; ",Rockhampton,,,"Letter from the Commandant of the Native Police, at Rockhampton, to the Colonial Secretary ",1862/2903,p.46-47,27 November 1862,,COL/A32; SRS5253/1/36,
ITM846765,,,,,Letter from Chief Secretary Victoria to Colonial Secretary Queensland,1862/2933,p.64,26 November 1862,,COL/A32; SRS5253/1/36,
ITM846765,,Albert River; Logan River; Jimboomba; Brisbane; Ipswich; ,,,"Letter from the Commandant of the Native Police, at Rockhampton, to the Colonial Secretary ",1862/2993,p.55,15 December 1862,,COL/A32; SRS5253/1/36,
ITM846765,"MURRAY, Lt; JOHNSON, 2nd Lt; FLEEK, Mr; DUTTON, Mr; WILLIAMS, Trooper (Aboriginal man); BUCHANAN, Corporal; DOSS (?) Trooper (Aboriginal man); CASE, 2nd;Lt; MILLER, Mr; HUTTON, Mr; CAMERON, Mr;  WAUBRICAN ?, Trooper (Aboriginal man; RICHARDSON, Mr; FREUDENTHAL, Cadet; NETTING, Cadet; WHEELER, Lt; BAYLY, 2nd Lt; BUCHANAN, Cadet; ","Upper Dawson; Mimosa Creek; Comet; Nogoa; Spring Creek; Station Cameron, Miller & Hutton; Baroonda; Fort Creek; Wide Bay; Mackenzie River; Broad Sound; Kennedy Creek; North Creek;",,,"Letter from the Commandant of the Native Police, at Rockhampton, to the Colonial Secretary ",1862/2994,p.57-62,15 December 1862,,COL/A32; SRS5253/1/36,
ITM846765,,,,,"Letter from the Commandant of the Native Police, at Rockhampton, to the Colonial Secretary ",1862/2995,p.64,13 December 1862,,COL/A32; SRS5253/1/36,
ITM846765,"CARR, Lt; WHEELER, Frederick",Myall Creek; Dawson; Condamine; D'Aguilar Range; Balonne; ,,,Letter from Lieutenant Frederick Wheeler at Sandgate to the Colonial Secretary ,1862/2996,p.66-67,19 December 1862,,COL/A32; SRS5253/1/36,
ITM846765,,,,,Letter from Lieutenant Powell at Bowen to the Colonial Secretary ,1862/2997,p.69-72,29 October 1862,,COL/A32; SRS5253/1/36,
ITM846765,,,,,Letter from Ewan G Williams at Brisbane to the Colonial Secretary ,1862/2998,p.70-72,18 December 1862,,COL/A32; SRS5253/1/36,
ITM846765,"CHALLINOR, Dr; NORTH, Major; SMITH, Mr; HORTON, Billy (Aboriginal man); DAVENEY, Mr; RAE, Mrs; PRING, Ratcliffe Hon; BILLY, Kipper (Aboriginal man); DAVE, Mr; BRICK, Thomas; STINKABED; Johnny (Aboriginal man); PILCHARD, Mr; JACKY (Aboriginal man); NORTH, Joseph; MCFADDEN, James; GRAY, Colonel; ",Ipswich Civil Court; Wivenhoe; Briggs Station;,,Contains details regarding Assault and a Death Penalty sentence,Letter from Judge Lutwyche to the Colonial Secretary ,1862/3090,p.71-79,19 March 1862,,COL/A32; SRS5253/1/36,
ITM846766,,,,,"Letter from Henry Browne, at the Queensland Club, to the Colonial Secretary ",1863/101,p.19-23,12 January 1863,,COL/A32; SRS5253/1/37,
ITM846766,,,,,"Letter from the Commandant of the Native Police, at Rockhampton, to the Colonial Secretary ",1863/122,p.79-80,12 January 1863,,COL/A32; SRS5253/1/37,
ITM846766,"CAVE, Lieutenant; MILLER, Mr; CAMERON, Mr; Peter (Aboriginal boy); LIVING, Geo; LIVING, John; GLEN, John, GOVAN, James; DUTTON, Charles B.; DUTTON, A.F.; STEELE, James; PERKINS, Henry A.; ",Rockhampton; Planet Downs,,,"Letter from the Commandant of the Native Police, at Rockhampton, to the Colonial Secretary ",1863/123,p.82,12 January 1863,,COL/A32; SRS5253/1/37,
ITM846766,,,,,"Letter from the Commandant of the Native Police, at Rockhampton, to the Colonial Secretary ",1863/124,p.84,12 January 1863,,COL/A32; SRS5253/1/37,
ITM846766,,,,,"Letter from the Commandant of the Native Police, at Rockhampton, to the Colonial Secretary ",1863/125,p.86,9 January 1863,,COL/A32; SRS5253/1/37,
ITM846766,"KELLY, William; MURRAY, Lt; ",Rockhampton,,,"Letter from the Commandant of the Native Police, at Rockhampton, to the Colonial Secretary ",1863/235,p.18-19,26 January 1863,,COL/A32; SRS5253/1/37,
ITM846766,,,,,"Letter from the Commandant of the Native Police, at Rockhampton, to the Colonial Secretary ",1863/236,p.26-27,26 January 1863,,COL/A32; SRS5253/1/37,
ITM846766,"ARMSTRONG, 2nd Lt; Owen, 2nd Lt;",Port Curtis District;,,,"Letter from the Commandant of the Native Police, at Rockhampton, to the Colonial Secretary ",1863/243,p.50-51,27 January 1863,,COL/A32; SRS5253/1/37,
ITM846766,,Maryborough;,,,Letter from the Police Magistrate at Maryborough to the Colonial Secretary ,1863/247,p.57-58,28 January 1863,,COL/A32; SRS5253/1/37,
ITM846766,,,,,Letter from Lieutenant John Marlow to the Colonial Secretary ,1863/28,p.61,2 January 1863,,COL/A32; SRS5253/1/37,
ITM846766,,,,,Letter from Lieutenant John Baker to the Colonial Secretary ,1863/40,p.79,31 December 1862,,COL/A32; SRS5253/1/37,
ITM846766,Ipswich; Sandgate; ,"GORDON, John; BLIGH, John; (?)Ipswich Councillor",,,Letter from John Gordon forwarded to the Colonial Secretary,1863/54,p.54-56,5 January 1862,,COL/A32; SRS5253/1/37,
ITM846766,Samford; ,"BLIGH, John; SADLEIR, Sgt Nathaniel; ",,,Letter from Lieutenant Frederick Wheeler at Sandgate to the Colonial Secretary ,1863/61,p.74-76,7 January 1863,,COL/A32; SRS5253/1/37,
ITM846766,,,,,Letter from John Murray (former Native Police o?cer) to the Colonial Secretary ,1863/9,p.18-19,28 December 1862,,COL/A32; SRS5253/1/37,
ITM846767p.,,,,,"Letter from the Commandant of the Native Police, at Rockhampton, to the Colonial Secretary ",1863/276,p.35,4 February 1863,,COL/A37; SRS5253/1/38,
ITM846767,,,,,"Letter from Lieutenant Morriset to the Colonial Secretary, forwarded under a cover letter by Commandant Bligh",1863/277,p.38-39,6 February 1863,,COL/A37; SRS5253/1/38,
ITM846767,,,,,"Letter from the Commandant of the Native Police, at Rockhampton, to the Colonial Secretary ",1863/281,p.45,6 February 1863,,COL/A37; SRS5253/1/38,
ITM846767,,,,,"Letter from the Commandant of the Native Police, at Rockhampton, to the Colonial Secretary ",1863/298,p.91,7 February 1863,,COL/A37; SRS5253/1/38,
ITM846767,,,,,Letter from Lieutenant Frederick Wheeler at Albert River to the Colonial Secretary ,1863/418,p.57-58,25 February 1863,,COL/A37; SRS5253/1/38,
ITM846767,,,,,Letter from Lieutenant Frederick Wheeler at Albert River to the Colonial Secretary ,1863/419,p.59-60,25 February 1863,,COL/A37; SRS5253/1/38,
ITM846768,,,,,Letter from 2nd Lt Cave to the Colonial Secretary ,1863/506,p.7,20 February 1863,,COL/A37; SRS5253/1/39,
ITM846768,"CAVE, 2nd Lt; SHARPE, Cadet W.S.; FRANKS, David H.; JOHNSON, 2nd Lt; BAYLY, 2nd Lt; ROBINSON, H; OWEN, Mr; PADDY, Trooper (Aboriginal man); MORISSET, Lt; RICHARDSON, 2nd Lt;",Comet; Nogoa; Broad Land; Mackenzie River; Peak Downs; North Creek; Upper Dawson; Lower Dawson; Spring Creek Barracks; Albinia Downs Station; Calliungal Station; Rockhampton; ,,Contains details regarding Murder,Letter from Lieutenant George Murray at Rockhampton to the Colonial Secretary ,1863/511,p.14-19,27 February 1863,,COL/A37; SRS5253/1/39,
ITM846768,,,,,Letter from Lieutenant Frederick Wheeler at Coochin to the Colonial Secretary ,1863/584,p.5-6,17 March 1863,,COL/A37; SRS5253/1/39,
ITM846768,MORREL ? MORRILL; ,,,,Letter to the Colonial Secretary ,1863/592,p.13-14,21 March 1863,,COL/A37; SRS5253/1/39,
ITM846768,,,,,Telegram from the Commandant at Sydney to the Colonial Secretary ,1863/601,p.31-32,25 March 1863,,COL/A37; SRS5253/1/39,
ITM846768,"CARR, 2nd Lt; MACBETH, Trooper (Aboriginal man) also known as GEORGY; MURRAY, Lt; COXEN, H.W.; ",Bendemeer Station; Wide Bay Division; Condamine; ,,,Correspondence to the Colonial Secretary ,1863/683,p.13-16,15 March 1863,,COL/A37; SRS5253/1/39,
ITM846768,,,,,Letter from Lieutenant John Murray of the Native Police to the Colonial Secretary ,1863/685,p.20-21,11 February 1863,,COL/A37; SRS5253/1/39,
ITM846768,"POWELL, Lt; PRICE, Cadet; WILLIAMS, 2nd Lt; BELL, Lt; DALRYMPLE, Mr; ",Upper Burdekin; Port Denison; Bowen District; ,,,"Letter from John Marlow, O?cer in Charge of the Port Denison (Bowen) detachment, to the Colonial Secretary ",1863/747,p.78-83,6 April 1863,,COL/A37; SRS5253/1/39,
ITM846768,"FERGUSON, Mr; MARMADUKE, Trooper (Aboriginal man); RUDOLPH, Trooper (Aboriginal man); JOE, Trooper (Aboriginal man); DIAMOND, Trooper (Aboriginal man); FORRESTER, Trooper (Aboriginal man); MURRAY, Lt; HODGSON, Mr; RICHARDSON, 2nd Lt; WARD, Sgt; ",Callide Creek; Croombit Creek; Rawbelle; Port Curtis District; Wide Bay; North Creek Barracks; Spring Creek; Comet; ,,,Letters from Commandant to the Colonial Secretary ,1863/748,p.84-88,1 April 1863,,COL/A37; SRS5253/1/39,
ITM846769,"MARLOW, John",Port Denison,,,Letter from John Marlow at Port Denison to the Colonial Secretary re promotion to 1st Lieutenant in 5th Division of Native Police,1863/754,p.4,24 March 1863,,COL/A39,https://www.archivessearch.qld.gov.au/items/ITM846769
ITM846769,"NIPHON, Perry; NIPHON, Henry; KINGSFORD; HALY, R.; BLIGH, John O'C.;",Rockhampton; Robinson Creek; Upper Dawson; Commissioner's Creek,,,Letter from Commandant at Rockhampton to the Colonial Secretary re. sale of Native Police station in order to relocate to a more favourable location,1863/827,p.45-46,22 April 1863,,COL/A39,https://www.archivessearch.qld.gov.au/items/ITM846769
ITM846769,"BLIGH, John O'C.;",,,,Letter from Commandant at Rockhampton to the Colonial Secretary re. accomodation and allowance.,1863/832,p.51-52,23 April 1863,,COL/A39,https://www.archivessearch.qld.gov.au/items/ITM846769
ITM846769,"MURRAY, Geo P.M.;",Rockhampton,,,Letter from Lieutenant George Murray at Rockhampton to the Colonial Secretary re. delay in travelling north on inspection due to sickness,1863/860,p.86,20 April 1863,,COL/A39,https://www.archivessearch.qld.gov.au/items/ITM846769
ITM846769,"COMPIGNE, Alfred W.; ",Nindooimbah; Albert River;,,,"Letter from Alfred Compigne at Nindooimbah, Albert River to the Colonial Secretary ",1863/881,p.13,28 April 1863,,COL/A39,https://www.archivessearch.qld.gov.au/items/ITM846769
ITM846769,"BROWN, Henry John; SHARPE, William; BLIGH, John O'C.;",Rockhampton,,,Letter from Commandant Bligh at Rockhampton to the Colonial Secretary recommending the appointment of a cadet to the Native Police following the resignation of Sharpe,1863/945,p.73,30 April 1863,,COL/A39,https://www.archivessearch.qld.gov.au/items/ITM846769
ITM846769,"WHEELER, Second Lieutenant; MOOREHEAD, Lieutenant; MARLOW, Lieutenant; BROWNE, Cadet; UHR, Cadet; BLIGH, John O'C.; ",Rockhampton,,,Letter from Commandant Bligh at Rockhampton to the Colonial Secretary re status of Native Police divisions and the officers,1863/994,p.84-85,7 May 1863,,COL/A39,https://www.archivessearch.qld.gov.au/items/ITM846769
ITM846769,"WALKER; JOHNSON; SEROCOLD; BLIGH, John O'C.; ",,,,Correspondence to the Colonial Secretary re. Reporting Mr Walker's charge against Lt Johnson in relation to the shooting of an Aboriginal man,1863/6,p.76-77,29 Dec 1862,20 November 1862,COL/A39,https://www.archivessearch.qld.gov.au/items/ITM846769
ITM846769,"WALKER, Frederick; JOHNSON; REID, Mr; ",Rockhampton,,,Letter from Johnson to Commandant of Native Police Rockhampton re. justifying why he shot Aboriginal man,1863/6,p.78-79,29 Dec 1862,20 November 1862,COL/A39,https://www.archivessearch.qld.gov.au/items/ITM846769
ITM846769,COXEN; BLIGH; MURRAY; CARR; MORISSET; MARLOW; BAYLY; BEERAR; JOHNSON; FRAUDENTHALL?; RICHARDSON; HARRIS; WILLIAMS; MOOREHEAD; WHEELER; OLSEN; NUTTING; PRICE; ARMSTRONG; UHR; BROWNER; UPPER MURRAY,"Rockhampton, Lower Dawson, Upper Dawson, Mackenzie River, Port Curtis, Broad Sound, Nogoa, Comet, Peak Downs, North Creek, Victoria Barracks, Bungil Creek, Maranoa Creek, Warrego River, Port Denison, Bowen River, Upper Burdekin, Maryborough",,,Letter from Commandant to the Colonial Secretary providing a monthly status report on the Native Police,1863/944,p.71,1 May 1863,,COL/A39,https://www.archivessearch.qld.gov.au/items/ITM846769
ITM846769,WALKER; THOMPSON; JOHNSON; REID,Camboona Station,,,Correspondence to the Colonial Secretary re. Further on charge proferred by Mr Walker against Lt Johnson in relation to the shooting of an Aboriginal man,1863/991,p.74-75,5 May 1863,20 November 1862,COL/A39,https://www.archivessearch.qld.gov.au/items/ITM846769
ITM846769,"JOHNSON; THOMPSON; BLIGH, John O'C.",Lower Dawson,Lower Dawson tribe,,Correspondence to the Colonial Secretary from Thompson,1863/993,p.82,20 February 1863,20 November 1862,COL/A39,https://www.archivessearch.qld.gov.au/items/ITM846769
ITM846769,"WALKER, Frederick; JOHNSON; REID, Mr; THOMPSON, I.I.; BLIGH, John O'C.; ",Camboona Station,,,Letter from Commandant of Native Police to settler Thompson requesting a statement about the shooting of an Aboriginal man on his station,1863/993,p.83,4 January 1863,20 November 1862,COL/A39,https://www.archivessearch.qld.gov.au/items/ITM846769
ITM846770,,,,,Letter from Commandant Bligh at Rockhampton to the Colonial Secretary ,1863/1009,p.13-15,9 May 1863,,COL/A37; SRS5253/1/41,
ITM846770,"DAVIDSON, Mr; DURLEY ? (Aboriginal man); ",Bindango Station; Roma; Maranoa; ,,Contains details regarding Murder,Letter from Lieutenant Frederick Carr at the Maranoa River Native Police Barracks to the Colonial Secretary ,1863/1018,p.23-24,26 April 1863,,COL/A37; SRS5253/1/41,
ITM846770,,,,,Letter from John Hendy ex Camp Sergeant at the Peak Downs Native Police Barracks to the Colonial Secretary ,1863/1032,p.49-50,8 May 1863,,COL/A37; SRS5253/1/41,
ITM846770,"WHEELER, Fred., 2nd Lieut. N.Police; MANNING, A.W., Col Secretary; ",Maranoa; Gulentha,,,Letter from Lieutenant Fred Wheeler at Sandgate to the Colonial Secretary ,1863/1048,p.83,15 May 1863,,COL/A37; SRS5253/1/41,
ITM846770,,,,,Letter from Commandant at Rockhampton to the Colonial Secretary ,1863/1064,p.13-14,13 May 1863,,COL/A37; SRS5253/1/41,
ITM846770,BLIGH.,Rockhampton; Brisbane.,,,"Letter from Commandant Bligh Native Mounted Police at Rockhampton to the Colonial Secretary, Brisbane",1863/1065,p.15-16,21 May 1863,,COL/A37; SRS5253/1/41,
ITM846770,BLIGH; PRICE; OWEN; BROWNE; BAYLY.,Rockhampton; Brisbane.,,,"Letter from Commandant Bligh Native Mounted Police at Rockhampton to the Colonial Secretary, Brisbane",1863/1067,p.18-19,21 May 1863,,COL/A37; SRS5253/1/41,
ITM846770,"WHEELER; MANNING; DUFFY, Jim; JOHNNY STINK-A-BED (Aboriginal man).",Sandgate.,,Contains details regarding Rape,"Letter from Lt Wheeler at Sandgate to the Colonial Secretary, Brisbane",1863/1116,p.89,26 May 1863,,COL/A37; SRS5253/1/41,
ITM846770,MOOREHEAD; SWIFT; MCMANUS; CARR.,Brisbane; Maranoa River; Toowoomba; Warwick.,,,"Letter from Lieutenant Moorehead at the Maranoa Native Police Barracks to the Colonial Secretary, Brisbane",1863/1119,p.1-5,6 May 1863,,COL/A37; SRS5253/1/41,
ITM846770,BLIGH; MOOREHEAD; CARR; SWIFT.,Rockhampton; Brisbane; Maranoa River.,,,"Letter from Commandant Bligh of the Native Police at Rockhampton, to the Colonial Secretary, Brisbane",1863/1174,p.86-88,22 May 1863,,COL/A37; SRS5253/1/41,
ITM846770,,,,,"Letter from Commandant Bligh, Native Mounted Police Rockhampton to the Colonial Secretary, Brisbane ",1863/1175,p.89-90,28 May 1863,,COL/A37; SRS5253/1/41,
ITM846770,MURRAY; WHEELER; BLIGH; CARR.,Rockhampton; Brisbane; Lower Dawson; Sandgate; Wide Bay; Upper Dawson; Broad Sound; Port Curtis; Maryborough; Maranoa.,,,"Letter from Commandant Rockhampton to the Colonial Secretary, Brisbane",1863/1250,p.79-81,1 June 1863,,COL/A37; SRS5253/1/41,
ITM846771,MURRAY.,Rockhampton; Brisbane.,,,"Letter from Lieutenant Murray at Rockhampton to the Colonial Secretary, Brisbane",1863/1293,p.68,0 June 1863,,COL/A37; SRS5253/1/42,
ITM846771,BLIGH; MORISSET; COMPIGNE; HILL.,Rockhampton; Brisbane; Sydney.,,,"Letter from Commandant Bligh Native Mounted Police Rockhampton to the Colonial Secretary, Brisbane",1863/1429,p.83-85,30 June 1863,,COL/A37; SRS5253/1/42,
ITM846772,,,,,"Letter from Lieutenant Fred Wheeler at Sandgate to the Colonial Secretary, Brisbane",1863/1511,p.15,11 July 1863,,COL/A37; SRS5253/1/43,
ITM846772,BLIGH; MORISSET; MURRAY; NUTTING; RICHARDSON; HECTOR (Aboriginal man); OWEN; BILLAMBE (Aboriginal man); DIGILBERY (Aboriginal man); BAYLY; CARLE (CARLO?) (Aboriginal man); BIGLEY; CARMODY.,Brisbane; Don River Barracks; Port Denison; Bowen; North Creek; Broad Sound; Rockhampton; Belyando; Wide Bay; Nogoa.,,,"Letter from Commandant Bligh, Native Mounted Police Rockhampton to the Colonial Secretary, Brisbane ",1863/1555,p.69-74,10 July 1863,,COL/A37; SRS5253/1/43,
ITM846772,,,,,"Letter from Commandant Bligh, Native Mounted Police Rockhampton to the Colonial Secretary, Brisbane ",1863/1556,p.75-76,14 July 1863,,COL/A37; SRS5253/1/43,
ITM846772,BLIGH; WHEELER; WILLIAMS; CARR.,Rockhampton; Upper Burdethe; Wide Bay; Burnett; Logan; Darling Downs; Condamine.,,,"Letter from Commandant Bligh, Native Mounted Police Rockhampton to the Colonial Secretary ",1863/1557,p.78-79,1 July 1863,,COL/A37; SRS5253/1/43,
ITM846772,,,,,"Letter from Commandant Bligh Native Mounted Police, Rockhampton to the Colonial Secretary, Brisbane",1863/1558,p.80,14 July 1863,,COL/A37; SRS5253/1/43,
ITM846772,,,,,Letter to the Colonial Secretary ,1863/1679,p.7,30 July 1863,,COL/A37; SRS5253/1/43,
ITM846773,,,,,"Letter from Lieutenant Wheeler at Sandgate to the Colonial Secretary, Brisbane",1863/1807,p.20,10 August 1863,,COL/A37; SRS5253/1/44,
ITM846773,,,,,Letter from John Conquest to the Colonial Secretary ,1863/1880,p.56-57,19 August 1863,,COL/A37; SRS5253/1/44,
ITM846773,,,,,Letter from Edward Richards to the Colonial Secretary ,1863/1903,p.90-91,21 August 1863,,COL/A37; SRS5253/1/44,
ITM846773,MORISSET; MURRAY; RICHARDSON; WILLIAMS; PRICE; JOHNSON; MOOREHEAD; BROWNE.,Rockhampton; Brisbane; Upper Dawson; Condamine; Nogoa; Lower Dawson; North Creek; Bowen River; Port Curtis; Upper Burdethe.,,,"Letter from Morisset, Native Mounted Police Rockhampton to the Colonial Secretary, Brisbane",1863/1917,p.31-32,1 August 1863,,COL/A37; SRS5253/1/44,
ITM846773,,,,,Letter from G Webster at Rockhampton to the Colonial Secretary ,1863/1941,p.69-70,18 August 1863,,COL/A37; SRS5253/1/44,
ITM846773,WHEELER; MANNING.,Sandgate; Brisbane; Logan River; Albert River; Rockhampton; Wide Bay District; Brisbane River.,,,Letter from Lieutenant Fred Wheeler at Sandgate to the Colonial Secretary ,1863/1974,p.25,26 August 1863,,COL/A37; SRS5253/1/44,
ITM846774,,,,,Letter from Commandant to the Colonial Secretary ,1863/2086,p.92-93,1 September 1863,,COL/A37; SRS5253/1/45,
ITM846774,WHEELER; MANNING; ,Sandgate; Brisbane; Wide Bay District; Tweed; Clarence.,,,Letter from Lieutenant Frederick Wheeler at Sandgate to the Colonial Secretary ,1863/2144,p.85,16 September 1863,,COL/A37; SRS5253/1/45,
ITM846774,RICHARDSON; WALLACE (Aboriginal man?); BYRON (Aboriginal man?); BLIGH; MORISSET.,Rockhampton; Brisbane; Lotus Creek; Gatton.,,,Correspondence to the Colonial Secretary ,1863/2231,p.37-39,26 September 1863,,COL/A37; SRS5253/1/45,
ITM846775,,,,,Letter from Edward Wheeler at Sandgate to the Colonial Secretary ,1863/2261,p.22-23,1 October 1863,,COL/A37; SRS5253/1/46,
ITM846775,BLIGH; WHEELER; MORISSET; RICHARDSON.,Rockhampton; Port Denison.,,,Letter from Commandant to the Colonial Secretary ,1863/2329,p.12-13,1 October 1863,,COL/A37; SRS5253/1/46,
ITM846775,"RAWLINS; CUFF, George; PRICE; WHITE.",Toowoomba; Darling Downs; Drayton; Brisbane.,,,Letter from PM at Toowoomba to the Colonial Secretary ,1863/2341,p.36-37,7 October 1863,,COL/A37; SRS5253/1/46,
ITM846775,"STANLEY, Montague; MURRAY, John; MACDONALD; RIDDELL.",Rockhampton; Nogoa; Brisbane.,,,Letter from Montague Stanley at Rockhampton to the Colonial Secretary ,1863/2362,p.68-69,5 October 1863,,COL/A37; SRS5253/1/46,
ITM846775,,,,,"Letter from Kennedy Crown Lands Office, Bowen to A. W. Manning, Brisbane",1863/2392,p.170,6 October 1863,,COL/A37; SRS5253/1/46,
ITM846775,,,,,Letter from Commandant Bligh at Rockhampton to the Colonial Secretary ,1863/2393,p.171,13 October 1863,,COL/A37; SRS5253/1/46,
ITM846775,,,,,Letter from G Young at Rockhampton to the Colonial Secretary ,1863/2477,p.133-134,14 October 1863,,COL/A37; SRS5253/1/46,
ITM846775,,,,,Letter from Native Police Camp Sergeant Graham (Warrego River Detachment) to the Colonial Secretary ,1863/2499,p.171-174,23 October 1863,,COL/A37; SRS5253/1/46,
ITM846776,,,,,Letter from Lieutenant Frederick Wheeler at Sandgate to the Colonial Secretary ,1863/2561,p.4,29 October 1863,,COL/A37; SRS5253/1/47,
ITM846776,WHEELER; MANNING.,Sandgate; Brisbane.,,,Letter from Lieutenant Frederick Wheeler at Sandgate to the Colonial Secretary ,1863/2593,p.56,1 November 1863,,COL/A37; SRS5253/1/47,
ITM846776,,,,,Letter from the Commandant of the Native Police (Bligh) to the Colonial Secretary ,1863/2609,p.79,27 October 1863,,COL/A37; SRS5253/1/47,
ITM846776,BLIGH; MORISSET; RICHARDSON; ALLAN.,Rockhampton; Bowen River; Lower Dawson.,,,Letter from Commandant to the Colonial Secretary ,1863/2618,p.87-88,1 November 1863,,COL/A37; SRS5253/1/47,
ITM846776,BLIGH; MURRAY.,Rockhampton; Brisbane.,,,Letter from the Commandant of the Native Police (Bligh) to the Colonial Secretary ,1863/2650,p.50,29 October 1863,,COL/A37; SRS5253/1/47,
ITM846776,,,,,Letter from Commandant Bligh at Rockhampton to the Colonial Secretary ,1863/2653,p.51,29 October 1863,,COL/A37; SRS5253/1/47,
ITM846776,,,,,Letter from Commandant Bligh at Rockhampton to the Colonial Secretary ,1863/2654,p.52-53,30 October 1863,,COL/A37; SRS5253/1/47,
ITM846776,"BLIGH; MARLOW; STUART, Clarendon.",Rockhampton; Brisbane; Don River; Port Denison.,,,Correspondence to the Colonial Secretary ,1863/2655,p.54-59,2 September 1863,,COL/A37; SRS5253/1/47,
ITM846776,BLIGH; ALLAN.,Rockhampton; Brisbane.,,,Letter from Commandant Bligh at Rockhampton to the Colonial Secretary ,1863/2656,p.60,29 October 1863,,COL/A37; SRS5253/1/47,
ITM846776,,,,,Letter from Commandant Bligh at Rockhampton to the Colonial Secretary ,1863/2658,p.61-62,30 October 1863,,COL/A37; SRS5253/1/47,
ITM846776,BLIGH; MURRAY; WHEELER; FREUDENTHAL; TOMMY MURRAY (Aboriginal man).,Rockhampton; Upper Murray; Logan; Clarence; Condamine; Wide Bay; Darling; Macintyre; Bowen.,,,Letter from Commandant Bligh at Rockhampton to the Colonial Secretary ,1863/2733,p.51-56,7 November 1863,,COL/A37; SRS5253/1/47,
ITM846776,BLIGH; WHEELER.,Rockhampton; Brisbane; Sandgate; Logan River; Clarence River; Port Denison.,,,Letter from Commandant Bligh at Rockhampton to the Colonial Secretary ,1863/2737,p.60-61,11 November 1863,,COL/A37; SRS5253/1/47,
ITM846776,WHEELER; MANNING.,Sandgate; Brisbane; Imbil; Wide Bay; Coogar; Emu Creek; Brisbane River.,,,Letter from Lieutenant Frederick Wheeler at Sandgate to the Colonial Secretary ,1863/2746,p.83,16 November 1863,,COL/A37; SRS5253/1/47,
ITM846777,WHEELER; MANNING.,Sandgate; Brisbane; Bunya; Brisbane River; Wide Bay; Balonne.,,,Letter from Lieutenant Frederick Wheeler at Sandgate to the Colonial Secretary ,1863/2889,p.2-3,1 December 1863,,COL/A37; SRS5253/1/48,
ITM846777,"MACLEOD, Charles; PARKER; SMOKER BROWN (Aboriginal man); BROWN.",Brisbane; Combarngo; Sydney.,,,Letter from Charles Macleod at Combarngo to the Colonial Secretary ,1863/2907,p.12-13,24 November 1863,,COL/A37; SRS5253/1/48,
ITM846777,,,,,Letter from Lieutenant John Marlow to the Colonial Secretary ,1863/2983,p.40,21 November 1863,,COL/A37; SRS5253/1/48,
ITM846777,BLIGH; RIDDLE; OWEN; BAYLY; FLETCHER; STEPHEN;  TRIFFITT (TRUFFITT?).,Rockhampton; Brisbane; Nogoa; Mackenzie; Retreat Creek; Comet; Nogoa River; Peak Downs.,,,Letters to the Colonial Secretary ,1863/2994,p.68-70,1 December 1863,,COL/A37; SRS5253/1/48,
ITM846777,BLIGH.,Rockhampton; Brisbane; Wide Bay; Nogoa.,,,Letter from Commandant to the Colonial Secretary ,1863/2995,p.71-73,1 December 1863,,COL/A37; SRS5253/1/48,
ITM846778,,,,,Letter from Commandant Bligh at Brisbane to the Colonial Secretary ,1863/3012,p.47,11 December 1863,,COL/A37; SRS5253/1/49,
ITM846778,,,,,Letter from Commandant Bligh at Brisbane to the Colonial Secretary ,1863/3017,p.63,12 December 1863,,COL/A37; SRS5253/1/49,
ITM846778,,,,,Letter from Commandant Bligh to the Colonial Secretary ,1863/3114,p.77,23 December 1863,,COL/A37; SRS5253/1/49,
ITM846779,NUTTING; BAYLY; FREUDEN; MURRAY; WALKER; THOMPSON; STEPHEN; JOHNSON; MORISSET; JOSS.,Rockhampton; Mackenzie River; Mary River; Aphis Creek; Broad Sound; Upper Dawson; Brisbane.,Gamban.,,Letter from Lieutenant GPM Murray at Rockhampton to the Colonial Secretary ,1864/160,p.9-15,9 January 1864,,COL/A37; SRS5253/1/50,
ITM846779,"HUNTER, William; MACALISTER, Arthur.",West Maranoa; East Maranoa; River Amby; Mount Abundance.,,,Letter from William Hunter at Mount Abundance to the Colonial Secretary ,1864/41,p.76-78,15 December 1863,,COL/A37; SRS5253/1/50,
ITM846780,,,,,Letter from Lieutenant George Murray at Rockhampton to the Colonial Secretary ,1864/326,p.1-2,23 January 1864,,COL/A37; SRS5253/1/51,
ITM846781,"BOWEN, George; MURRAY, John.  ",Rockhampton.,,,Letter from residents of Rockhampton to the Colonial Secretary ,1864/618,p.54-55,20 January 1864,,COL/A37; SRS5253/1/52,
ITM846781,"SKELTON, James.",Dalby; Condamine; New South Wales; Queensland; Dawson River; Balonne River.,,,Letter from James Skelton at Dalby to the Colonial Secretary ,1864/649,p.23-24,26 January 1864,,COL/A37; SRS5253/1/52,
ITM846782,MULLEN (MALLEN?); WIGGINS; MACDONALD.,Bowen; Bowen River.,,,Letter to the Colonial Secretary ,1864/794,p.80-81,25 February 1864,,COL/A37; SRS5253/1/53,
ITM846782,WHITE; LANG; DAVIES; SCHMIDT; PETER (Aboriginal boy); SAMMY (Aboriginal boy).,Brisbane; Murray River; South Australia; Lake Macquarie; Port Phillip; Wellington Valley; Moreton Bay; Balonne River; Wide Bay; Lake Tarong; Maryborough; Lango.,,Contains details regarding Cannibalism,Letter from PM at Warwick (JC White) to the Colonial Secretary ,1864/989,p.32-42,24 March 1864,,COL/A37; SRS5253/1/53,
ITM846783,"JAMIESON, William; NORMAN, James; BOYD, James; CANNON, Joseph, HARRISON; SMITH, Sidney; DAWKINS, William.",Brisbane; West Maranoa; Warrego River; Yo Yo; Angellala.,,,Petition from the stockholders and inhabitants of the western Maranoa district to the Colonial Secretary ,1864/1130,p.61-62,11 April 1864,,COL/A37; SRS5253/1/54,
ITM846784,SCOTT; BAILEY; BARTLETT; CONNOR; WALKER.,Rockingham Bay; Bowen; Lower Burderim.,,,Petition from Scott and inhabitants at Rockingham Bay to the Colonial Secretary ,1864/1271,p.58-60,0 April 1864,,COL/A37; SRS5253/1/55,
ITM846784,,,,,Letter from ex-Commandant Bligh at Gayndah to the Colonial Secretary ,1864/1274,p.62-63,4 April 1864,,COL/A37; SRS5253/1/55,
ITM846784,"SHERIDAN; PIGOTT, John; BARRY, John; WYATT, John.",Brisbane; Maryborough; Fraser (Fraser) Island; Great Sandy Island.,,,Letter from Water Police Magistrate at Maryborough (Sheridan) to Colonial Secretary ,1864/1275,p.66-73,16 April 1864,,COL/A37; SRS5253/1/55,
ITM846784,,,,,Letter from Inspector Rudolph Morisset to the Colonial Secretary ,1864/1358,p.42-43,19 April 1864,,COL/A37; SRS5253/1/55,
ITM846784,SCOTT; CLARKE; KEITH; ANDERSON; WILLIS; GREAVES; HALL; MARLOW; O'CONNOR.,Bowen; Houghton River; Kennedy District; New South Wales; Northern Queensland.,,,Letter (received) from residents at Bowen to the Colonial Secretary ,1864/1416,p.54-58,2 May 1864,,COL/A37; SRS5253/1/55,
ITM846785,,,,,Letter from HJ Thomas to the Colonial Secretary ,1864/1594,p.49-50,14 May 1864,,COL/A37; SRS5253/1/56,
ITM846785,TOMMY; CHARLEY; TEBBOOL; BONEY; DICK; CARLO; BONEY; DICK; POSSUM; DAVEY; JERRY; TOMMY; PETER; BILLY; DALLEY; MOLLY; JOHNNY; PADDY (Aboriginal people).,Warwick.,,,Letter from PM at Warwick (JC White) to Colonial Secretary ,1864/1589,p.42,12 May 1864,,COL/A37; SRS5253/1/56,
ITM846785,"MCMAHAN; BROWN; FRENCH; CALLAGHAN; HILL, Thomas; WRIGHT, John; FEGAN, Peter; WEBSTER, Daniel.",Rockhampton; Peak Downs; Brisbane. ,,,Letter to the Colonial Secretary ,1864/1606,p.70-81,14 May 1864,,COL/A37; SRS5253/1/56,
ITM846785,,,,,Letter from the Police Magistrate at Bowen (64/1276) to the Colonial Secretary ,1864/1696,p.11-13,11 April 1864,,COL/A37; SRS5253/1/56,
ITM846785,CARR.,Bungil Creek; Brisbane; Warrego River.,,,Letter from Inspector Frederick Carr at the Bungil Creek (Roma) Native Police Camp to the Colonial Secretary 1864/32 ,1864/1707,p.28-30,10 May 1864,,COL/A37; SRS5253/1/56,
ITM846786,"ARCHER & CO; MANNING, A.A. ",Gracemere; Rockhampton,,,Letter from Archer and Company at Gracemere to the Colonial Secretary declining offer to purchase police barracks,1864/1824,p.19-21,6 June 1864,,COL/A56COL/A56; SRS5253/1/57,https://www.archivessearch.qld.gov.au/items/ITM846786
ITM846786,"SEYMOUR, Lt D.; ",,,,Letter from the Commissioner of Police to Colonial Secretary re application for purchase of Crown Land on retirment from Service by Mr Seymour by the Sale of his Commission,1864/1906,p.60-63,21 June 1864,,COL/A56COL/A56; SRS5253/1/57,https://www.archivessearch.qld.gov.au/items/ITM846786
ITM846786,"MURRAY, J.; ",Rosedale; Port Curtis; ,,,Letter from John Murray at Rosedale to the Colonial Secretary re acceptance in role of recruiting for the N P Corps,1864/1967,p.11,13 June 1864,,COL/A56COL/A56; SRS5253/1/57,https://www.archivessearch.qld.gov.au/items/ITM846786
ITM846786,"WHEELER, Fred. 2nd Lieut.; WHEELER, Edward; HERBERT, R.G.W.;",Sandgate,,,Letter from Lieutenant Frederick Wheeler at Sandgate to the Colonial Secretary re applying for an appointment to the N P Force on behalf of his brother,1864/1981,p.43-44,22 June 1864,,COL/A56COL/A56; SRS5253/1/57,https://www.archivessearch.qld.gov.au/items/ITM846786
ITM846786,WALKER; SANDERMAN; BURNETT; BLACK; TRAVERS; VICARY; CALDWELL; MCDONNELL,"Willpond, Leichardt District, McKenzie River, Nogoa River, Cleese? Station, Mackepond? Station, Leura Station, Peak Downs, Claremont, Pinchester, Comet, Thomas', Yaamala, Malvern Downs, Kynebil, Trawellean, Caroora, Cranstons",,,"Letter from Thomas Walker of Leura Station, Apis Creek, to the Colonial Secretary re. settlers concern at the lack of Police Protection",1864/1826,p.28-31,25 May 1864,,COL/A56COL/A56; SRS5253/1/57,https://www.archivessearch.qld.gov.au/items/ITM846786
ITM846786,"HIRST; SEYMOUR, D.W.; FORAN, Sub-Inspector; JARDINE; MURRAY, Inspector; ",Maryborough; Rockhampton; Musket Flat; Mackenzie; ,,,"Letter to the Colonial Secretary reporting on the inspection of Police in Districts of Maryborough and Rockhampton, and discovering arms and accoutrements requiring attention and care",1864/1447,P.22-25,19 ? April 1864,,COL/A56COL/A56; SRS5253/1/57,https://www.archivessearch.qld.gov.au/items/ITM846786
ITM846787,"OWEN, B.",St George,,,Letter from Sub-Inspecter Bedell Owen from the Belyando River Native Mounted Police Barracks to the Colonial Secretary ,1864/2081,p.43-44,24 June 1864,,COL/A57; SRS5253/1/58,
ITM846787,"LAMBART, Charles Henry; WHEELER, Edward",,,,Letter from Commissioner to the Colonial Secretary,1864/2105,p.13-14,11 July 1864,,COL/A57; SRS5253/1/58,
ITM846787,,,,,Letter from Sub-Inspector Bayley at Brisbane to the Colonial Secretary,1864/2147,p.11,15 July 1864,,COL/A57; SRS5253/1/58,
ITM846788,"WHEELER, Edward",,,,Letter from Lieutenant Frederick Wheeler at Sandgate to the Colonial Secretary ,1864/2281,p.38,30 July 1864,,COL/A58; SRS5253/1/59,
ITM846788,"MACKAY, John",Mackay; Pioneer River,,,"Letter from Gordon Sandeman, MLA, to the Colonial Secretary  with a petition to the Queensland Legislative Council and Legislative Assembly to reward John Mackay land for pioneering the Mackay district",1864/2302,p.76-81,22 July 1864,,COL/A58; SRS5253/1/59,
ITM846788,,,,,Letter from William Cave to the Colonial Secretary's Office,1864/2317,p.2,1 August 1864,,COL/A58; SRS5253/1/59,
ITM846788,WHEELER; CARR,,,,Letter from Clermont Police Magistrate to the Colonial Secretary regarding the ,1864/2443,p.28,9 August 1864,,COL/A58; SRS5253/1/59,
ITM846788,MURRAY,New South Wales,,,Letter from the Commissioner of Police to the Colonial Secretary ,1864/2454,p.36,19 August 1864,,COL/A58; SRS5253/1/59,
ITM846789,JOHNSON,,,,Letter from the Commissioner of Police to the Colonial Secretary ,1863/2727,p.33-34,11 November 1864,,COL/A59; SRS5253/1/60,
ITM846789,WILSON; CAMILIE; HANAN,Salamander; Brisbane; Somerset Bay; Port Ollary ,,,Letter from the Police Magistrate at Somerset to the Colonial Secretary ,1864/2744,p.62-72,6 September 1864,,COL/A59; SRS5253/1/60,
ITM846790,"GLEESON, James; HARELTINE, James; HOWARD, William",Cardenele,,,Letter from PM at Cardwell to the Colonial Secretary regarding suspected cattle killing by Aboriginal people,1864/2828,p.47-48,26 August 1864,,COL/A60; SRS5253/1/61,
ITM846791,,, ,,"Letter from A Velwood at Hawkwood Station, Gayndah, to the Colonial Secretary regarding interest in joining the Native Police as a cadet",1864/3004,p.11-12,1 October 1864,,COL/A61; SRS5253/1/62,
ITM846791,,,,,"Letter from C Walsh at Gundi Gundi, Dalby regarding application to join Native Police",1864/3006,p.15-16,9 September 1864,,COL/A61; SRS5253/1/62,
ITM846791,"WHEELER, Frederick",,,,Letter from Inspector Carr to the Colonial Secretary containing a copy of the costings of Sub-Inspector Wheeler's detachment (including munitions) ,1864/3264,p.16,16 November 1864,,COL/A61; SRS5253/1/62,
ITM846791,McGILLAND,Upper Burdekin,,,Letter (apparently incorrectly dated 25 October 1863 instead of 1864) from the Commissioner for Crown Lands at North Kennedy to the Colonial Secretary requesting Native Mounted Police,1864/3283,p.39-40,25 October 1864,,COL/A61; SRS5253/1/62,
ITM846792,,,,,Letter from John Cockle at Welltown Station via Goondiwindi to the Colonial Secretary seeking a cadetship in the native police,1864/3338,p.65-66,27 November 1864,,COL/A62; SRS5253/1/63,
ITM846792,"BLACK, W",Upper Burdekin,,,Letter from Police Magistrate at Bowen to the Colonial Secretary regarding the murder of two shepherds and ongoing fears of resistance,1864/3412,p.69-70,1 December 1864,,COL/A62; SRS5253/1/63,
ITM846792,,Upper Burdekin,,,Letter from Mr JM Black of Victoria Downs station (Upper Burdekin) to the Colonial Secretary ,1864/3415,p.76-77,5 December 1864,,COL/A62; SRS5253/1/63,
ITM846792,,Cape Palmerston; Port Denison; Mackay; Port Mackay; Bowen,,,Letter from several residents of the district between Cape Palmerston and Port Denison to the Colonial Secretary ,1864/3420,p.89-90,18 November 1864,,COL/A62; SRS5253/1/63,
ITM846793,,Galloway Plains; Calliope,,,"Letter from Hugh Neill of Galloway Plains, Calliope, to the Colonial Secretary regarding attack by Aboriginal people and request for Native Police dispatch",1865/101,p.62-63,9 January 1865,,COL/A63; SRS5253/1/64,
ITM846793,,Maryborough; Copenhagen Bend ,,,Petition from Maryborough inhabitants to the Colonial Secretary ,1865/107,p.69-73,13 January 1865,,COL/A63; SRS5253/1/64,
ITM846793,,Valley of Lagoons,,,Letter from the Police Magistrate at Cardwell to the Colonial Secretary,1865/157,p.51-54,26 December 1864,,COL/A63; SRS5253/1/64,
ITM846793,,Cardwell,,,Letter from the Police Magistrate at Cardwell to the Colonial Secretary ,1865/159,p.56-57,2 January 1865,2 January 1865,COL/A63; SRS5253/1/64,
ITM846793,"ELLIS, Howard", Upper Burdekin; Fletcher Creek,,,Letter from the Police Magistrate at Bowen to the Colonial Secretary ,1865/160,p.58-60,12 January 1865,,COL/A63; SRS5253/1/64,
ITM846793,Rockhampton; Clermont; Springsure; Taroom; Condamine; Dalby; Toowoomba,,,,Letter from Commissioner to the Colonial Secretary ,1865/161,p.61,17 January 1865,,COL/A63; SRS5253/1/64,
ITM846793,"MURRAY, George P.",,,,Letter from the Commissioner of Police to the Colonial Secretary ,1865/225,p.71,24 January 1865,,COL/A63; SRS5253/1/64,
ITM846793,,Charleville; Bungil; Warrego District; Maranoa River,,,"Letter from Thomas Barron, the Commissioner for Crown Lands at Charleville, to the Colonial Secretary",1865/250,p.17-18,4 January 1865,,COL/A63; SRS5253/1/64,
ITM846794,DALEY; BLAKENY,Meunga Creek; Mailner Creek,,,Letter from the Police Magistrate at Cardwell to the Colonial Secretary  containing letters forwarded on from resident,1865/352,p.130-138,12 January 1865,,COL/A64; SRS5253/1/65,
ITM846794,,Cape River,,,Letter from Police Magistrate at Bowen to the Colonial Secretary ,1865/370,p.96-99,13 February 1865,,COL/A64; SRS5253/1/65,
ITM846794,WILLIAMS; CLINTORK; HALPIN; WILSON; SULLIVAN; Tommohawk (Aboriginal man); Joka (Aboriginal man); ,Salamander; Somerset; Kennedy Main; Kennedy River; Prince of Wales Island; Cape York,,,Letter from the Police Magistrate at Somerset (Jardine) to the Colonial Secretary ,1865/495,p.86-92,1 January 1865,,COL/A64; SRS5253/1/65,
ITM846794,GIBBS,Somerset; Kennedy,,,"Letter from R Kellett at Natal Downs, Cape River, Bowen, to the Colonial Secretary ",1865/499,p.94-95,26 January 1865,,COL/A64; SRS5253/1/65,
ITM846794,"NUTTING, John Bligh",Rockhampton,,,Telgram (1 of 2) from Police Commissioner to Colonial Secretary,1865/513,p.125,28 July 1865,,COL/A64; SRS5253/1/65,
ITM846794,,,,,Letter from Lt Pascoe at Somerset to the Colonial Secretary ,1865/531,p.6-7,28 December 1864,,COL/A64; SRS5253/1/65,
ITM846794,HARRIS; RALF; BROOKES,Nebo,,,"Letter from David Franks at the Native Police Barracks, North Creek to the Colonial Secretary ",1865/550,p.36,31 January 1865,,COL/A64; SRS5253/1/65,
ITM846794,BLACKENEY; MURRAY; ,Cardwell,,,Letter from the Commissioner of Police to the Colonial Secretary ,1865/557,p.51-53,27 February 1865,,COL/A64; SRS5253/1/65,
ITM846794,WHITE,Tweed River,,,Letter from Lieutenant Frederick Wheeler to the Colonial Secretary ,1865/575,p.93-94,6 March 1865,,COL/A64; SRS5253/1/65,
ITM846794,"CASS; NELSON, John; WATTLE, Richard; SULLIVAN, A. F.; HARRANCE, H.",Warrego district: Yo Yo; Warrego River; New South Wales;  Paroo River,,,"Letter from Turnbull, Sadleir and other stockholders of the Warrego district to the Colonial Secretary ",1865/594,p.127-129,31 December 1864,,COL/A64; SRS5253/1/65,
ITM846795,"SPOONER, William;  GIFFIN, G. J.",Bowen; Brisbane,,,Letter from William Spooner at Bowen to the Colonial Secretary ,1865/606,p.11-12,27 February 1865,,COL/A65; SRS5253/1/66,
ITM846795,WARD,Rockhampton,,,Letter from Commissioner to the Colonial Secretary ,1865/607,p.17,29 February 1865,,COL/A65; SRS5253/1/66,
ITM846796,,,,,Letter from the Commissioner of Police to the Colonial Secretary ,1865/1044,p.68-69,5 May 1865,,COL/A66; SRS5253/1/67,
ITM846796,,,,,Letter from from JB Johnston to the Colonial Secretary ,1865/1078,p.168-170,29 April 1865,,COL/A66; SRS5253/1/67,
ITM846796,WALKER; SALAMANDER,,,,Letter from John Ker Wilson to the Colonial Secretary ,1865/1108,p.30,9 May 1865,,COL/A66; SRS5253/1/67,
ITM846796,"GESLEY, C.;  HALBEY; GALLOWAY;  HAGENANS; CAMPBELL",Auebna Bay,,,Letter from Rev J Love to the Colonial Secretary ,1865/1118,p.43-44,11 May 1865,,COL/A66; SRS5253/1/67,
ITM846796,,New South Wales;  South Australia,,,"Letter from Victor Nissen (a Dane, ex-soldier) at Sydney to the Colonial Secretary ",1865/917,p.43-46,12 April 1865,,COL/A66; SRS5253/1/67,
ITM846796, ,Warrego district,,,"Petition letter from the Magistrates, Squatters and other residents of the Warrego district to the Colonial Secretary ",1865/935,p.75-76,19 April 1865,,COL/A66; SRS5253/1/67,
ITM846797,DAVIDSON; FLEMENSTON,Cooper Rains; Mary River,,,Letter from Surveyor General to the Colonial Secretary ,1865/1228,p.64-73,10 May 1865,,COL/A67; SRS5253/1/68,https://www.archivessearch.qld.gov.au/items/ITM846797
ITM846797,,,,,Letter from the Commissioner of Police to the Colonial Secretary ,1865/1246,p.35-36,25 May 1865,,COL/A67; SRS5253/1/68,https://www.archivessearch.qld.gov.au/items/ITM846797
ITM846797,BEECH; ,Quanantine Station,,,Letter from Daniel Blow at Dunwich to the Colonial Secretary ,1865/1255,p.68-70,19 May 1864,,COL/A67; SRS5253/1/68,https://www.archivessearch.qld.gov.au/items/ITM846797
ITM846797,THOMSON; POMPEY (Aboriginal boy); CALLAGHAN,Rockhampton; ,,,Letter from PM at Rockhampton to the Colonial Secretary ,1865/1265,p.85-86,22 May 1865,,COL/A67; SRS5253/1/68,https://www.archivessearch.qld.gov.au/items/ITM846797
ITM846797,MURRAY,Cardwell,,,Petition from the residents of Cardwell to the Colonial Secretary ,1865/1269,p.5-7,8 May 1865,,COL/A67; SRS5253/1/68,https://www.archivessearch.qld.gov.au/items/ITM846797
ITM846797,"MURRAY, John","Sydney; Melbourne, ",,,Letter from the Commissioner of Police to the Colonial Secretary ,1865/1280,p.28-29,27 May 1865,,COL/A67; SRS5253/1/68,https://www.archivessearch.qld.gov.au/items/ITM846797
ITM846797,"MURRAY, George Poultney Malcolm",,,,Letter from the Commissioner of Police to the Colonial Secretary ,1865/1416,p.18-20,12 June 1865,,COL/A67; SRS5253/1/68,https://www.archivessearch.qld.gov.au/items/ITM846797
ITM846797,"PRICE, G. F.; MURRAY; HILL",,,,Letter from Commissioner of Police to the Colonial Secretary ,1865/1478,p.36-38,17 June 1865,,COL/A67; SRS5253/1/68,https://www.archivessearch.qld.gov.au/items/ITM846797
ITM846797,,,,,Letter from PM at Cardwell to the Colonial Secretary ,1865/1482,p.49-51,31 May 1865,,COL/A67; SRS5253/1/68,https://www.archivessearch.qld.gov.au/items/ITM846797
ITM846798,,Salamander; Sommerset; York Penninsula; Kennedy; Newcastle Bay; Neelaleula station; Pandowns station; Bloodwood station; Neillea station; New South Wales; Cape York,,,Letter from the Police Magistrate at Somerset (Jardine) to the Colonial Secretary ,1865/1533,p. 44-57,1 March 1865,,COL/A68; SRS5253/1/69,
ITM846798,"CARR, F. W.; GRAHAM; CARNEY, B.; BLANECCEY, W. J.",,,,Letter from Commissioner to the Colonial Secretary ,1865/1563,p.19-20,28 June 1865,,COL/A68; SRS5253/1/69,
ITM846799,,Cardwell ,,,Letter from PM at Cardwell to the Colonial Secretary ,1865/1836,p.48-49,6 July 1865,,COL/A69; SRS5253/1/70,
ITM846799,MARTIN,Messro Archer,,,Letter from the Commissioner of Police to the Colonial Secretary ,1865/1892,p.21-22,26 July 1865,,COL/A69; SRS5253/1/70,
ITM846799,BROWNE,Rockhampton; Barcoo,,,Letter from Commissioner to the Colonial Secretary ,1865/1897,p.28-30,26 July 1865,,COL/A69; SRS5253/1/70,
ITM846800,"MEREDITH, Llewelyn; SCHOLEFIELD; ELLINGTON",Makay; Townsville; Rockhampton,,,Letter from J Bette Jukes at Dublin (Ireland) to Colonial Secretary ,1865/1603,p.40-41,15 April 1865,,COL/A70; SRS5253/1/71,
ITM846800,"MEREDETH, Llewelyn",Mackay; Bowen,,,Letter from Mackay Police Magistrate to Commissioner ,1865/2227,p.38-39,10 August 1865,,COL/A70; SRS5253/1/71,
ITM846800,,New South Wales,,,Letter from Sub-Inspector Morisset of the Native Police to the Colonial Secretary ,1865/2230,p.47-48,15 August 1865,,COL/A70; SRS5253/1/71,
ITM846800,,,,,Letter from the Commissioner of Police to the Colonial Secretary ,1865/2268,p.3-5,30 August 1865,,COL/A70; SRS5253/1/71,
ITM846800,MURRAY,,,,Police Commissioner forwards on telegram from Inspector Murray at Deniliquin to the Colonial Secretary ,1865/2271,p.14-16,28 August 1865,,COL/A70; SRS5253/1/71,
ITM846800,"WHEELER, Frederick; OWEN, K. M. ",Downs Station; Clermont,,,Letter from Oscar de Satge at Clermont to the Colonial Secretary,1865/2284,p.44-45,14 August 1865,November 1863,COL/A70; SRS5253/1/71,
ITM846800,,,,,Letter from Matthew Dickson at Bowen to the Colonial Secretary ,1865/2338,p.59,28 August 1865,,COL/A70; SRS5253/1/71,
ITM846800,,Rockhampton,,,Letter from Inspector George Murray at Rockhampton to the Colonial Secretary ,1865/2390,p.91-92,31 August 1865,,COL/A70; SRS5253/1/71,
ITM846801,,Albert River,,,"Letter from John Browning from Boobyjan, Burnett district, to the Colonial Secretary ",1865/2410,p.20-22,11 September 1865,,COL/A71; SRS5253/1/72,
ITM846801,WALTHANTS,Nanango,,,Letter from Bench at Nanango to the Colonial Secretary ,1865/2412,p.27-28,12 September 1865,,COL/A71; SRS5253/1/72,
ITM846801,"LAMBART, Charles Henry.",Warrego district; Charleville,,,Letter from the Commissioner of Police to the Colonial Secretary ,1865/2433,p.83-85,19 September 1865,,COL/A71; SRS5253/1/72,
ITM846801,MURRAY,Rockingham Bay District; Rockhampton; Rockhampton District,,,Letter from the Commissioner of Police to the Colonial Secretary ,1865/2453,p.17-19,21 September 1865,,COL/A71; SRS5253/1/72,
ITM846801,"SALAMANDER, S; JALDINE; PASCOE; ",Somerset; Cape York,,,Letter from the Police Magistrate at Somerset to the Colonial Secretary ,1865/2540,p.87-91,30 June 1865,,COL/A71; SRS5253/1/72,
ITM846801,,Port Curtis District; Broadsound; Fitzroy River (north); Allepater Creek,,,"Letter of petition from the residents of the Port Curtis, Broadsound and north of the Fitzroy River to the Colonial Secretary ",1865/2677,p.71-72,15 September 1865,,COL/A71; SRS5253/1/72,
ITM846802,MURRAY; MATTING; WILLIS,New South Wales,,,Letter from the Commissioner of Police to the Colonial Secretary  forwarding a letter from Sub-Inspector Murray ,1865/2753,p.133-135,18 October 1865,,COL/A72; SRS5253/1/73,
ITM846802,WILLIS,New South Wales,,,Letter from Sub-Inspector Murray (forwarded from the Commissioner of Police to the Colonial Secretary),1865/2753,p.136-137,18 September 1865,,COL/A72; SRS5253/1/73,
ITM846802,JACKEY (Aboriginal man) also spelled Jacky,Maryborough,,,Letter from Brisbane Sheriff to Colonial Secretary regarding trial at Maryborough of Jackey and his subsequent execution - trial details are accosicated with 65/2501,1865/2908,p.56-57,15 September 1865,,COL/A72; SRS5253/1/73,
ITM846802,DAVIDSON; WAN,Harvey Bay; Maryborough; Brisbane,,,"Letter from RB Sheridan, PM at Maryborough, to the Colonial Secretary ",1865/2996,p.135-137,10 November 1865,,COL/A72; SRS5253/1/73,
ITM846802,,Maryborough,,,"Telegram from RB Sheridan, PM at Maryborough, to the Colonial Secretary ",1865/2996,p.138,9 November 1865,,COL/A72; SRS5253/1/73,
ITM846803,,Rockham Bay; Carpentaria,,,Telegram from W Landsborough at Rockhampton to the Colonial Secretary ,1865/3178,p.86-87,28 November 1865,,COL/A73; SRS5253/1/74,
ITM846803,HAYMAN,Endeavour River; Somerset; Rockingham; Mitchele River; Princess Charlotte Bay,,,"Letter from John Jardine, Police Magistrate at Somerset, to Colonial Secretary ",1865/3221,p.43-47,10 October 1865,27 September 1865,COL/A73; SRS5253/1/74,
ITM846803,"HALPINE; HARACE; WILSON, L.; KENNEDY; CLUITORK, W.",Salamander; Somerset; Bronto Lake,,,Letter from the Police Magistrate at Somerset to the Colonial Secretary ,1865/3222,p.48-54,31 October 1865,,COL/A73; SRS5253/1/74,
ITM846803,"MURRAY; BEACON, Arthur; MORTON; Petie (Aboriginal man); HAMILTON, John; HARRISON, J. ",Calliope; Calliope Gold Fields; Galloway Plains; Prainie Station; Upper Dawson,,,"Letter from Charles J Clarke, Crown Lands Commissioner to the Gold Commissioners Office in Gladstone forwarding a series of letters and testimony regarding death of an unnamed Aboriginal person.","1865/3225, copied, ‘Gall Estray’",p.64-69,3 November 1865,25 December 1865,COL/A73; SRS5253/1/74,
ITM846803,JARDINE ,Somerset  ,,,Letter from PM at Somerset (Jardine) to the Colonial Secretary ,1865/3243,p.120-133,19 October 1865,,COL/A73; SRS5253/1/74,
ITM846805,"HARVEY, Alfred",,,,Letter from the Commissioner of Police to the Colonial Secretary ,1866/174,p.67-69,19 January 1866,,COL/A75; SRS5253/1/76,
ITM846806,OWEN,,,,Letter from Sub-Inspector Bedell Owen at Brisbane to the Colonial Secretary ,1866/391,p.66-68,8 January 1866,,COL/A76; SRS5253/1/77,
ITM846806,"BOYD, CARR; ",Mitchell district; Tambo; Alice River; Barcoo; Rockhampton,,,Letter from Carr Boyd the Police Magistrate at Springsure to the Colonial Secretary ,1866/414,p.115-117,29 January 1866,,COL/A76; SRS5253/1/77,
ITM846806,MARLON,Port Denison; Leichhardt,,,Letter from T. H. Bannon to the Colonial Secretary ,1866/434,p.178-179,14 February 1866,,COL/A76; SRS5253/1/77,
ITM846806,"WHEELER, F.; GILMORE; WALKER, Fred.",Queensland; Condamine; Roma,,,Letter from James Gilmour to Commissioner with accompanying letter from Wheeler,1866/549,p.58-60,25 November 1865,,COL/A76; SRS5253/1/77,
ITM846806,"CARR, Federick; LYNMANN, D.G(?)",Brisbane,,,Letter from the Commissioner of Police to Colonial Secretary - Requesting instructions for the payment of salary of Mr. Carr,1866/553,p.78-80,22 February 1866,,COL/A76; SRS5253/1/77,
ITM846807,"CLUETACK, Walter, CPS; ",Somerset,,,Letter from the Clerk of Petty Sessions at Somerset to the Colonial Secretary ,1866/608,p.17-18,4 December 1865,,COL/A77; SRS5253/1/78,
ITM846807,"FREUDENTHALL, Sub Inspector; BROWN, Alfred H., J.P.; PALMER, H., J.P.; ?HUINDAN, R.B., J.P.; DAVIDSON, D.W., J.P.; ?? ",Maryborough; ,,,Letter from the Bench of Magistrates at Maryborough to the Colonial Secretary ,1866/857,p.106-111,19 March 1866,,COL/A77; SRS5253/1/78,
ITM846807,,,,,Second Annual Report of the Police Force submitted by the Commissioner of Police ,1866/870,p.131-141,15 February 1866,,COL/A77; SRS5253/1/78,
ITM846808,"CARR, Federick; BARRON, J. H.",,,,Letter from ex Native Police Inspector Frederick Carr to the Colonial Secretary ,1866/1008,p.101-107,5 April 1866,,COL/A78; SRS5253/1/79,
ITM846808,"STOCKWELL, James; ",Brisbane;,,,Letter from Police to the Colonial Secretary ,1866/1027,p.161,10 April 1866,,COL/A78; SRS5253/1/79,
ITM846808,SHERIDAN; P.M. Maryborough;,Maryborough; ,,,Letter from the Police Magistrate at Maryborough to the Colonial Secretary ,1866/1183,p.182-187,25 April 1866,,COL/A78; SRS5253/1/79,
ITM846809,"LYNMANN, D.G(?); CHALMERS(?)",Mount McConnell; Northern(?) District; Avon(?) Downs,,,Letter from the Commissioner of Police to the Colonial Secretary Recommending the foundation of a Native Police Station at Mount McConnell,1866/1213,p.56-57,30 April 1866,,COL/A79; SRS5253/1/80,
ITM846809,,,,,Letter from unknown at the McKenzie River Native Police Camp to the Colonial Secretary ,1866/1323,p.69,30 April 1866,,COL/A79; SRS5253/1/80,
ITM846809,"WILKES, J.P Esq; Yorkey; Johnny; BARROW, John; THOMPSON(?), John; Wanaby(?); LAUGHNAE(?); DOCKPANDS(?); SELBY",Dalby; Duel Ponds; Broadwaters; Daandens(?); Callandoon(?); Wallumbilla; Condamine; Chinchilla;  Jacanda(?); Banandowen(?); Bundamba(?);Waaya(?); Burnett River; Yandilla; Jimbour(?); Halliford Station,,,Letter from PM at Dalby to Colonial Secretary - Report on encounter between Dalby Police and the Blacks,1866/1441,p.19-28,26 May 1866,,COL/A79; SRS5253/1/80,
ITM846809,,,,,Letter from PM at Leyburn to Colonial Secretary ,1866/1471,p.98-100,29 May 1866,,COL/A79; SRS5253/1/80,
ITM846809,,St Lawrence,,,Letter from the Clerk of Petty Sessions at St Lawrence to the Colonial Secretary - Requesting instructions relative to the distribution of blankets to aborigines.,1866/1325,p.77-78,1 May 1866,,COL/A79; SRS5253/1/80,
ITM846811,"HARDEN, Thos.; CAMERON, D.C.;",Barcaldine Downs; Barcoo;,,,"Letter from grazier Donald Cameron at ‘Barcaldine Downs, Barcoo’ to ‘Thomas Harden, Union Bank, Brisbane’, forwarded to the Colonial Secretary? ",1866/1842,p.46-47,5 June 1866,,COL/A81; SRS5253/1/82,
ITM846811,,,,,"Letter from Tambo CPS George Hallam to ‘T Harden, MLA’ forwarded to the Colonial Secretary? ",1866/1842,p.48,12 June 1866,,COL/A81; SRS5253/1/82,
ITM846811,"HARDEN, Theodore; ANDERSON, Alex; MURRAY(?); ENNISKILLEN, W(?); ROFS(?), Henry; ALCOCKS, G.W.; HILLS, G.L(?); HOLBORTON(?), John; ALLEN, W.T.B; BARRETT, J.P.; DOWERS(?), Iain(?), DOWERS(?), Isis(?); BACK, M(?); POWELL(?), FORBES; BIRKHEAD(?), ","Mitchell District; Barcoo; Alice Rivers; Thompson Rivers, Barcaldine Downs",,,Petition from squatter Theodore Harden and other residents in the Mitchell district to the Colonial Secretary ,1866/1842,p.43-45,6 July 1866,,COL/A81; SRS5253/1/82,
ITM846812,"MACDONALDS, Mr L.G.; BLACKENNY(?), Mrs; WILLIAMS, Mrs; CONNERS(?), Mrs.; WENTWORTH, Mr; LANDSBOROUGH, W.",Albert River; Sweers(?) Island; Rockhampton; Maspeckon(?) hill; Finders District; Richmond Downs; Carpentaria,,,Letter from W Landsborough at Albert River to Colonial Secretary - report on the settlement,1866/2175,p.186-193,29 May 1866,,COL/A82; SRS5253/1/83,
ITM846813,"JARDINES, Mr.; Peter; Harison(?); Charley(?)",Sommerset; ,Yadhaigana; Gudang,,Letter from the Police Magistrate at Somerset (Simpson) to the Colonial Secretary ,"1866/2491, Gall Estray",p.68-72,18 August 1866,7 July 1866,COL/A83; SRS5253/1/84,
ITM846814,"MURRAY, John;",Cardwell; Rockingham,,,Letter from the Police Magistrate at Cardwell to the Colonial Secretary - reciept of blankets,1866/2714,p.24-25,5 September 1866,,COL/A84; SRS5253/1/85,
ITM846814,"LARKIN, W.T., Revd.; QUINN, D. Revd.; ",,,,Letter from Rev. W. Larkin at Roma to the Colonial Secretary ,1866/2828,p.117,11 October 1866,,COL/A84; SRS5253/1/85,
ITM846814,,,,,"Letter from Bourke, NSW, to the Colonial Secretary and oath of office",1866/2923,p.61-63,2 October 1866,,COL/A84; SRS5253/1/85,
ITM846815,"WILSON(?), John, Keir; MACALISTER, Arthur; MURRAY, G.P,M; LYNMANN(?), Mr; WATTERSTON, T.B.","Rockhampton, Brisbane, Springsure, Sydney, Spring Creek",,,Letter from TB Watterston at Spring Creek Native Mounted Police Barracks to Colonial Secretary ,1866/3127,p.189-192,29 September 1866,,COL/A85; SRS5253/1/86,
ITM846815,"O'PASCHEN, O.L. Sub Insp; MCLENNAN, Roderick R.; WALKER; ",MacKenzie;,,,Letter from Sub Inspector Oscar Paschen at Mackenzie Native Mounted Police camp to Insp. GPM Murray ,1866/3214,p.147-155,28 October 1866,,COL/A85; SRS5253/1/86,
ITM846815,"WATTERSTON, T.B; WILSON(?), Mr.; CRIBB(?), Mr.; LYNMANN, D.G(?).",,,,Letter from the Commissioner of Police to Colonial Secretary - Report on TB Watterston's request to be reinstated,1866/3221,p.187-188,17 November 1866,,COL/A85; SRS5253/1/86,
ITM846815,"MCLELLAN, Roderick, PESCHOR/PASHEU(?)",Apis Creek; Lambing station; Seven Mile Creek; Leura Station,,,Letter from R McLellan at Apis Creek to the Colonial Secretary - Complaint about the Sub-Inspectors conduct,1866/2776,p.156-157,21 August 1866,,COL/A85; SRS5253/1/86,
ITM846816,"Melon/Melton; MACKENZIE, Mr.; LYNMANN, D.G.",Maryborough,,,Letter from Maryborough to the Colonial Secretary - Payment of allowance to aboriginal 'Melon',1866/3412,p.122-126,13 December 1866,,COL/A85; SRS5253/1/87,
ITM846817,"PESCHOR/PASHEU(?);  LYNMANN, D.G.",,,,Letter from the Commissioner of Police to the Colonial Secretary - Papers in complaint against Sub-Inspector Pasheu/Peschor(?),1867/163,p.13-16,10 January 1867,,COL/A87; SRS5253/1/88,
ITM846817,,,,,"Letter from Q A Thompson, Clerk of Petty Sessions at St George to W Manning, Private Under Secretary","1867/180

In Top Number 1867/170",p.34,29 December 1866,,COL/A87; SRS5253/1/88,
ITM846820,"TOMSON, F.; MACALISTER, A.; ",Maryborough; ,,,Letter from Mr Tronson at Maryborough to the Colonial Secretary ,1867/1115,p.137-141,xx May 1867,,COL/A90; SRS5253/1/91,
ITM846821,"YEATES, John Swift Haigh",Bowen,,,"Petition from John Swift Haigh Yeates, Mayor of Bowen, to the Colonial Secretary ",1867/1433,p.77-80,10 June 1867,,COL/A91; SRS5253/1/92,
ITM846822,"MURRAY, Geo P. M.; BLAKENEY, Sub Inspector.","Rockhampton, Port Mackay, Nebo, Isaac River District",,,Letter from Inspector Geo P M Murray at Rockhampton to Commissioner of Police Brisbane re. Sub Inspector Blakeney,"1866/1251 

& QVP, 1867 ?",p.178-179,18 April 1866,,COL/A92; SRS5253/1/93,
ITM846822,"McHENRY, J.","Fort Cooper, Head Station, Leichhardt Downs",,,"Letter from J McHenry at Leichhardt Downs to OIC of Native Police at Fort Cooper, forwarded to the Colonial Secretary? ",1867/1549,p.161-163,15 June 1866,,COL/A92; SRS5253/1/93,
ITM846822,"BLAKENEY, Chas, Sub Insp.; MCHENRY, J.; SHERIDAN, R.;",Fort Cooper; Leichardt Downs,,,Letter from Sub Inspector Charles Blakeney at Fort Cooper to J McHenry at Leichhardt Downs re his letter of 15 June; forwarded to the Colonial Secretary? ,1867/1549,p.164,20 June 1866,,COL/A92; SRS5253/1/93,
ITM846822,"BLAKENEY, C; MURRAY, G.M.P.",Mackenzie District,,,Telegram from Sub Inspector Charles Blakeney at Waverley to Inspector GPM Murray ,1867/1549,p.158,26 March 1866,,COL/A92; SRS5253/1/93,
ITM846822,"CHAUOLE(?), Mr; 'MILESEN'(?), 'Peter'; MACARTHY; MAYNE; MURRAY, G.P.M; BLAKENEY, C.",Oxford Downs; Port Mackay; H(?) Station on the Bowen; Nebo; Fort Cooper; Lake Elphenstine(?); Grosvenors Downs; Retreat; Hazelwood; Homes Camp; Hamilton; Boothill Creek; Greenwood; Wandoo(?),,,Letter from Sub Inspector Charles Blakeney at Fort Cooper to Inspector GPM Murray at Rockhampton ,1867/1549,p.153-154,28 February 1866,,COL/A92; SRS5253/1/93,
ITM846822,,Leichhardt Downs ('Late Arthur Downs') ,,,Letter from Robert Wilson at Leichhardt Downs (‘Late Arthur Downs’) to Inspector of Native Police at Fort Cooper; forwarded to the Colonial Secretary? ,"1867/1549 & QVP, 1867",p.159-160,17 June 1866,,COL/A92; SRS5253/1/93,
ITM846822,BLAKENEY, Leichhardt Downs,,,"Letter from William Wilson at Leichhardt Downs, Isaac River to Colonial Secretary ",1866/1996,p.156-157,6 July 1866,,COL/A92; SRS5253/1/93,
ITM846822,BLAKENEY,Rockingham Bay; Mackensie district,,,Letter from the Commissioner of Police to Colonial Secretary ,"1866/2008 & QVP, 1867",p.176-177,23 July 1866,,COL/A92; SRS5253/1/93,
ITM846822,BLAKENEY,Waverly,,,Letter from Inspector GPM Murray at Rockhampton to Commissioner ,"1866/2014 & QVP, 1867",p.165-166,28 June 1866,,COL/A92; SRS5253/1/93,
ITM846822,"BLAKENEY,C. Sub Inspector; MURRAY,G. Inspector; McKENNY; ",Fort Cooper; ,,,Letter from Sub Inspector Charles Blakeney at Fort Cooper to Commissioner of Police Brisbane,"1866/2184 & QVP, 1867",p.144-145,22 July 1866,,COL/A92; SRS5253/1/93,
ITM846822,"BLAKENEY,C. Sub Inspector; MURRAY,G. Inspector; ",Fort Cooper; ,,,Letter from Sub Inspector Charles Blakeney at Fort Cooper to Inspector GPM Murray at Rockhampton ,"1866/2185 & QVP, 1867",p.146-147,20 July 1866,,COL/A92; SRS5253/1/93,
ITM846822,"BLAKENEY,C. Sub Inspector; MURRAY,G. Inspector; McKENNY; ",Rockhampton ,,,Letter from Inspector GPM Murray at Rockhampton to Commissioner of Police Brisbane,"1866/2312 & QVP, 1867",p.148-149,15 August 1866,,COL/A92; SRS5253/1/93,
ITM846822,"BLAKENEY,C. Sub Inspector; MURRAY,G. Inspector; McKENNY; ",Fort Cooper; Port Mckay,,,Letter from Sub Inspector Charles Blakeney at Fort Cooper to Commissioner ,"1866/2416 & QVP, 1867",p.150-152,24 August 1866,,COL/A92; SRS5253/1/93,
ITM846822,"BLAKENEY,C. Sub Inspector; MURRAY,G. Inspector; ",Fort Cooper; Rockhampton; Nebo,,,Letter from Sub Inspector CF Blakeney at Fort Cooper to Inspector GPM Murray at Rockhampton ,1866/2458,p.139-140,3 May 1866,,COL/A92; SRS5253/1/93,
ITM846822,"BLAKENEY,C. Sub Inspector; MURRAY,G. Inspector; McKENNY,P.;  SEYMOUR",Fort Cooper; ,,,Letter from Colonial Secretary to Commissioner ,"1866/2458 & QVP, 1867",p.141-143,20 September 1866,,COL/A92; SRS5253/1/93,
ITM846822,"BLAKENEY,C. Sub Inspector; MURRAY,G. Inspector; McKENNY,P.;  SEYMOUR; MARLOW, Inspector; JARDINE; ",Brisbane; Rockhampton; ,,,Letter from the Commissioner of Police to Colonial Secretary ,"1866/2605 & QVP, 1867",p.174-175,18 September 1866,,COL/A92; SRS5253/1/93,
ITM846822,"BLAKENEY,C. Sub Inspector;",,,,Letter from Under Colonial Secretary to Commissioner of Police,"1866/2867 & QVP, 1867",p.181,6 December 1866,,COL/A92; SRS5253/1/93,
ITM846822,"MURRAY, Inspector Geo P M; COMPIGNE, Acting Sub Inspector; MATSON, P. Sergeant; BURN, Sub Inspector; AUBIN, Acting Sub Inspector; PASCHEN, Sub Inspector; SEYMOUR, Acting Sub Inspector; STOKES, Acting Sub Inspector; BLAKENEY, Sub Inspector; CARR, Acting Sub Inspector; ","Rockhampton, Springsure, Spring Creek, Ten Mile Creek, Camp Bush; Upper Dawson, Dogwood Creek, Wallum?, Carrabah, Taroom, Gwambegyne, Turtle Creek, Skotswood, Redcliffe, Bankina? Downs, Panbrook? Downs, Morvana? Downs, Arcadia Downs, Banana town ship, Clifford, Euroombah, Bungalow, Auburn, Hawkwood, Palm Creek; Broadsound, Yamba?, Marllora, Princhester, Tilpal, GleNative Policerarie, Apis Creek; Mackenzie, Isaac River",,,Letter to the Colonial Secretary; General Monthly Report for North Midland District for February 1866 ,1866/no number,p.207-208,28 February 1866,,COL/A92; SRS5253/1/93,
ITM846822,"MURRAY, Inspector Geo P M; COMPIGNE, Acting Sub Inspector; MATSON, P. Sergeant; AUBIN, Acting Sub Inspector; CARR, Acting Sub Inspector; SEYMOUR, Acting Sub Inspector; PASCHEN, Sub Inspector; STOKES, Acting Sub Inspector; BLAKENEY, Sub Inspector; NANTES, Acting Sub Inspector; ","Rockhampton, Marllora, Canoma, Herberts Creek, Gainsford, Ehyphana? Vale, Torilla, Torilla Plains; Upper Dawson, Palmstone Creek, Gwambegyne, Cockatoo, Bungalow, Bundi, Clifford, Durham Downs, Myall Downs, Hornet Bank, Euroombah, Taroom, Carrabah; Broadsound, GleNative Policerarie, Stoodleigh, Pt Lamson?, Willanga, Tilyral?; Mackenzie, Booroondana, Kyabil, Coorora, Dawson, Pearl Creek, Expedition range; Isaacs River, Banana, Retreat, Bollingbrook, Willanga, Lotus Creek, Emmet Creek, Sandy Creek, Lenton Downs.",,,Letter to the Colonial Secretary; General Monthly Report for North Midland District for April 1866 ,1866/no number,p.206,30 April 1866,,COL/A92; SRS5253/1/93,
ITM846822,"MURRAY, Inspector Geo P M; COMPIGNE, Acting Sub Inspector; CARR, Acting Sub Inspector; SEYMOUR, Acting Sub Inspector; PASCHEN, Sub Inspector; STOKES, Acting Sub Inspector; BLAKENEY, Sub Inspector; NANTES, Acting Sub Inspector; FREUDENTHAL, Sub Inspector; AUBIN, Acting Sub Inspector;","Rockhampton, Limestone, Herberts Creek, Tilpal; Broadsound, Bonnie Doon, Deep Creek, Princhester, Marlborough, Stoodleigh, Willangie, Clairview; Mackenzie, Redcliffe, May Downs, Arthur Downs, Columbra, Lotus Creek, Caroora, Well Camp, Springton, Gainsford, Typhemia Vale; Isaacs, Hamilton, Retreat, Oxford Downs, Tallbush Point Collision, Saltbush; Upper Dawson, Auburn, Hawkwood, Bungalow Creek, Taroom, Rochdale, Wombagen Creek, Deer River, Banana, Kiangal",,,Letter to the Colonial Secretary; General Monthly Report for North Midland District for June 1866 ,1866/no number,p.202-203,30 June 1866,,COL/A92; SRS5253/1/93,
ITM846822,"MURRAY, Inspector Geo P M; COMPIGNE, Acting Sub Inspector; MAHON, Sergeant; CARR, Acting Sub Inspector; SEYMOUR, Acting Sub Inspector; PASCHEN, Sub Inspector; STOKES, Acting Sub Inspector; BLAKENEY, Sub Inspector; NANTES, Acting Sub Inspector; FREUDENTHAL, Sub Inspector; AUBIN, Acting Sub Inspector;","Rockhampton; Torilla?; Raspberry Creek; Canal Creek; Glenroy; Rosewood; Mornish; Canoma; Limestone; Broadsound; Stoodleigh?; Apis Creek; Balcombe; Marlborough; Mackenzie; GleNative Policerairie; Mt Connel?; Teripal?; Bakers Peninsula; Phillip Lagoon; Apis Creek; Leura; Columbra; Isaacs; Nebo; Fort Copper; Hazlewood; Lansdown; McKay; Greenmount; Hamilton; Oxford Downs; 
Upper Dawson; Saltbush; Cardswan?; Collaroy; Costellos; Palm Tree Beach; Taroom; Rochedale; Gwambegwyne?",,,"Letter from Insp. GPM Murray at Rockhampton to the Commissioner of Police, forwarding General Monthly Reports for North Midland District for May 1866 ",,p.205,31 May 1866,,COL/A92; SRS5253/1/93,
ITM846822,"MURRAY, G. Inspector; LLOYDS, Mr; NIELSEN; CONDAMINE (Officer No.56); MOWBRAY (Officer No. 65); CARR, Sub Inspector;",Fort Copper; Rockhampton; Blue Mountain Station; North Creek Station; Mackenzie;,,,Letter from Sub Inspector Charles Blakeney at Fort Cooper to Inspector GPM Murray at Rockhampton ,1867/1549,p.170-171,14 June 1866,,COL/A92; SRS5253/1/93,
ITM846822,"McCLUSKEY; PRINGLES, E. H.; RILEY; PEIRSE",Logan River; Logan; Jabragackba Station; Brisbane,,,Letter from the Commissioner of Police to the Colonial Secretary ,1867/1712,p.210-212,11 July 1867,,COL/A92; SRS5253/1/93,
ITM846822,McCLUSKY,Albert River,,,Letter from Edward Hamilton Pringle at Brisbane to Dr Challinor; forwarded to the Colonial Secretary? ,1867/1712,p.213,18 May 1867,,COL/A92; SRS5253/1/93,
ITM846822,,Ipswich; Dalby;  Brisbane; Warwick; Toowoomba; Clermont,,,Letter from the Commissioner of Police to the Colonial Secretary ,1867/1718,p.1-4,10 July 1867,,COL/A92; SRS5253/1/93,
ITM846822,McCLUSKEY,,,,Letter from Acting Sgt McCluskey at Logan River to Insp. at Brisbane; forwarded to the Colonial Secretary ,1867/1048 ,p.233,26 June 1867,,COL/A92; SRS5253/1/93,
ITM846825,"MANNING, A. W.; CARR",Wide Bay District; Coopers Plains; Maryborough,,,Letter from S. P. Graham to the Colonial Secretary ,1867/2376,p.113-118,21 September 1867,,COL/A95; SRS5253/1/96,
ITM846825,"BOWEN, G. ",Bowen; Roper River; Gulf of Carpentaria; Leichhardt,,,Telegram from Police Magistrate at Bowen to the Colonial Secretary ,1867/2446,p.83-84,26 September 1867,,COL/A95; SRS5253/1/96,
ITM846826,,,,,"Letter from the Aboriginal Protection Society, London, to the Colonial Secretary ",,,1 August 1867,,"QSA item 846826, 1867/2680",
ITM846827,Jimmy (Aboriginal man); LANDSBOROUGH,Burke district; Cleavland Bay; New South Wales; Sydney; Burke town; Norman,,,Letter from Commissioner of Crown Lands (JP Sharkey) at Burketown to the Colonial Secretary ,"1867/2639, copied and scanned",p.58-61,6 September 1867,,COL/A97; SRS5253/1/98,
ITM846827,,,,,Invoice payment from Colonial Secretary to a Newspaper ,"1867/2842, /2847 & /2813 copied and scanned",p.47-49,7 October 1867,,COL/A97; SRS5253/1/98,
ITM846827,,Burke town; Maranoa,,,Letter from the Commissioner of Police to Colonial Secretary ,1867/2846,p.56-57,4 November 1867,,COL/A97; SRS5253/1/98,
ITM846830,Ritchie,Toowoomba,,,Letter from Inspector Marlow at Port Denison Native Police camp to Commissioner with forwarding letter from Toowoomba Hebrew Congregation,1868/552,p.106-108,9 December 1867,,COL/A100; SRS5253/1/101,
ITM846830,"MURRAY: MARLOW; CORNELL, M. O. ",Bowen; Rockhampton; Banana; Barcoo; Belyando; Bowen River; Brown River; Bunderow River; Cape River; Clermont; Coppaheld; Crocadile Creek; Flinders Rier; Gladstone; Gamsford; Knobworth; Lilyvale; Mackay; Mackingre; Nebo; Rockhampton; Sringsure; Waverly; Townsville; Yaamba,,,Correspondence from the Commissioner of Police to the Colonial Secretary forwarding two reports. ,1868/56,p.166-173,6 January 1868,,COL/A100; SRS5253/1/101,
ITM846833,PRIDINE; HOWE,Somerset; Carpentaria,,,Letter from WD Uhr to Colonial Secretary ,1868/760,p.70-72,24 January 1868,,COL/A103; SRS5253/1/104,
ITM846833,,New Zealand; Fraser Island; Maryborough; ,,,Letter from the Water Police at Maryborough to the Colonial Secretary ,1868/904,p.117-119,25 March 1868,,COL/A103; SRS5253/1/104,
ITM846833,,Allora; Burkedon; Banana; Barcoo River; Belyando River; Bowen; Bowen River; Brisbane; Brown River; Burdekin River; Charleville; Clermont; Cleveland; Condamine; Crocadile Creek; Carriwillinghi; Cape River; Dalby; Dareel; Dawson River; Drayton; Toowoomba; Gatton; Gayndah; Gamsford; Gladstone; Goondiwindi; Gympie; Inglewood; Issac's River; Knebworth; Laidley; Leyburn; Logan River; Lillyvale; Lynd River; Mackay; Mackenzie River; Maranoa River; Morinish; Marlborough; Maryborough; Nebo; Nanango; Paroo; Rockhampton; Ridyelands; Roma; St George; Sandgate; Somerset; Springsure; Surat; Siittor River; Taroom; Warwick; Warrego River; Warraba; Waverly; Woogaroo; Yaamba; Yo Yo Creek; Hiimby Bond,,,Table showing the 'strength and disposition of the Queensland Police force' sent to the Colonial Secretary,1868/930,p.7-9,31 March 1868,,COL/A103; SRS5253/1/104,
ITM846833,"DONALD, P. F. N.; THOMSON",Wilpend; Mackenzie River; Bedford; Marlborough,,,Letter from Commissioner to the Colonial Secretary with letter attached ,1868/957,p.100-104,31 March 1868,,COL/A103; SRS5253/1/104,
ITM846834,,Bowen; Burdekin ,,,Letter from Frederic Hamilton at Hinchinbrook Station to Colonial Secretary with attached copy of letter from John Marlow of Bowen ,1868/1033,p.75-79,18 March 1868,,COL/A103; SRS5253/1/105,
ITM846835,UHR,Mt Landsborough,,,Letter from WD Uhr at Burketown to the Colonial Secretary Re. urging his appointment as Justice of the Peace,1868/1354,P.171,14 March 1868,,,
ITM846836,,,,,Letter to the Colonial Secretary re. appointment of Uhr as Inspector of Slaughter Houses,1868/1588,p.15-16,28 May 1868,,,
ITM846836,,,,,Letter to the Colonial Secretary reporting Strength and Disposition of Police Force for month of May 1868,1868/1644,p.153-154,3 June 1868,,,
ITM846836,,,,,Letter from the Commissioner of Police to the Colonial Secretary re. Police Protection,1868/1661,p.4-5,3 June 1868,,,
ITM846836,,,,,Letter from Barker requesting Police Protection from men associated with the gold rush,1868/1280,p.6-7,27 April 1868,,,
ITM846836,,,,,Letter from Gadon requesting Police Protection from lawless men who walk about between diggings,1868/1279,p.8-9,16 April 1868,,,
ITM846836,,,,,Correspondence from the Police Magistrate at Maryborough to the Colonial Secretary re. Number of blankets distributed to Blacks,1868/1777,p.102-103,10 June 1868,,,
ITM846836,ARMSTRONG,Clermont,,,Letter from TW van Wessen? at Clermont to the Colonial Secretary ,1868/1525,P.72-73,7 May 1868,,,
ITM846836,UHR; CHINAMAN,Cloncurry; Flinders; Burketown; Norman River settlement; Cleveland Bay; Burke District,,,"Letter from Brodie Brothers (‘Little and Hetzer’) at Urilla, Cleveland Bay, to the Colonial Secretary ",1868/1720,p.130-134,18 April 1868,,,
ITM846837,ARMSHONY,Port Denison,,,"Letter from Holt and      to CCL, forwarded to the Colonial Secretary ",1868/1851,p.140-142,7 June 1868,,COL/A107; SRS5253/1/108,
ITM846838,,Allora; Burketown; Banana; Barcoo River; Belyando River; Bowen; Bowen River; Brisbane; Brown River; Burdekin River; Charleville; Clermont; Cleveland; Currie; Condamine; Crocadile Creek; Carriwillinghi; Dalby; Datrymple; Dareel; Dawson River; Drayton; Toowoomba; Gatton; Gayndah; Gainsford; Gladstone; Goondiwindi; Gympie Creek; Inglewood; Helsham; Ipswich; Isaac's River; Knebworth; Lillyvale; Laidley; Leyburn; Logan River; Lynd River; Cardwell; Mackay; Mackenzie River; Maranoa River; Morinish; Malborough; Maryborough; Nebo; Nanango; Paroo; Rockhampton; Roma; Ridgelands,,,Table showing the 'strength and disposition of the Queensland Police force' sent to the Colonial Secretary,1868/2003,p.3-5,30 June 1868,,COL/A107; SRS5253/1/109,
ITM846838,,Gooroorah,,,Letter from Sub-Inspector Reginald Uhr at Cooroorah on the Comet River to the Colonial Secretary with 'appraisal by squatters of Native Police force under my command'.,1868/2021,p.32-33,23 June 1868,,COL/A107; SRS5253/1/109,
ITM846839,"MURRAY: MARLOW; CORNELL, M. O. ",Cardwell; Murray River; Mackay; Meunega Creek; ,,,Letter from Police Magistrate at Cardwell to the Colonial Secretary ,1868/2389,p.210-213,13 July 1868,,COL/A107; SRS5253/1/110,
ITM846840,Moka (Aboriginal person); Sullivan (Aboriginal person); Jack (Aboriginal person); Jimmy (Aboriginal person); Sally (Aboriginal person); Jessie (Aboriginal person); Lucy (Aboriginal person); Granny (Aboriginal person); Darby (Aboriginal person); Maria (Aboriginal person); Davey (Aboriginal person); Barney (Aboriginal person); Jimmy (Aboriginal person); Sandy (Aboriginal person); Maria (Aboriginal person); Mary Ann (Aboriginal person); Old Billy bo (Aboriginal person);  Jack (Aboriginal person); Molly (Aboriginal person)); Sam Marshall (Aboriginal person); Dick  (Aboriginal person); Billy Barlow (Aboriginal person); Tammy  (Aboriginal person); Willie  (Aboriginal person); Bunfledon Saty  (Aboriginal person); Billy  (Aboriginal person); Jacky  (Aboriginal person); Jimmy  (Aboriginal person); Croppy  (Aboriginal person); Jimmy Dumorn; ,Goondiwindi; Winton; Callandoon; Welltown; Bengalla; Billa Billa,,,Letter from PM at Goondiwindi (Goodall) to Colonial Secretary regarding 'return of blankets issued to aborigines',1868/2570,p.122-124,12 August 1868,,COL/A110; SRS5253/1/111,
ITM846841,,,,,Letter to the Colonial Secretary re. Strength and Disposition of the Police Force for the month of August 1868,1868/2758,p.22-23,2 September 1868,,,
ITM846841,,,,,Correspondence from the Police Magistrate at Somerset (Simpson) to the Colonial Secretary providing details re the Store and Cash Accounts relating to Somerset 1868,1868/2876,p.109-114,4 April 1868,,,
ITM846841,,,,,Letter from the Commissioner of Police to Colonial Secretary re. white and black police to be stationed at Somerset to fill 5 resignations,1868/2928,p.21-22,15 September 1868,,,
ITM846841,,,,,Letter from the Commissioner of Police to Colonial Secretary re. 5 resignations of police from Somerset due to dispute over having to pay for rations,1868/2551,p.23-26,17 August 1868,,,
ITM846841,"EULAH (previously a corporal in the Native Police, and Jardine's favourite ""Black Boy""); CAPTAIN FRASER; SIMPSON; ","Somerset, Point Ballack Station, Raine Island",,,Letter from Police Magistrate at Somerset to the Colonial Secretary providing an overview of the state of affairs in the settlement of Somerset,"1868/2548

In top letter 1868/2874",p.102-103,31 June 1868,10 May 1868,,
ITM846841,EULAH; JOHN JARDINE; Mr JAGG (rebel),"Point Ballack Station, Somerset",,,Letter from the Police Magistrate at Somerset to the Colonial Secretary re. Robbery and Murder of a black boy by a group of Aboriginals,"1868/2874

Gall Estray",p.99-101,12 May 1868,10 May 1868,,
ITM846841,,Bowen,,,Letter from the Police Officer at Bowen to the Colonial Secretary,1868/2968,p.93-94,8 September 1868,,,
ITM846841,MARLOW,Bowen,,,Telegram from the Police at Bowen to the Colonial Secretary ,1868/2830,p.95-96,7 September 1868,,,
"ITM846841

ITM846817","O'CONNELL, Coln; BLIGH, John O'Connell; MURRAY, G.P.M.; HERBERT; DALRYMPLE;",Upper Burdekin;,,,Letter from GL Price at Civil Service Club to Colonial Secretary ,1867/70;  Top number 1867/170,p.35-36,8 September 1866,,"COL/A111

COL/A87",
ITM846841,,,,,Correspondence from the Police Magistrate at Somerset (Simpson) to the Colonial Secretary providing details re Store Returns and Cash Accounts at Somerset 1868,1868/850,p.115-121,25 January 1868,,,
ITM846842,,,,,Letter to the Colonial Secretary containing multiple tables of costings for Native Police ,1868/3026,p.76-85,24 September 1868,,COL/A112; SRS5253/1/113,
ITM846842,,,,,Letter from Sub Inspector Coward at Burketown to the Colonial Secretary ,1868/3227,p.50-54,16 September 1868,,COL/A112; SRS5253/1/113,
ITM846843,,Surat district,,,Letter from Clerk of Petty Sessions at Surat (Richard Taylor) to Colonial Secretary ,1868/3367,p.175-176,14 October 1868,,COL/A113; SRS5253/1/114,
ITM846844,,,,,Telegram from PM at Maryborough (Kemball) to Colonial Secretary ,1868/3622,p.66-67,10 November 1868,,COL/A113; SRS5253/1/115,
ITM846845,FITZGERALD; GILMORE; COOPER; HEPHESEE; BURESEN,,,,Letter from the Commissioner of Police to the Colonial Secretary ,1868/3902,p.1-3,1 December 1868,,COL/A113; SRS5253/1/116,
ITM846845,,,,,Letter from the Police Magistrate at Burketown to the Colonial Secretary ,1868/4031,p.140-142,19 July 1868,,COL/A113; SRS5253/1/116,
ITM846846,"BENNETT; BROWN, J. R.; HILLLIAN; FITZGERALD; MARLOW; THOMPSON; STEWART, Robert.; TATE, J. P.",Rockingham Bay; St Lawrence; Marlborough; Gladstone; Dunngree; Mount Alme; Southwick Station; Dalrymple; Flinders; ,,,Letters from the Commissioner of Police to the Colonial Secretary with letters forwarded from settlers requesting protection. ,1869/100,p.103-116,8 January 1869,,COL/A116; SRS5253/1/117,
ITM846847,PALMER; WHEELER,Gladstone,,,Letter from the Commissioner of Police to Colonial Secretary ,1869/364,p.101-102,29 January 1869,,COL/A117; SRS5253/1/118,
ITM846847,THOMPSON; MARLOW,Dalrymple; Burdekin; Bowen; Townsville; Cape River; Mackay,,,Letter from the Commissioner of Police to Colonial Secretary ,1869/473,p.67-68,8 February 1869,,COL/A117; SRS5253/1/118,
ITM846848,KNOTT Jane; REICHMANN MRS; JACOB (Aboriginal),Bau Bau; Ideraway; Nombah ? Station,,,Letter from the Police Magistrate at Gayndah in relation to apprehension of 'Jacob' a Black fellow charged with the rape of two women,1869/609,p.248-253,11 February 1869,January 1869,,
ITM846849,JAGG ,,,,"Cover letter from Jagg to Colonial Secretary RE explaining delay in his letter written 7 February 1868, not being sent till 26 May 1868",1868/1566,p.35,26 May 1868,,,
ITM846849,JAGG; JARDINE,,,,Note from Jagg to Colonial Secretary re. advising of potential delay in reply due to obtaining affidavit from Jardine's man servant ,1868/360,p.35,1 February 1868,,,
ITM846849,,,,,Cover letter to Colonial Secretary from Police Magistrate Somerset. Report and enclosures pertaining to Captain Simpson and Rev Jagg's correspondence,1868/3754,p.48,20 Nov 1868,,,
ITM846849,SIMPSON; GALL; HOWE; KENNETT; JAGG,"Somerset, Cape York",,,Letters (received) to the Colonial Secretary from Reverend Jagg ,"1869/822, Gall Estray",p.23,5 March 1869,,,
ITM846849,HOWE; SIMPSON; JAGG Rev,Great Woody Island; Somerset,Yardaigaul;  Gudaup; Kaureragos?,,Letter from Acting Sub Inspector Howe to Inspector of Police at Somerset re. conduct of Simpson,1868/15,p.24-25,17 August 1868,,,
ITM846849,SIMPSON; KENNETT,Great Woody Island; Somerset,,,"Letter from William Kennett to Police Magistrate, Somerset re addressing the inaccurate and exagerrated information supplied by Simpson in his Report on the Settlement of Somerset",1869/822 ,p.26-27,29 August 1868,,,
ITM846849,"JARDINE; JAGG, SIMPSON; RALPH",Somerset   ,,,Letter from Simpson to Colonial Secretary refuting claims against him by Rev Jagg,1868/2370,p.28-30,28 July 1868,,,
ITM846849,"JAGG, SIMPSON; RALPH; KENNETT",Cape York; Somerset; Great Woody Island,Kaureragos?,,Letter from Jagg to Colonial Secretary refuting Simpson and his report on the Settlement of Somerset,1868/1923,p.31-34,7 February 1868,,,
ITM846849,JAGG; JARDINE; HARAN; KENNETT; HOWE; MR BEA; MRS JOHANSON; PIAQUAI; HARICOME (black fellow); GOVMARCER (black fellow); 3 black boys,Turtle Island; Rockhampton; Newcastle Bay; Cape York; Prince of Wales Island; Albany Island; Possession Island; Woody Island; Entrance Island,Yardaigau;  Gudauy; Korosaregos?; Gomokudie?,,Letter from Simpson to Colonial Secretary detailing months of tribal quarrels and violence ,1868/150,p.36-45,10 October 1867,,,
ITM846849,HARAN; JAGG; KENNETT; 'HARRYCOME' (Cape York native); 3 black boys,Escape River; Cape York; Somerset,Yardaigau;  Gudauy; ,"beheadings, skulls taken",Letter from Jardine to Colonial Secretary corroborating statements made pertaining to himslef in Simpson's report,1868/20,p.46-47,17 August 1868,,,
ITM846850,"JARDINE, Frank; SEYMOUR, D.J., ",Bowen,,,Letter from Police Magistrate at Somerset (Frank Jardine)  to Seymour.,1869/1108,p.144-145,1 January 1869,,Gall Estray,
ITM846850,"SEYMOUR, D.J.; JARDINE; ",Somerset,,,Report from Seymour to the Colonial Secretary,"1869/1108 top number

1869/1136
",p.145,3 April 1869,,Gall Estray,
ITM846851,"CHATFIELD, William;",Set - staff numbers at Native Police Camps and Stations,,,,1869/1483,p.180 - 185,14 January 1869,,,
ITM846852,Gympie,Gympie,,,Telegram from the Police Magistrate at Gympie to the Colonial Secretary ,1869/1605,p.63 - 64,3 May 1869,,,
ITM846852,Bowen,Gympie,,,Letter from Bowen to the Colonial Secretary ,1869/1662,p.192 - 195,7 May 1869,,,
ITM846853,JACOB (Aboriginal man),,,,Execution of Jacob (Aboriginal) ,1869/1786,p.151 - 152,17 May 1869,,,
ITM846854,,Fraser Island; Maryborough.,Fraser Island; Maryborough,,,1869/1863,p.183 - 186,16 May 1869,,,
ITM846855,"CLARKE, P. Francis; CLARKE, W.; MURRAY, F. (Sub-Insprctor); SEYMOUR, D. T.",Mount Wyatt; Bowen; Townsville,,,Telegram from Bowen to the Colonial Secretary ,1869/2011,p.19 - 21,29 May 1869,,,
ITM846857,,,,,,1869/2454,p.15 - 19,28 June 1869,,,
ITM846858,,,,,Letters to the Colonial Secretary ,1869/2724,p.35 - 36,15 July 1867,,,
ITM846859,"Colonial Secretary; Under Colonial secretary; BURKITT, Horace, C.P.S. St Lawrence; ",St Lawrence; ,,,,1869/2985,p.206 - 209,28 July 1869,,,
ITM846860,"WHELER, Edward, Sub Inspector Native Mounted Police; HODGSON, A.;",Fort Cooper;,,,"Letter from Sub Inspector Edward Wheeler at Fort Cooper, Nebo to the Colonial Secretary ","1869/2919

Top number 69/3147",p.206-207,15 July 1869,,,
ITM846860,,,,,Letter from Commissioner of Police Brisbane respecting Chief Inspector Murrays report on a recent tour of Inspection of Northern Districts to the Colonial Secretary,1869/3163,p.26-27,18 August 1869,,,
ITM846860,MARLOW Inspector; MURRAY Sub Inspector; LAING Seargent; BRADY Acting Seargent; MURPHY Constable; ARMSTRONG Sub Inspector; WOLF Acting Sub Inspector; FINCH Sub Inspector; MORRISSET Sub Inspector;,Gilbert Diggings; Springsure; Gansford; Rockhampton; St Laurence; Port McKay; Bowen; Townsville; Cardwell; Pelican Lake; Gilbert; Cape River; Dalrymple; Nebo; Clermont; Upper Cape; Mount Wyatt Diggings; Ravenswood Diggings; Cape River; Mackenzie River; Belyando; Barcoo; Worego; Comet; Nogoa,,,"Letter from Police Department, Springsure Native Police Chief Inspector Murray to Commissioner of Police Brisbane",1869/2461 and 1869/77,p.28-32,4 August 1869,,,
ITM846863,"CHESTER, Henry M., Acting P.M.;  Colonial Secretary; Nominal Roll of Natives given blankets, 1869: BAIDA (COCKATOO); KEEBIA (HURRICOME); NEETCHA (BROOMSTICK); CHOKANEE (BENJAMIN); NOOGOOLAY; BADID (PIPEY); MAABA; YOWAGEE (JOE); JERA (father of COCKATOO); NCHAMOKA; PAANA; NAIKA; CARAMBA; PAANO; TOORANG; ARAK; ALIMOO; WARKA; MACKOO (BILLY); WOOREA (BOUDI) OPPI (SIMON); OFOMD (BIGUOSE); JAMAULA; BOINA; DAIMURRA (Gui); DOMAUI (Gui); EWI (Gui); MARPUTTA (Gui); BAGAGUILA (Gui); JACCA (Boy); CHEEND (Boy); WOOYOOMOO (Boy); CLIACULLA (Boy); MEEUGGA (SARAH); DOOYOOMU (NELLY); DOWARRA (JENNY); YACULLA (ROBIN); WOOCHOOLOO; WEEGEE; WALIGOOUI; TOTABURRA; COOYOOROO; MANUGEE; PAITA; GAIBA; CHEETA; YONUGA; DOBURRA (Gui); GOWATA (Gui); TOOWA (Gui); TOPEED (Gui);; GODEE (Gui);; BAKI; JARRA JARRA; YAPPARILLY; COONDOONGERA; OPONIMD; AMEENA (Gui); ",Somerset; Mud Bay;,Godang; Cockyrugga; Yadaigam,,,1869/3945,p.18 - 21,21 August 1869,10 August 1869,,
ITM846863,"CHESTER, Henry M., Acting P.M.;  Colonial Secretary; BARWISE, William, Master; GILBERTSON, John Anderson, Mate; SIGRIST, Bernard, Boatswain; TAYLER, George, Carpenter; SEE, Francis, Steward; WALTER, Ernest, A.B. (a Swede); COOK, James, A.B.; TYE, James, A.B.; BAKER, George, Apprentice; ANDERSON, Thomas, Apprentice;","Somerset; Mauritius; Newcastle, N.S.W.; ""Great Detached Reef""; Rania Island; Albany Island; ",,,,1869/3948,p.22 - 32,30 August 1869,26 August 1869,,
ITM846864,,ROCKHAMPTON,,,"Letter from Visiting Justice at Rockhampton to the Colonial Secretary with list of prisoners at Rockhampton Gaol including no. 7 an Aboriginal, offence Black Trooper deserted",1869/4046,p.83 - 88,October 1869,,,
ITM846864,,Kennedy District,,,Letter from P Somer at Bowen to the Colonial Secretary ,1869/4272,p.203-205,14 October 1869,,,
ITM846865,SCARR; COWARD,Norman,,,Letter to the Colonial Secretary from WD Uhr reporting refusal of warrant by Scarr for Mr Coward for murders of Aboriginals,1869/4531,p.183-184,15 November 1869,November 1868,,
ITM846865,COWARD; WALDRON; GRAHAM; BARRET; BORTHURCK ?; YUNG,Norman River; Chinaman's Garden; Western Creek Diggings; Port Denison,,,Letter to the Commissioner of Police from Darcy Uhr reporting the murder of 4 to 5 Aboriginal men by Sub Inspector Coward of the Native Police,"1869/4136

in top number 69/4532",p.181-182,12 November 1869,November 1868,,
ITM846865,"Colonial Secretary; UHR, W.D.; SCARR, W.; COWARD, Thomas, Sub Inspector;",Norman; ,,,,"1869/4531

in Top number 69/4532",p.183-184,14 May 1870,,COL/A135; SRS5253/1/136,
ITM846868,SMITH,Somerset,,,Letter from Acting Police Magistrate at Somerset (Chester) to the Colonial Secretary ,1869/3949,p.102-103,1 September 1869,,,
ITM846868,PALMER. A.H.; JARDINE,Point Vallack Station; Somerset; ,,,,1870/50,p.121-123,31 December 1869,,"COL/A136

JOL, MLC 1791-18/3",
ITM846868,,,,,Letter from Crown Agents for Colonies to the Colonial Secretary re. shipment containing clothing for the Police,1870/612,p.72,23 December 1869,,,
ITM846868,"Mayor, Toowoomba; HERLICH Alick; KLEIN, Michael;  GORM [?], W.H., M.L.A.; HARTNETT; ",Toowoomba; ,,,,1870/652,p.156-160,22 February 1870,,COL/A138; SRS5253/1/139,
ITM846869,"Commissioner of Police; JEMMY (Chinaman); LORNER, John, Puntman; TOMMY (Aboriginal); ALLIGATOR BOB (Aboriginal); TOWNS & CO; READ, Ellis; NATHAN, J.H.; EAKINS, Henry; THOPSON; TRAVERS; AH FOO (Chinaman); OLD TOM (Chinaman), gardener on the Island; AH CHONG (Chinaman), of Burketwon; SHAW, Jemmy, (Chinaman), cook at MCLERMANS; AH SAM (Chinaman), shepherd for TRAVERS; AH CHOW (Chinaman); AHONNEY, Johnny (Chinaman); LANDSBOROUGH, W.; UHR, W.D.; ",Norman River; Burketown; Gilbert cattle station; Townsville; Leichhardt station; Cloncurry gold fields; Seveers Island;,,,Letter from Sub Inspector Coward to Commissioner of Police,1869/4265,p.135-160,6 September 1869,March 1867,,
ITM846870,THORN; SEYMOUR;,Mitchell Downs; Roma; Charleville; Ipswich; West Moreton District; Inglewood; Rockhampton; Clermont; Ravenswood; Gilbert,,,Letter from the Commissioner of Police to the Colonial Secretary ,1870/1006,p.11-12,31 March 1870,,COL/A140; SRS5253/1/141,
ITM846870,COMBO (Aboriginal); ,Northern District,,,Letter from ex-Judge Geo Long Innes at Sydney to the Colonial Secretary ,1870/1019,p.52-53,01 March 1870,,COL/A140; SRS5253/1/141,
ITM846870,COMBO (Aboriginal); ,Maryborough;,,,Executive Council Minute; prev 1870/440 ,1870/1019,p.51,12 April 1870,August 1868,COL/A140; SRS5253/1/141,
ITM846870,"COMBO (Aboriginal); TOMMY (Aboriginal); SOFER (Aboriginal); MR BROWN (Aboriginal); JUDGE JAMES; WARE, Sergeant; CLOHESY; DE SATZE; ",Maryborough; Peak Downs; Frasers Island,,,Letter from Visiting Justice at St Helena Penal Settlement to Superintendent at St Helena; sub 1870/440 ,1870/139,p.57,10 January 1870,10/02/1905,COL/A140; SRS5253/1/141,
ITM846870,COMBO (Aboriginal); ,Maryborough,,,Letter from Police Magistrate at Maryborough to the Colonial Secretary re. particulars of crimes brought against Aboriginal by the name of Combo,1870/440,p.54,03 February 1870,10/02/1905,COL/A140; SRS5253/1/141,
ITM846872,CHESTER; JARDINE; TYRRELL; SIMPSON; ,Somerset; ,,,Letter from the Police Magistrate at Somerset to the Colonial Secretary ,1870/1405,p.10-13,18 April 1870,,COL/A142; SRS5253/1/143,
ITM846872,CHESTER;   ,Somerset; ,,,Letter from the Police Magistrate at Somerset to the Colonial Secretary re. requisition for arms and ammunition,1870/1472,p.212-214,18 April 1870,,COL/A142; SRS5253/1/143,
ITM846872,"CHESTER, Henry M., P.M.; Colonial Secretary; JARDINE; SIMPSON, Commander; TYRELL, Sergt ",Somerset,,,,1870/1405,p.10-14,16 May 1870,,COL/A142; SRS5253/1/143,
ITM846873,,Maryborough,,,Letter from the Police Magistrate at Maryborough to the Colonial Secretary ,1870/1594,p.329-330,1 June 1870,,COL/A143; SRS5253/1/144,
"ITM846874

ITM846875","COWARD, J.W., Sub Insp.; ",Gulf of Carpentaria; Cleveland Bay; Robinson River; Gilbert River; Nroman River; ,,,"Letter from Sub Inspector Coward at Native Mounted Police Camp, Gulf of Carpentaria to the Commissioner of Police ","1870/1130

in top number 70/1798",p.124-127,20 January 1870,,COL/A144; SRS5253/1/145,
"ITM846874

ITM846875","COWARD, J.W., Sub Insp.; ISLEY, Acting Sub Inspector; SEYMOUR, D.?., Commissioner of Police;",Burketown; Normanton; Rockhampton; Townsville,,,Letter from unknown to the Colonial Secretary; included 1870/1130 and 1870/1132 ,"1870/1604

in top number 70/1798",p.121-123,3 June 1870,,COL/A144; SRS5253/1/145,
ITM846876,,,,,Letter from ex Native Police Officer William Cave at Banana to the Colonial Secretary ,1870/2088,p.252-253,08 July 1870,,COL/A146; SRS5253/1/147,
ITM846877,,,,,Letter from Henry Chester at Somerset to the Colonial Secretary ,1870/2315,p.47-55,06 July 1870,,COL/A147; SRS5253/1/148,
ITM846877,"LANDSBOROUGH; MARSH; COWARD; GIBSON; BEGGAN, Constable; THOMSON; BYRNES; WALKER; SHEAFFES; WALLEN",Burketown; Cloncurry; Cloncurry Gold Mine; Norman; Spear Creek; Norman River; Flinders River; Cloncurry River,,,Letter from Police Magistrate at Burketown to the Colonial Secretary; sub 1870/2311 ,1870/1780,p.33-43,21 May 1870,,COL/A147; SRS5253/1/148,
ITM846877,ARMSTRONG; BROWN; WHITE; ROBBIE,Nebo,,,Letter from residents at Nebo to the Colonial Secretary; see also 1870/2489 ,1870/2443,p.743-745,22 August 1870,,COL/A147; SRS5253/1/148,
ITM846878,,,,,Letter from the Commissioner of Police to the Colonial Secretary,1870/2619,p.399-403,22 September 1870,,COL/A148; SRS5253/1/149,
ITM846879,THORNTON; SEYMOUR; ,Yo Yo; Oakwood;,,,Petition from residents at Oakwood to the Colonial Secretary to not remove Detachment of Native Police from the District,1870/2752,p.147-149,14 September 1870,,COL/A149; SRS5253/1/150,
ITM846879,"CHESTER; KELLY, John; DELANY; JARDINE, Frank; COOK, James; SMITH, John;",Somerset,,,Letter from the Police Magistrate at Somerset to the Colonial Secretary defending Chester against remarks by John Kelly,1870/2857,p.378-381,23 August 1870,,Gall Estray COL/A149; SRS5253/1/150,
ITM846881,"JARDINE, Frank, P.M.; Colonial Secretary; CHESTER; BLAUCHE, H.M.S.; HARAN; HEWES, William (coxswain); ",Somerset; Gladstone; ,,,,1870/2855,p.413-416,22 August 1870,,COL/A151; SRS5253/1/152,
ITM846881,"MARSHALL, Richard [??]",Goondiwindi,,,,1870/3349,p.261,08 December 1870,,COL/A151; SRS5253/1/152,
ITM846881,"GRAY, Robert; Colonial Secretary;","Hughenden, Upper Flinders;",,,,1870/3419,p.405,20 November 1870,,COL/A151; SRS5253/1/152,
ITM846881,"JARDINE, Frank, P.M.; Colonial Secretary; ELLIS, Captain; ",Somerset; Burdekin; Newcastle Bay; Kennedy River; Jardine River; Severs Island; Cleveland Bay,,,,1870/3422,p.410-411,01 November 1870,,"Gall Estray
COL/A151; SRS5253/1/152",
ITM846881,"JARDINE, Frank, P.M.; Colonial Secretary; CHESTER; ",Warrior Reef; Somerset; Possession Island; Sydney; ,,,,1870/3424,p.444-445,01 November 1870,,COL/A151; SRS5253/1/152,
ITM846881,"CHESTER, Henry M., late P.M.; Colonial Secretary; MCGILLIVRAY; BAUMER, Captain; MAROOSH (Oogar Island Chief);","Somerset, Cape York; New Guinea; Talbot Island; Fly River; Warrior (Toot) Island; Warrior Reef; Torres Strait; Stephens Island;",Toot (Warrior Island); Oogar (Stephens Island); ,,,1870/3425,p.419,20 October 1870,,COL/A151; SRS5253/1/152,
ITM846882,,,,,Charge Book entry at Norman; WD Uhr convicted ,"1870/3098

1871/449",p.1,06 August 1870,,COL/A152; SRS5253/1/153,
ITM846882,,,,,"Letter from RR Morisset at Floraville to William Landsborough, forwarded to the Colonial Secretary ","1870/3098

1871/449",p.18-19,10 October 1870,,COL/A152; SRS5253/1/153,
ITM846882,"UHR, Wentworth Darcy;",,,,Charge book entry showing WD Uhr; see also 1871/449 ,"1870/3098

1871/449","p.131
",22 July 1870,22 July 1870,COL/A152; SRS5253/1/153,
ITM846882,,,,,Charge Book entry for WD Uhr at Norman ,"1870/3098

1871/449",p.95,26 February 1870,,COL/A152; SRS5253/1/153,
ITM846882,"UHR, W.D.; LANDSBOROUGH, W.; Colonial Secretary; TRAVERS, J.; ",Norman; ,,,Letter from WD Uhr at Norman to Colonial Secretary ,1870/3175  ,p.103-104,18 October 1870,,COL/A152; SRS5253/1/153,
ITM846883,,,,,Letter from the Police Magistrate at Somerset to the Colonial Secretary ,1866/2490,p.128-145,13 August 1866,,Gall Estray,
ITM846883,,,,,Letter from the Police Magistrate at Somerset (Simpson) to the Colonial Secretary ,1866/2492,p.108-127,21 July 1866,,Gall Estray,
ITM846883,,,,,Letter from Acting Police Magistrate at Somerset to the Colonial Secretary ,1869/3948,p.99-100,11 September 1869,,Gall Estray,
ITM846883,GODFREY,Prince of Wales Island; Friday Island; Somerset,Korarega tribe; Gudauy; Cockyreegga,,Report from Acting Police Magistrate at Somerset to the Colonial Secretary ,1869/3946,p.103-106,10 August 1869,April 1869,Gall Estray,
ITM846883,GASCOIGNE; MCAUSLAND; BINGHAM,Prince of Wales Island; Red Point; Mt Ernest,,Contains graphic details regarding murder and dead bodies ,Letter from the Police Magistrate at Somerset (Jardine) to the Colonial Secretary ,1869/4015,p.96-98,26 June 1869,April 1869,Gall Estray,
ITM846883,GASCOIGNE Mrs; BAADA or COCKATOO; TEAPOT (Aboriginal head man);,Albany Island; Musgrave Island; Prince of Wales Island,Koraregas; Iudooyamo,,Letter from the Police Magistrate Chester at Somerset to the Colonial Secretary; ,1870/1422,p.86-89,31 March 1870,April 1869,Gall Estray,
ITM846883,GASCOIGNE; JARDINE; CHESTER; KELLY; REES,Port Bowen; Somerset; Prince of Wales Island; Cape York,,,Letter from Chief Secretary (Victoria) to the Colonial Secretary ,1870/3371,p.91-94,09 December 1870,April 1869,COL/A153; SRS5253/1/154,
ITM846883,GASCOIGNE; JARDINE; CHESTER; KELLY; REES,Port Bowen; Somerset; Prince of Wales Island; Cape York,,,Letter from Chief Secretary (Victoria) to the Colonial Secretary; prev 1870/1655; sub 1871/524 ,1870/3373,p.74-77,09 December 1870,April 1869,COL/A153; SRS5253/1/154,
ITM846883,,,,,Letter from Chief Secretary (Victoria) to the Colonial Secretary; re informing reports have been transmitted to Mrs Gascoigne in relation to the massacre of the crew aboard the cutter “Sperwer”; ,1871/524,p.73,6 February 1871,April 1869,[Gall Estray] COL/A153; SRS5253/1/154,
ITM846884,,Bowen;,,,,1871/836,p.33 - 50,24 March 1871,,COL/A154; SRS5253/1/155,
ITM846884,"GALLWAY, Daniel, Acting C.P.S.; Under Colonial Secretary",St Lawrence,,,,1871/893,p.53 - 54,23 March 1871,24 May 1871,COL/A154; SRS5253/1/155,
ITM846884,,,,,,1871/904,p.79 - 82,31 March 1871,,COL/A154; SRS5253/1/155,
ITM846884,"CARAIN[?], Potter[?], P.M.; Colonial Secretary; ",Charleville,,,,1871/928,p.38 - 41,25 March 1871,,COL/A154; SRS5253/1/155,
ITM846884,Commissioner of Police,,,,,1871/935,p.56 - 58,31 March 1871,,COL/A154; SRS5253/1/155,
ITM846884,"BARRON, T.H., Visiting Justice; Colonial Secretary; PRINCE ALBERT (Aboriginal); RANKIN, David",St Helena,,,,1871/936,p.59 - 63,01 April 1871,,COL/A154; SRS5253/1/155,
ITM846885,"RONBINSON, J., Hon. Secretary to Aboriginal Mission Committee; Colonial Secretary; FULLER, E., Rev.; ",Maryborough,Fraser Island,,,1871/1072,p.122 - 123,19 April 1871,14 May 1871,COL/A155; SRS5253/1/156,
ITM846885,Colonial Secretary; Commissioner of Police; ,Brisbane; Gilberton; Townsville; Cardwell; Ravenswood; Capeville; Gilberton; Western creek; Cashmere; Bowen; Mackay; St Lawrence; Rockhampton; Cawarral; ,,,,1871/1115,p.36 - 42,24 April 1871,,COL/A155; SRS5253/1/156,
ITM846885,"JARDINE, Frank L., P.M.; Colonial Secretary;","Somerset; ""Brauks""; Saddle Island; ","""Brauks""; Jervis Island",,,1871/1154,p.59 - 61,30 December 1870,,COL/A155; SRS5253/1/156,
ITM846886,Colonial Secreatary,Surat; ,,,,1871/1423,p.72 - 74,26 May 1871,,COL/A156; SRS5253/1/157,
ITM846887,"MURRAY, John; MUELLER; DALLACHY.",Mount Bellenden Ker; Cardwell; Brisbane.,,,"Letter from Inspector John Murray of Native Mounted Police Barracks at Cardwell to the Commissioner of Police Brisbane, 29 March 1869",1869/1827,p.143-145,19 May 1869,,,
ITM846887,MURRAY; MUELLER.,Mount Bellenden Ker.,,,Letter from Dr Mueller to the Colonial Secretary ,1869/2034,p.140-142,26 May 1869,,,
ITM846887,GREGORY; KENNEDY,Mount Bellenden Ker; Cardwell; Cape Grafton.,,,Letter from Surveyor General to the Colonial Secretary ,1869/2167,p.137-139,7 June 1869,,,
ITM846887,GREGORY; MURRAY; MUELLER.,Mount Bellenden Ker.,,,Letter from Dr Mueller to the Colonial Secretary ,1869/2619,p.134-136,26 June 1869,,,
ITM846887,"HILL, Walter; SCOTT.",Mount Bellenden Ker; Brisbane; Cardwell.,,,Letter from Walter Hill to the Colonial Secretary ,1869/3257,p.131,5 December 1870,,,
ITM846887,MURRAY; MUELLER.,Mount Bellenden Ker.,,,Letter from Dr Mueller to the Colonial Secretary ,1869/3800,p.132-133,27 September 1869,,,
ITM846887,MURRAY; MUELLER; BERNAYS; DELLACHY.,Cardwell; Mount Bellenden Ker; Cape York.,,,Letter from LA Bernays to the Colonial Secretary ,1869/518,p.15-18,10 February 1869,,,
ITM846887,MURRAY; HILL; MUELLER.,Mount Bellenden Ker.,,,Letter from Dr Mueller to the Colonial Secretary ,1869/649,p.9,22 February 1869,,,
ITM846887,DELLACHY; MUELLER.,Mount Bellenden Ker; Brisbane; Cardwell; Rockingham Bay.,,,Letter from Commissioner to the Colonial Secretary ,1869/712,p.5,25 February 1869,,,
ITM846887,MUELLER.,Mount Bellenden Ker.,,,Letter from Dr Mueller to the Colonial Secretary ,1869/924,p.3-4,09 March 1869,,,
ITM846887,"HODGSON, Arthur; MUELLER; BERNAYS.",Mount Bellenden Ker.,,,Letter from LA Bernays to the Colonial Secretary ,1869/925,p.1-2,16 March 1869,,,
ITM846887,JARDINE; CHESTER; REVAULT.,Brisbane; Somerset; Timor; New Caledonia; Suez Canal; Rockhampton; Sydney; New Guinea; Mauritius; Toulon.,,,Letter from Police Magistrate at Somerset to the Colonial Secretary; sub 1871/1633 ,1870/2847,p.1-2,06 September 1870,,COL/A157; SRS5253/1/158,
ITM846887,,,,,Letter from Police Magistrate at Somerset (Jardine) to the Commander Challis,1870/2847,p.5,29 March 1871,,COL/A157; SRS5253/1/158,
ITM846887,TOWNLEY.,Western Creek; Gilberton.,,,Letter from Police Magistrate at Western Creek (Gilberton) to the Colonial Secretary; sub 1871/1572 ,1871/1401,p.93-94,01 May 1871,,COL/A157; SRS5253/1/158,
ITM846887,,Western Creek; Gilberton; Delaney; Talbot Creek; Granite Creek.,,,Letter from Police Magistrate at Western Creek (Gilberton) to the Colonial Secretary; see also sub 1871/1520 of 8 June ,1871/1402,p.114-116,03 May 1871,,COL/A157; SRS5253/1/158,
ITM846887,FULLER.,Brisbane; Maryborough; Sandy Cape; Burnett River; Missionary Station; White Cliffs; Henrys Bay.,,,Letter from the Police Magistrate at Maryborough to the Colonial Secretary ,1871/1505,p.5-7,30 May 1871,,COL/A157; SRS5253/1/158,
ITM846887,SEYMOUR; GEORGE,Brisbane; Gilberton; Etheridge.,,,Letter from the Police Magistrate at Gilberton to the Colonial Secretary; see also previous 1871/1402 ,1871/1520,p.112-113,08 June 1871,,COL/A157; SRS5253/1/158,
ITM846887,BARLEE; LEICHARDT; GILMOUR.,Western Australia; Brisbane.,,,Letter from the Chief Secretary (Western Australia) to the Colonial Secretary ,1871/1547,p.50-52,04 May 1871,,"‘Gall Estray’
COL/A157; SRS5253/1/158",
ITM846887,HARRY (Aboriginal man).,Brisbane; Maryborough.,,,Letter from Sheriff to the Colonial Secretary ,1871/1556,p.58,10 June 1871,,COL/A157; SRS5253/1/158,
ITM846887,GEORGE (Aboriginal man).,Brisbane; Rockhampton.,,,Letter from Sheriff to the Colonial Secretary ,1871/1576,p.11,14 June 1871,,COL/A157; SRS5253/1/158,
ITM846887,,,,,"Letter from Police Magistrate at Somerset to the Colonial Secretary; prev 1870/2847, etc ",1871/1633,p.146,31 March 1871,,COL/A157; SRS5253/1/158,
ITM846887,WHAITES; JARDINE.,Brisbane; Somerset; Beche de Mer; New South Wales;  Sydney; Liverpool; Guernsey.,,,Letter from Police Magistrate at Somerset to the Colonial Secretary ,1871/1634,p.12-14,04 April 1871,,COL/A157; SRS5253/1/158,
ITM846887,,,,,Letter from Police Magistrate at Somerset to the Colonial Secretary ,1871/1636,p.19-28,04 April 1871,,COL/A157; SRS5253/1/158,
ITM846887,,,,,Letter from Chief Secretary (Victoria) to the Colonial Secretary; see also 1871/944 ,1871/1695,p.124-127,17 June 1871,,"‘Gall Estray’ 
COL/A157; SRS5253/1/158",
ITM846887,TOWNLEY.,Gilberton; Brisbane.,,,Letter from Police Magistrate at Gilberton to the Colonial Secretary ,1871/1723,p.81- 82,03 July 1871,,COL/A157; SRS5253/1/158,
ITM846887,GREGORY; KENNEDY.,Brisbane; Mount Bellenden Ker; Cardwell; Great Barrier Reef; Cape Grafton.,,,Letter from Surveyor General to the Colonial Secretary ,1871/944,p.129-130,07 June 1869,,COL/A157; SRS5253/1/158,
ITM846888,"CORBETT, John; MCCARTHY; MARTELL.",Western Creek; Brisbane; Gilberton; Townsville; Robertson River; Cave Creek; Normanton.,,,Letter from Police Magistrate at Western Creek to the Colonial Secretary ,1871/1899,p.65-69,12 June 1871,, COL/A158; SRS5253/1/159,
ITM846888,MARLOW; HOLT; TOMPSON.,The Warren; Sydney; Brisbane; Salisbury Plains; Ravenswood; Dalrymple.,,,"Letter from Thomas Holt at ‘The Warren’ near Sydney to the Colonial Secretary; included 1871/549, 1871/533 and 1871/31 ",1871/1917,p.68-76,24 July 1871,,COL/A158; SRS5253/1/159,
ITM846889,"YOUNG; FEELY, Patrick; MORISSET; JOHNSTON; CHARLIE (Aboriginal man); DRUM (Aboriginal man); SAMBO (Aboriginal man).",Norman; Burke District; Brisbane; Cloncurry; Cook District; Gregory District.,,,Letter from Inspector Morisset at Norman River to the Commissioner of Police ,1871/2199,p.125-132,22 July 1871,,COL/A159; SRS5253/1/160,
ITM846890,"UHR, W.D.; MORISSET, Aulain, Insp; HETZER, M., J.P.;",Norman;,,,Letter from Inspector A Morisset at Normanton to the Commissioner of Police ,"1871/2153
Top number 71/2267",p.26,06 September 1871,,COL/A160; SRS5253/1/161,
ITM846890,"JOHNSTON, George, Constable; CHARLIE (Aboriginal); BILLY (Aboriginal); MCCARTHY, Constable; UHR, W.D.; ",Cloncurry;,,,Letter from Constable G Johnston at Cloncurry to Inspector A Morisset at Normanton ,"1871/2032

Top number 71/2267",p.23-24,12 August 1871,,COL/A160; SRS5253/1/161,
ITM846890,"UHR, Wentworth D'Arcy; MCINTYRE; JOHNSTONE; HETZER; MORISSSET, R.R.; MORISSET, Aulain;",Norman; Cloncurry;,,,Letter from Inspector A Morisset at Normanton to the Commissioner of Police ,"1871/2032
Top number 71/2267",p.21-22,24 August 1871,,COL/A160; SRS5253/1/161,
ITM846890,SEYMOUR; TOMPSON; WHEELER.,,,,Letter from Commissioner of Police to the Colonial Secretary ,1871/2213,p.31-32,11 September 1871,,COL/A160; SRS5253/1/161,
ITM846890,COWARD; MORISSET; SALMOND.,Norman.,,,"Letter from the Inspector’s Office, Police, Norman River, to the Commissioner of Police",1871/2269,p.28-31,08 August 1871,,COL/A160; SRS5253/1/161,
ITM846890,SEYMOUR.,Brisbane.,,,Letter from the Commissioner of Police to the Colonial Secretary ,1871/2441,p.53-54,30 September 1871,,COL/A160; SRS5253/1/161,
ITM846890,JARDINE; CHESTER; PAGET; MURRAY; MCFARLANE; HILL; HASTINGS.,Somerset; Beche de Mer; Friday Island; Noumea; Gorde Island; Sydney; Albany Island.,,,Letter from the Police Magistrate at Somerset to the Colonial Secretary; prev 1871/2384 ,1871/2498,p.118-124,01 July 1871,,"Gall Estray
COL/A160; SRS5253/1/161",
ITM846890,JARDINE; BLACKWOOD; STANLEY; CHESTER.,Somerset; Torres Strait; Port Albany; Coral Sea; Warrior Reef; Cape York; Sydney; New South Wales; New Guinea; Mulgrave Island; Banks Island; Prince of Wales Island.,,,Report from Henry Chester to the Colonial Secretary ,1871/2499,p.126-137,10 August 1871,,COL/A160; SRS5253/1/161,
ITM846891,"PITCHER, Stibard; ",Waterford Ferry; Logan River;,,Contains details regarding Manslaughter ,Letter from the Colonial Secretary to the Acting Commissioner of Police ,1871/2606,p.106-109,27 November 1871,,COL/A161; SRS5253/1/162 ,
ITM846891,"JARDINE, Frank Police Magistrate; SMITH, Constable; COOK, Constable; PRILLY BORAUG (Aboriginal Man);",Somerset; New Caledonia; Solomon Islands; New Britain; New Guinea; Family Island; Booby Island; Wilson island; Torres Strait; Wednesday island; Cook Island;Port Darwin; Somerset;,,,Letter from the Police Magistrate at Somerset to the Colonial Secretary ,1871/2662,p.102-107,01 October 1871,,Gall Estray COL/A161; SRS5253/1/162,
ITM846891,,,,,Letters to the Colonial Secretary about ten Polynesians absconding from the hired service of Farrand Haig in the Cardwell district; included 1871/2246 ,1871/2738,p.71-89,04 November 1871,,COL/A161; SRS5253/1/162,
ITM846892,,Fort Cooper; Nebo; Lake Elphinstone;,,,"Petition from residents of Fort Cooper, Nebo, to the Colonial Secretary ",,p.49-52,05 December 1871,,COL/A162; SRS5253/1/163,
ITM846892,"BARRON, Mr (Acting Commissioner of Police);",Mitchell District; Bowen Downs; Aramac,,,Letter from the Acting Commissioner of Police to the Colonial Secretary ,1871/2787,p.121-121,08 December 1871,,COL/A162; SRS5253/1/163,
ITM846893,,,,,Letter from Inspector John Marlow at Dalrymple to Robert Stewart at Southwick ,1871/2901,p.5-6,08 December 1871,,COL/A163; SRS5253/1/164,
ITM846893,"CHESTER, Mr; BANNER, Capt; MCAUSLAND, Capt; JARDINE, Frank",Somerset; Newcastle Bay; Cape Grenville; Jervis Island; Banks Island; Warrior Reef; New Guinea; Warrior Island; Talbot Island; Brisbane,Gamalug,,Letter from Police Magistrate at Somerset to the Colonial Secretary,1871/2915,p.4-9,31 March 1871,,"‘Gall Estray’
COL/A163; SRS5253/1/164",
ITM846893,"SHERIDAN, R.B.; SEYMOUR; BROWN, Mr; POWER, Mr;",Maryborough; Woody Island; Frasers Island; White Cliffs; Duck Island,,,"Telegrams from Collector of Customs at Maryborough, and from A.H. Palmer,  to the Under Colonial Secretary",1871/2919,"p.42
p.34-36
p.31","14 July 1871
24 July 1871",,COL/A163; SRS5253/1/164,
ITM846893,"DAVIS, Herbert; MURRAY, Sub Inspector; NOWLAN; ARMSTRONG; ",Belyando; Bowen Downs; Rockhampton,,,Telegram from Inspector George Murray at Rockhampton to the Colonial Secretary ,1871/2932,All (p.1),06 October 1871,,COL/A163; SRS5253/1/164,
ITM846894,,,,,Letters to the Colonial Secretary from various senders (across various dates; letter bundle '3036' stamped and dated 31 Dec. 1871 by Colonial Secretary's office),1871/3036,p.37-124,31 December 1871,,COL/A164; SRS5253/1/165,
ITM846895,,,,,Letter from R.C.H. Uhr to the Colonial Secretary; see also letter 69/4226 (p.88-89),1872/186,p.86-89,"22 January 1872
26 November 1869
30 November 1869",,COL/A165; SRS5253/1/166,
ITM846915,"HILL, Mr; JOHNSTONE, Sub Inspector; DALRYMPLE, W.; TOMPSON, Sub Inspector",Cardwell; Endeavour River; Steam Ship Leichardt,,,Letter from Sub Inspector Tompson to the Commissioner of Police ,"1873/1570

should be 1873/1580",p.12-14,01 November 1873,,COL/A185; SRS5253/1/186; A1,
ITM846896,"SMITH, Henry; CLEMENTS, Charles; SOLOMON; JOHNSTONE, Sub Inspector; SELHEIM, Mr; WHITFIELD, Mr; CROMPTON, Sub Inspector; BRITTAIN?, Mr; SHERIDAN, Brinsley",Cardwell; Hinchinbrook Island; Gould Island; Garden Island; Maryborough; Cashmere; Herbert River,,,Letter from Police Magistrate at Cardwell to the Colonial Secretary ,1872/254,p.12-15,03 February 1872,,COL/A166; SRS5253/1/167,
ITM846896,,,,,Letter from the Under Secretary of the Lands Dept to the Colonial Secretary ,1872/268,p.65,09 February 1872,,COL/A166; SRS5253/1/167,
ITM846896,,,,,Letter from the Acting Commissioner of Police to the Colonial Secretary ,1872/353,p.134,01 March 1872,,COL/A166; SRS5253/1/167,
ITM846897,"MURRAY, Chief Inspector; BARRON, T.",Brisbane; Cardwell; Murray River; Cashmere; Waterview,,,Letter from the Acting Commissioner of Police to the Colonial Secretary,1872/523,p.130,19 April 1872,,COL/A167; SRS5253/1/168,
ITM846897,"MURRAY, G.P.M.; JOHNSTONE; BARRON, T.",Cashmere; Cardwell; Dalrymple,,,Telegram from Chief Inspector G.P.M. Murray at Cashmere to the Acting Commissioner of Police,1872/523,p.131-132,20 April 1872,,COL/A167; SRS5253/1/168,
ITM846897,"SHERIDAN, R.B.",Maryborough; Frasers Island; Sandy Cape,,,Letter from Police Magistrate at Maryborough to the Colonial Secretary ,1872/734,p.73,08 May 1872,,COL/A167; SRS5253/1/168,
ITM846897,"JAMES, George; SCOTT, Walter; BAILEY, Walter; ALDIS, E.; HOGAN; WHITFIELD, Edwin; ATKINSON?, F.; CHAMBERLAIN, Thomas; THORN, James; MACKENZIE; MILES, Henry; KEANE?, Walter; SCHELL, Peter; MUNRO, George; VICKERS, John; BARNS?, Edward; ROBINSON, Frederick; MARTIN, John",Cardwell,,,Petition from residents of Cardwell to the Colonial Secretary,1872/523,p.129,11 March 1872,,COL/A167; SRS5253/1/168,
ITM846898,,,,,"Letter from the Commissioner of Police Seymour at Ballymon Castle, Ballinasloe, County Galway, Ireland, to the Colonial Secretary requesting an extension to his leave, due to time it takes to arrive at Ireland and return back to Australia",1872/848,p.355,10 March 1872,,COL/A168; SRS5253/1/169,
ITM846898,DUGALD (Aboriginal),Brisbane,,,Sheriff's report re. Execution of Dugald (Aboriginal) in precinct of Brisbane Gaol,1872/783,p.184,28 May 1872,,COL/A168; SRS5253/1/169,
ITM846899,FITZGERALD,Bowen; Burdekin Crossing; Bogin River,,,Letter from Acting Commissioner of Police to the Colonial Secretary re complaint of farmers re aggression of Blacks and request to move detachment to a more central location ,1872/1020,p.48,09 July 1872,,COL/A169; SRS5253/1/170,
ITM846899,,Bowen; Murri Murri Wah; Ravenswood,,,Letter from the Acting Commissioner of Police to the Colonial Secretary;  stating don’t believe they need to incur expense of stationing a second group of Native Police to provide police protection,"1872/91

1872/520",p.55,19 April 1872,,"COL/A169; SRS5253/1/170

",
ITM846899,SMITH  ,Bowen; ,,,Letter from Police Magistrate at Bowen to the Colonial Secretary; supporting settlers request for more Native Police to protect settlers around Bowen from Aboriginals,1872/520,p.56,30 March 1872,,COL/A169; SRS5253/1/170,
ITM846899,SMITH; MILLER; KYLE; POTT; YEATES; DONALD; MULLER; GORDON; GORDON SNR; REIS,Bowen; Kennedy District,,,Letter from RH Smith and farmers at the Don River near Bowen to the Colonial Secretary re request for police protection,1872/890,p.49-52,22 May 1872,,COL/A169; SRS5253/1/170,
ITM846900,,,,,Letter from P McLennan at Apis Creek to the Colonial Secretary ,1872/1484,p.869-870,10 September 1866,,COL/A170; SRS5253/1/171,
ITM846900,,,,,Letter from the Commissioner of Police to the Colonial Secretary re complaint against Inspector Wheeler,1872/1484,p.863,13 September 1872,,COL/A170; SRS5253/1/171,
ITM846900,,,,,Letter from the Colonial Secretary to the Commissioner of Police ,1872/1484,p.864,01 November 1872,,COL/A170; SRS5253/1/171,
ITM846900,,,,,Telegram from Inspector Wheeler at Marlborough to the Commissioner of Police ,1872/1484,p.875,09 January 1871,,COL/A170; SRS5253/1/171,
ITM846900,,,,,Telegram from Inspector Wheeler at Marlborough to Acting Commissioner Barron ,1872/1484,p.876,31 July 1872,,COL/A170; SRS5253/1/171,
ITM846900,,,,,Letter (numbered 565/72) from Senior Sergeant Thomas Judge at Rockhampton to Inspector Wheeler at Marlborough ,1872/1484,p.881,26 February 1872,,COL/A170; SRS5253/1/171,
ITM846900,,,,,Letter from Walter Illthes at Marlborough to Frederick Wheeler at Marlborough Barracks; forwarded to the Colonial Secretary ,1872/1484,p.882-883,26 February 1871,,COL/A170; SRS5253/1/171,
ITM846900,CARR; WELBY (fishermen),,,,"Letter from Rev Fuller to Rev Buckle, extract alluding to the trouble the settlers cause by fraternising with the Aboriginal women",1872/1329,p.397-398,01 June 1872,,COL/A170; SRS5253/1/171 ,
ITM846900,,Maryborough; Frasers Island,,,"Letter from E Hooker, Secretary of the Queensland Aboriginal Missionary Society, to the Colonial Secretary;",1872/1000,p.401,28 June 1872,,COL/A170; SRS5253/1/171,
ITM846900,FULLER; SHERIDAN; BUCKLE,Maryborough; Frasers Island,,,Letter from Water Police Magistrate at Maryborough to the Colonial Secretary,1872/1123,p.396,19 July 1872,,COL/A170; SRS5253/1/171,
ITM846900,CARR; WELBY (fishermen); PEARSON,,,,Letter from Rev Edward Fuller to RB Sheridan ,1872/1329,p.399-400,15 July 1872,,COL/A170; SRS5253/1/171,
ITM846900,SHERIDAN; FULLER; ,Frasers Island ,,,"Letter from E Hooker, Secretary of Missionary Society to the Colonial Secretary;",1872/1329,p.395,19 August 1872,,COL/A170; SRS5253/1/171,
ITM846900,JOHNSTONE; CROMPTON,Coast Range; Cardwell; Lower Herbert,,,"Letter from Walter Scott at the Valley of Lagoons to Acting Commissioner re need for Police protection, and to be allowed to do their job. Includes complaint against Crompton",1872/1346,p.438-440,17 July 1872,,COL/A170; SRS5253/1/171,
ITM846900,SCOTT; DALRYMPLE; BODE; SCARR; CROMPTON,Valley of Lagoons; Nebo; Normanby Diggings,,,Letter from the Acting Commissioner of Police to the Colonial Secretary ,1872/1346,p.437,26 August 1872,,COL/A170; SRS5253/1/171,
ITM846900,FOWLER; WHEELER; PALMER; ,Rockhampton; Marlborough,,,Telegram from the Colonial Secretary to Sub Inspector Wheeler ,1872/1484,p.866,16 October 1872,,COL/A170; SRS5253/1/171,
ITM846900,FOWLER; WHEELE); MYLEA ? JUINIOR,Lake Learmouth,,,Letter from Inspector Wheeler to the Acting Commissioner of Police ,1872/1484,p.867-868,18 October 1872,,COL/A170; SRS5253/1/171,
ITM846900,WHEELER; MCLENNAN; MYLEA; ILLIDGE; O'LEARY; MACDONALD; MACKAY;,Lake Learmouth; Marlborough; Port Mackay; Yamba; Morinish; Apis Creek,Baamba tribe,,Letter from Inspector Wheeler to the Commissioner of Police re. complaints brought against Wheeler,1872/1484,p.871-874,31 July 1872,,COL/A170; SRS5253/1/171,
ITM846900,ANDREWS,Marlborough; Mackenzie;,Baamba tribe,,Letter (numbered 39/72) from Inspector Wheeler at Marlborough to Colin Mackay at Morinish ,1872/1484,p.877-878,17 July 1872,,COL/A170; SRS5253/1/171,
ITM846900,ANDREWS; FOWLER; WHEELER; MCLENNAN; MILFORD,Marlborough; Lake Learmouth; Rockhampton,,,Letter (numbered 2208/72) from R McLennan at Marlborough to Attorney General [1872/2208],1872/1484,p.879-880,06 July 1872,,COL/A170; SRS5253/1/171,
ITM846900,PETER (Rosewood Black); FOWLER; WILLIE; BLIGH; Blacks from Mornish,Lake Learmouth,,,Telegram from Sub Inspector Isley at Rockhampton to Inspector Wheeler at Marlborough ,1872/1484,p.884,17 February 1872,,COL/A170; SRS5253/1/171,
ITM846900,Blacks from Mornish,Lake Learmouth,,,Telegram from Sub Inspector Isley at Rockhampton to Inspector Wheeler at Marlborough ,1872/1484,p.885,12 February 1872,,COL/A170; SRS5253/1/171,
ITM846900,ANDREWS; MYLEA,Lake Learmouth; Mr Mylea's Station,,,Letter from Senior Constable Paul Love at Yaamba to Inspector Wheeler ,1872/1484,p.886-887,12 February 1872,,COL/A170; SRS5253/1/171,
ITM846900,"ANDREWS; FOWLER; WILLS, JOE (Black boy); JOHNNY (Black boy); MCLENNAN; WHEELER",Lake Learmouth; Fitzroy River; Peak Downs; Marlborough; Rockhampton,,,Letter ‘The Aboriginal Fowler’ from “Justice” in Brisbane Courier,[1872/1484,p.888,17 September 1872,,COL/A170; SRS5253/1/171,
ITM846900,DAVIDSON; HALL; SCOTT; COWARD; CROMPTON; FINCH; MARLOW; JOHNSTONE,Valley of Lagoons; Dalrymple; Albert River,,,Letter from Alfred Davidson to the Colonial Secretary re. the murder of Aboriginals by Native Troopers,1872/1289,p.249-258,12 August 1872,,COL/A170; SRS5253/1/171,
ITM846901,"SHUREY, F.; ROSS, Andrew; CRIBB, B.; TAYLOR, R.?; HODGES, William; MARLOW, Inspector; BARRON, T.; MASSIE, H.H.",Townsville; Burdekin River; Cape River; Capetown; Reedy Lake Station; Dalrymple; Oxley Creek; Ravenswood,,,Letter from Police Magistrate at Townsville to the Colonial Secretary,1872/1514,"p.31-37
p.43-46","03 September 1872
18 September 1872
24 September 1872",,COL/A171; SRS5253/1/172,
ITM846901,"MACDEVITT, Edward; BELLAMBI (Aboriginal); MOWBRAY (Aboriginal); BARRON, T.; MURRAY, George; FREUDENTHAL, Sub Inspector; WHEELER, Fred; SMITH, George; WRIGHT, G.",Marlborough; Mackay; North Midland district; Brisbane; Clermont; Pioneer River; Fort Cooper district,,,"Letter from the Acting Commissioner of Police to the Colonial Secretary; included letter (numbered 1872/1218) from E. MacDevitt, MLA; letter 1872/55 (also numbered 1872/2586, dated 13/8/1872) from Fred Wheeler at Marlborough to the Commissioner of Police; telegram (dated 14/8/1872) from Wheeler to the Commissioner of Police; telegram (dated 12/8/1872) from G.P.M. Murray at Clermont to the Commissioner of Police; letter (dated 13/7/1872) from George Smith to MacDevitt; and letter (dated 5?/8/1872) from MacDevitt to the Colonial Secretary ",1872/1517,"p.56
p.57-65",11 September 1872,,COL/A171; SRS5253/1/172,
ITM846901,"WALSH, John; NUTTING, Inspector; KINSELLA, Thomas, Senior Constable; LARRY (Aboriginal); BILLY (Aboriginal); DENNIS, Inspector; CARDEW, Pollet; BROOKE, Fitzherbert; PARRY-OKEDEN, W.E.; SHARPES, Mr; BUCHANAN, A.B.; WALSH, Mrs",Cunnamulla; Roma; Toowoomba; Charleville; Bulloo,,,Letter from Police Magistrate at Cunnamulla to the Colonial Secretary; see also letter 1872/1171 (dated 16/7/1872),1872/1613,"p.123-137
p.145-148",16 September 1872,,COL/A171; SRS5253/1/172,
ITM846901,"CLIFTON, Mr; APLIN, Mr; WELLS, Capt; HORELL, Capt; TUCKER, Capt; DELARGY, Capt; LARKIN, John; THOMPSON, Mr; CHESTER, Mr; NUKIS (Torres Strait Islander); EDOWAH (Torres Strait Islander); WALTON, Capt; JARDINE, Frank",Somerset; Cleveland Bay; Normanton; Sydney; Murray Island; Rotumah (Island); Campbell Island; York Island; Jervis Island (Marbiack); Cape York; Cornwallis Island; Cocoanut Island; Warrior Island; Stephens Island,,,Letter from Police Magistrate at Somerset to the Colonial Secretary; see also letter 1872/30 (dated 15/3/1872),1872/1590,"p.77-81
p.60-62",01 January 1872,,COL/A171; SRS5253/1/172,
ITM846901  OR ITM846902,,,,,Letter from the Police Magistrate at Cardwell to the Colonial Secretary,1872/1713,p.114-117,10 September 1872,,COL/A171; SRS5253/1/172,
ITM846902,,,,,From Colonial Secretary acknowledging receipt of letter re. repayment,1872/1695,p.277,8 October 1872,,,
ITM846902,,,,,From Colonial Secretary acknowledging payment has been made,1872/1593,p.278-279,27 September 1872,,,
ITM846902,,,,,Correspondece between the Treasury and Colonial Secretary relating to reimbursement expenses associated with the search and rescue of survivors ,1872/1493,p.280-292,13 September 1872,,,
ITM846902,,,,,Letters from Sheridan and Johnstone to Colonial Secretary re registration of deaths relating to the shipwreck of Brigg 'Maria',1872/1354,p.293-295,16 August 1872,,,
ITM846902,,,,,Letter from Colonial Secretary acknowledging receipt of letter relating to reimbursement for expenses associated with the search and maintenance of survivors ,1872/1118,p.296,16 July 1872,,,
ITM846902,,,,,Includes Letter received from Australian Steam Navigation Co. relating to waiving of fees in relation to rescure efforts associated with shipwrecked Brigg 'Maria',1872/1104,p.297-298,24 June 1872,,,
ITM846902,,,,,Cover note re. supplying information to assist with registration of deaths from shipwreck of Brigg 'Maria',1872/1038,p.299-300,5 July 1872,,,
ITM846902,,,,,Letter relating to Registration of deaths from shipwreck of Brigg 'Maria',1872/928,p.301-303,22 June 1872,,,
ITM846902,,,,,Letter to Col Sec for assistance in search for survivors from shipwreck of Brigg 'Maria',1872/495,p.145,2 April 1872,,,
ITM846902,STIRLING; HARGRAVE; MORESBY; JONES; JOHNSTONE (Native Police); SHERIDAN; GOWLAND; MARTIN; CROMPTON; HAYTER; WILSON; SULLMAN; SUTTON; PALMER; SABBINE; FORSTER; INGHAM; PHILLIPS; SIDDLE; HAYDON; SMITH; BARDON,Bramble Reef; Point Cooper; Shoal Rivulet; Cardwell; Shoal Haven; Double Point; Tam O'Shanter Point; Dunk Island; Palm Island; Hinchinbook Island;  Cape Cooper; Magnetic Island; ,,,From Colonial Secretary to the Marquis of Normandy with papers and correspondence relating to the wreck of the Brig 'Maria' ,1872/553,p.175-276,31 October 1872,26 February 1872,,
ITM846902,MARLOW; BROWNE; COLLOPY,Charters Towers; Brisbane,,,Letter from the Acting Commissioner of Police to the Colonial Secretary ,1872/1894,p.523,13 November 1872,,COL/A172; SRS5253/1/173,
ITM846903,"KING, Mr; SEYMOUR, D.T.",Ballymore Castle (Ireland); Dublin (Ireland),,,Letter from the Commissioner of Police (in Ireland) to the Colonial Secretary,1872/2009,p.47-50,23 September 1872,,COL/A173; SRS5253/1/174,
ITM846905,"JARDINE, Frank; GAY, Captain Gay; MORESBY, Captain; CHESTER, Henry; MERRIMAN, Messrs; BEDFORD, Captain; TERAPIA (TSI), CHAPMAN, Captain; DELARGY, Captain; BROWNE, Captain; McEACHERN, Captain; WALTON, Captain",Somerset; Torres Straits; Warrior Island; Saddle Island; Brothers Island; Darnley Island; Bramble Bay; Murray Island; Masseed Island; Cocoanut Island; Banks Island; Mulgrave Island; Fitzroy Island; Prince of Wales Island; Bristol Island,"Somerset, Torres Straits, Warrior Island, Saddle Island, Brothers Island, Darnley Island, Bramble Bay, Murray Island, Masseed Island, Cocoanut Island, Banks Island, Mulgrave Island, Fitzroy Island, Prince of Wales Island, Bristol Island",,Letter from the Police Magistrate at Somerset to the Colonial Secretary ,1872/2260,p.57-65,31 March 1872,31/03/1872,COL/A175; SRS5253/1/176,
ITM846908,"JARDINE, Frank (Police Magistrate)",Somerset  ,,,Letter from Police Magistrate at Somerset to the Colonial Secretary ,1873/20,p.62-63,01 October 1872,,COL/A178; SRS5253/1/179,
ITM846908,"JARDINE, Frank (Police Magistrate); ",,Polynesians,,Letter from Crown Solicitor referencing Letter from PM Somerset to the Colonial Secretary. Re. Questions arising under the Kidnapping Act,1873/20,p.64-65,20 January 1873,,COL/A178; SRS5253/1/179,
ITM846908,"GOUGH, Henry B (Native Police)",,,,Letter from the Commissioner of Police to the Colonial Secretary ,1873/53,p.174,02 January 1873,02/01/1873,COL/A178; SRS5253/1/179,
ITM846909,"SEYMOUR, David T",,,,Letter (numbered 338 & 438/72) from Agent General to Col Secretary ,1873/241,p.172,29 November 1872,29/11/1872,COL/A179; SRS5253/1/180,
ITM846909,"SEYMOUR, David T",,,,Letter from the Commissioner of Police to the Colonial Secretary ,1873/243,p.181-184,31 October 1872,31/10/1872,COL/A179; SRS5253/1/180,
ITM846910,"SEYMOUR, David T",,,,Letter from Agent General to the Colonial Secretary ,1873/321,p.84-85,24 December 1872,24/12/1872,COL/A180; SRS5253/1/181,
ITM846910,"JACKES, James A; TOMPSON, FM (Native Police)",Cardwell ,,,Letter from James A Jackes at Cardwell to the Colonial Secretary ,1873/464,p.572-574,28 February 1873,28/02/1873,COL/A180; SRS5253/1/181,
ITM846911,"GREGSON, Jessie; STUART, Sub Inspector; SEYMOUR, D.T.; BROWNE, Henry; MURRAY, Chief Inspector",Rainworth; Springsure; Spring Creek,,,Letter from Jessie Gregson to the Colonial Secretary,1873/547,p.83-89,07 March 1873,,COL/A181; SRS5253/1/182,
ITM846911,,,,,Letter from Henry Jordan to the Colonial Secretary,1873/648,p.42,07 April 1873,,COL/A181; SRS5253/1/182,
ITM846911,,,,,Letter from Police Magistrate at Somerset to the Colonial Secretary,1873/780,p.23-24,10 January 1873,,COL/A181; SRS5253/1/182,
ITM846911,"ELIOTT, Gilbert W.",Toowoomba,,,Letter from Police Magistrate at Toowoomba to the Colonial Secretary,1873/789,p.49,19 April 1873,,COL/A181; SRS5253/1/182,
ITM846911,"SHERIDAN, R.B.",Maryborough; Inskip Point; Snout Point; White Cliffs; Sandy Cape; Bundaberg; Burrum River; Pialba,,,Letter from Water Police Magistrate at Maryborough to the Under Colonial Secretary,1873/797,p.63-64,16 April 1873,,COL/A181; SRS5253/1/182,
ITM846912,,,,,Letter from Police Magistrate at Somerset to the Colonial Secretary - reporting on stores and property at Somerset for period of 1872,1873/844,p.47-77,27 January 1873,,COL/A182; SRS5253/1/183,
ITM846912,,,,,"Letter from the Commissioner of Police, Seymour, to the Colonial Secretary ",1873/894,p.44,07 May 1873,,COL/A182; SRS5253/1/183,
ITM846912,MORISSET,Sweers Island; Normanton; Norman Heads,,,Telegram from Police Magistrate at Normanton to the Colonial Secretary ,1873/849,p.86-88,07 February 1873,October 1872,COL/A182; SRS5253/1/183,
ITM846912,MORISSET,Sweers Island; Norman,,,Letter (received 1 May?) from Police Magistrate at Normanton to the Colonial Secretary,1873/849,p.85,15 March 1873,October 1872,COL/A182; SRS5253/1/183,
ITM846913,"LUKIN, George",Roma; Dalby; Cunnamulla; St George; Brisbane,,,Letter from Police Magistrate at Roma to the Colonial Secretary,1873/1013,p.53,28 May 1873,,COL/A183; SRS5253/1/184,
ITM846913,"STEWART, J.W.",North Bundaberg; Bundaberg; Maryborough,,,Letter from J & S Stewart to the Colonial Secretary,1873/1057,p.134,28 May 1873,,COL/A183; SRS5253/1/184,
ITM846913,"TOWNLEY, W.",Ipswich,,,Letter from Police Magistrate at Ipswich to the Under Colonial Secretary,1873/1076,p.32,10 June 1873,,COL/A183; SRS5253/1/184,
ITM846913,"BRAGG, Mr; FAIRCLOTH, G.; LLOYD, S.J.",Maryborough; Salt Water Creek; Burrum River; Gympie,,,"Letters from Police Magistrate at Maryborough, and from Police Inspector at Gympie, to the Commissioner of Police ",1873/1107,"p.88-89
p.90-91","23 April 1873
07 June 1873",,COL/A183; SRS5253/1/184,
ITM846913,,,,,Letter from Police Magistrate at Somerset to the Colonial Secretary,1873/1136,p.28-30,01 May 1873,,COL/A183; SRS5253/1/184,
ITM846913,"DALRYMPLE, G.E.; GOUGH, Sub Inspector; COWARD, Sub Inspector; DYAS, Sub Inspector; LEICHHARDT; GREGORY; BROWNE, Henry; CRANN, Mr",Gilberton; Oak Park Station; Georgetown; Normanton; Townsville; Cardwell; Clark Crossing; Robertson River; Gilbert River; Percy River; Cardwell; Bellenden Plains,,,Letter from Police Magistrate at Gilberton to the Colonial Secretary; included copy of an earlier letter (1873/1009); prev 536,1873/1780,p.30-44,22 April 1873,,COL/A183; SRS5253/1/184,
ITM846913,"BROWNE, Henry; HILL; DALRYMPLE, G.E.; CHARLIE (Aboriginal); FRED (Aboriginal); CORBETT, Mr; ST GEORGE, Mr; MCCARTHY, Mr; GOUGH, Sub Inspector",Gilberton; Percy River; Cardwell; Gilbert River; Georgetown; Etheridge River; Gilbert Ranges; Robertson River; Delaney River; Cave Creek; Oak Park Station,,,Letter from Police Magistrate at Gilberton to the Colonial Secretary; sub 536,1873/470,p.48-51,24 January 1873,,COL/A183; SRS5253/1/184,
ITM846913,"DALRYMPLE, G.E.; SEYMOUR, D.T.",Gilbert Ranges; Oak Park; Gilberton; Georgetown,,,Letter from the Commissioner of Police to the Colonial Secretary; sub 1009,1873/536,p.45-47,19 March 1873,,COL/A183; SRS5253/1/184,
ITM846914,,,,,Letter from Vincent Dowling to the Colonial Secretary re. application for a supply of blankets for the Aboriginals,1873/1279,p.56-57,25 June 1873,,COL/A184; SRS5253/1/185,
ITM846914,,,,,Letter from Police Magistrate at Cunnamulla to the Colonial Secretary; prev 1230 ,1873/1397,p.71-78,04 August 1873,,COL/A184; SRS5253/1/185,
ITM846914,STONE; SEYMOUR; SHARP,Cardwell,,,"Telegram from Henry Stone at Cardwell to the Commissioner of Police, Seymour",1873/1942,p.88,16 June 1873,,COL/A184; SRS5253/1/185,
ITM846914,ARMIT; JOHNSTONE,Herbert Vale,,,Letter from Acting Sub Inspector William Armit at Herbert Vale to Acting Sub Inspector Johnstone at Herbert Vale; forwarded to the Colonial Secretary; prev 1873/1165 and 1873/1154; sub 1873/1354 ,1873/1430,p.90,12 March 1872 / 1873,,COL/A184; SRS5253/1/185,
ITM846914,"STONE, Henry; SCOTT, Mr; ARWIL?, Acting Sub Insector; GOUGH, Sub Inspector; GREY, Edward; LELARK?, George; HAMPTON, Thomas; CORNELIUS, J.; HUGHES, John; HIGG, T.; DRISCOLL, John; SCOTT, Walter; JOHNSTONE, Acting Sub Insector; THOMSON?, Inspector; SEYMOUR, D.T.",Vale of Herbert; Brisbane; Lower Herbert; Bellenden; Cardwell,,,Letter from Henry Stone and others (Messrs Scott Bros) at Vale of Herbert to the Colonial Secretary; prev 1872/1402; sub 1165,1873/1154,"p.86-87
p.83-85","16 June 1873
26 June 1873",,COL/A184; SRS5253/1/185,
ITM846917,"NORTON, Albert; DOUGLAS; OWEN, William; KELLY; BROWNE;",Rod's Bay; Mission Vale;,,,Letter from Albert Norton at Rodd’s Bay to the Colonial Secretary ,"1873/1329

top number 2122",p.54-55,xx March 1873,,COL/A184; SRS5253/1/185,
ITM846914,"SCOTT, Walter; STONE, Henry; SEYMOUR, D.T.; FITZGERALD, Mr; ARWIL?, Mr; DUMERESQ?, Mr",Brisbane; Vale of Herbert,,,Letter from Walter Scott to the Colonial Secretary,1873/1430,p.80-82,05 August 1873,,COL/A184; SRS5253/1/185,
ITM846915,"WHITFIELD, Edwin; EDEN, C.H.",Cardwell,,,Letter from storekeeper E. Whitfield at Cardwell to the Colonial Secretary,1869/4530,p.137-138,4 December 1869,,,
ITM846915,"MORGAN, H.F.; WHITFIELD, Edwin; EDEN, Charles H.; JACKES, James; MCILLWRAITH, John; RICHARDS, Henry; MCPHERSON, D.; DOUTTY, C.J.",Cardwell,,,Letter from H.F. Morgan at Cardwell to the Colonial Secretary,1869/4534,p.128-136,4 December 1869,,,
ITM846915,"SEYMOUR, D.T.; MURRAY, John; JOHNSTONE, Robert; GILLESPIE, John; RODGERS, H.?; LOWER, E.; CAMBLE?, D.; HEENBACK?, H.; DENEKE?, H.H.; SMITH, Henry; WALTERS, Nathan; BOYLE, H?. H.; SEARTH?, Nicol?; STRACHAN?, Julius; FERGUSON, H.; TAYLOR, Rolf?; HARRISON, Thomas; FROIMUND?, Fredereck; MCPHERSON, Donald; MCLEAN, O.?; MARTIN, John; JONES?, James P.?; BUCKLETON, M.?; WHITFIELD, Edwin; MURPHY, Patrick; PETERSON, Peter; ARMSTRONG, R.; WILSON, John; ELLIOTT, James; METEES?, William; CHAMBERLAIN, Thomas; SCOTT, Thomas; HEYNES, John; DEANS, Robert; HILL, Henry W.; GORDON, James; JACKES, James; CLARK; LEEFE, Mr; THORN, James; MORGAN, Mr; BOYD; MACKENZIE, Alfred P.; BAILEY, Walter; EDEN, Mr; SOTTENHAM?, Mr; MCILLWRAITH, John; HURCOTT?, John",Cardwell; Townsville,,,"Letter from Robert Johnstone and other residents of the Cardwell district to the Commissioner of Police, forwarded to the Colonial Secretary",1870/1217,p.105-112,04 May 1870,,COL/A185; SRS5253/1/186,
ITM846915,"GORDON, James; MURRAY, John; THORN, Mr; SALMOND, Acting Sub Inspector",Townsville; Cardwell,,,Letter from Police Magistrate at Townsville to the Under Colonial Secretary; prev 1870/993; sub 1870/1810,1870/1501,p.102-104,14 May 1870,,COL/A185; SRS5253/1/186,
ITM846915,"GORDON, James; MURRAY, John",Townsville; Cardwell,,,Letter from Police Magistrate at Townsville to the Under Colonial Secretary; prev 1870/1501; sub 1870/2551,1870/1810,p.99-101,12 June 1870,,COL/A185; SRS5253/1/186,
ITM846915,"HEATH, G.P.; JAMES, Mr; MACKENZIE, Mr; MURAY, John; ELDRIDGE, Mr; SHERIDAN, G.; DOUTTY, Mr; GORDON, Mr; EDEN, Mr; SOTTENHAM?, Mr; IRVING, R.W.; SUTTON?, Mr; EDRIDGE, Fred; MCILLWRAITH, John; MCPHERSON, Donald; JACKES, James; THORN, Inspector; SALMOND, Inspector; SEYMOUR, D.T.; PALMER, Mr; BOYD; CLARK, Jack",Cardwell; Brisbane; Townsville; Cashmere; Bowen,,,Letter from Commander Heath to the Colonial Secretary,1870/341x,"p.74-88
p.89-90
p.91-95",04 October 1870,,COL/A185; SRS5253/1/186,
ITM846915,"JACKES, James; MURRAY, John",Cardwell,,,"Letter from James Jackes at Cardwell to the Colonial Treasurer, forwarded to the Colonial Secretary ",1870/944,p.117,03 March 1870,,COL/A185; SRS5253/1/186,
ITM846915,"Colonial Secretary; SEYMOUR, D.E.. Commissioner of Police; P.M. Townsville; THORN, James; MURRAY, Inspector; MACBETH;",Brisbane; Cardwell; Rockingham Bay;,,,"Letter from the Commissioner of Police to the Colonial Secretary; prev 1870/785; sub 1870/1501; see also QSA item 844831, 1870/92 COL/E5; SRS5247/1/5 ",1870/993,p.113-116,04 April 1870,,COL/A185; SRS5253/1/186,
ITM846915,"SCOTT, Walter J., J.P.; Colonial Secretary;  MURRAY, John, late Inspector; WALLER, Onslow F.; FURSDON, Edward, S.; NEAME, Arthur; AIRKMSOZ[?], James; JAMES, Geo. V.; BEARDMARR, F.J.W.; HULL, J.; ONINANEY[?], C.E.; GARDINER, F.C.; HAIG, F., J.P.; BAIRD, jas C.; WALLER, E.S., J.P.; STONE, Henry, J.P.; WHITFIELD, Edwin; NEAME, Frank; ARNOT, J. Thomson; RUHLAND, Grv.; ",Cardwell; ,,,Letter from Walter Scott & others to the Colonial Secretary ,1873/1534,p.67-68,25 April 1873,,COL/A185; SRS5253/1/186,
ITM846915,"OKEDEN, W.E.P., District Registrar of Births Marriages and Deaths; OKEDEN, David Parry",Cunnamulla; Brisbane; South Warrego,,,Letter from Registrar General to the Colonial Secretary ,1873/1543,p.144-145,28 August 1873,,COL/A185; SRS5253/1/186,
ITM846915,"HILL, MR WALTER;",Cardwell ,,,Letter from Lands Dept to the Colonial Secretary ,1873/1544,p.66,31 August 1873,,COL/A185; SRS5253/1/186,
ITM846915,"MILLER, Robert W.; ALEXANDER, Rober; O'NEILL, I.; ",,,,Letter from the Commissioner of Police to the Colonial Secretary ,1873/1570,p.5-8,28 August 1873,,COL/A185; SRS5253/1/186,
ITM846915,"DARE, James; TAIT, James; LABROONDRO, Jem; DELARAY;",Somerset; Darnley Island; ,,,Letter from Police Magistrate at Somerset to the Colonial Secretary ,1873/1596,p.5-6,20 June 1873,,COL/A185; SRS5253/1/186 ,
ITM846915,"DREW, William Sewworthy Good; GREGORY, Augustus Charles; COXEN, Charles; GODFREY-HAUSMANN, John; LITTLE, R.N., Crown Solicitor",Mackay,,,Letter from Crown Solicitor & Inhabitants of Mackay to the Colonial Secretary ,1873/1611,p.32-37,10 September 1873,,COL/A185; SRS5253/1/186 ,
ITM846915,"THOMPSON, Henry C., Sheriff; POLLY (Aboriginal);",Brisbane; Maryborough; Toowoomba,,,Letter from Sheriff to the Colonial Secretary ,1873/1628,p.136,17 September 1873,15 September 1873,COL/A185; SRS5253/1/186,
ITM846915,"MILLER, Thomas B.; JOHNSTONE, Sub Inspector; CHARLIE (Aboriginal); ARMIT, Sub Inspector; PALMER, A.F.; MILLAR, C.M.C.F.","Avoca Plantation, Lower Herbert",,,Letter from Thomas B Miller to the Colonial Secretary ,1873/1638,p.152-162,01 September 1873,,COL/A185; SRS5253/1/186,
ITM846915,"MURRAY, Inspector; P.M. Townsville; THORN, James; SEYMOUR, D.W., Commissioner of Police; ",Cardwell;,,,Letter from Acting Sub-Inspector AH Salmond at Cardwell to Inspector John Murray at Cardwell; included in 1873 file of complaints against Inspector John Murray ,1873/993,p.66 (page listing top number and all subsequent correspondence); p.113-116,21 January 1870,,COL/A185; SRS5253/1/186,
ITM846916,"SOMERSET, F., PM Townsville; AMYS[?];",Townsville;,,,Letter from Police Magistrate at Townsville to the Colonial Secretary; sub 1820 ,1873/1732,p.30(page listing top number and all subsequent correspondence); p.45-46,29 September 1873,,COL/A186; SRS5253/1/187,
ITM846916,"CONNOR, Lieutenant; BRAMSTOW, I., Colonial Secretary",Brisbane;,,,"Letter from Lt Connor, Royal Navy Navigating Lt, to the Colonial Secretary ",1873/1771,p.80-86,13 October 1873,,COL/A186; SRS5253/1/187,
ITM846916,"RENDELL, F. Lieut.; BEDDOME, C.E.;",Brisbane; Somerset,,,"Letter from Lt Rendell Royal Navy (Fredk J Rendell), HMS Beagle, to the Colonial Secretary ",1873/1780,p.109,16 October 1873,,COL/A186; SRS5253/1/187,
ITM846916,"SOMERSET; PENNEFATHER; GARLAND, Phillip; HORN, George; HIGGINS, P.; THOMPSON, Sub Inspector; SHERIDAN, Brinsley G., PM Cardwell;",Ross Creek; Fraser Island; Darley Island; Hoop Island; Cardwell ,Fraser Island; Great Sandy Island; Cleveland Bay,,Telegram from the Commissioner of Police to the Colonial Secretary; prev 1732 ,1873/1810,p.30-44,xx October 1873,,COL/A186; SRS5253/1/187,
ITM846917,,,,,Letter from Police Magistrate at Somerset to Port Master at Brisbane RE. cutter running ashore in Torres Straits, 1873/475,p.89-99,14 June 1873,,JUS/N35; SRS36/5/35; 348634,
ITM846917,,,,,Letter from the Colonial Secretary to the Police Magistrate at Somerset; numbered (by Gall) ’73/418’  re. the unlawful involement of the Police Magistrate in the Pearl Shell industry in Somerset,,p.22-24,22 August 1873,,"“Gall Estray” JUS/N35; SRS36/5/35; 
348634",
ITM846917,,,,,Letter (copy) from the Colonial Secretary to Governor Normanby; numbered (by Gall) ’73/433’  re. injurious reports received in relation to the management of the Harbour at Somerset,,p.21 ,29 August 1873,,"“Gall Estray”, JUS/N35; SRS36/5/35; 348634 ",
ITM846917,,,,,"Letter from the Colonial Secretary to Chairman; prev 1873/2194; numbered (by Gall) ’73/774’ 
Inquiry into management of Somerset",,p.7 ,12 December 1873,,"Gall Estray, JUS/N35; SRS36/5/35; 348634",
ITM846917,,,,,Letter from the Colonial Secretary to Jardine; numbered (by Gall) ’73/368’ re. suspension of Police Magistrate Jardine at Somerset,,p.46-48 ,16 October 1873,,"Gall Estray, JUS/N35; SRS36/5/35; 348634",
ITM846917,,,,,"Letter (copy) from Commodore JH Stirling on “Clio” at Sydney to Governor Normanby, forwarding a report from Capt Moresby of HMS “Basilisk”  re Police Magistrate Jardine being involved in the Pearl Shell fishing at Somerset",,p.38,10 September 1873,,JUS/N35; SRS36/5/35; 348634,
ITM846917,,,,,Letter from Auditor General to the Colonial Secretary reporting on very poor recordkeeping by the Clerk of Petty Sessions at Tambo from January 1868 till October 1873,1873/2114,p.271-274,31 October 1873,,JUS/N35; SRS36/5/35; 348634,
ITM846917,,,,,"Response from Alfred Henry (Clerk of Petty Sessions, as well as Police Magistrate and Recording Clerk at Tambo) to Auditor General's daming report ",1873/2114,p.275-284,25 November 1873,,JUS/N35; SRS36/5/35; 348634,
ITM846917,,,,,Letter from FX Heeney? to the Colonial Secretary re. change of Police Magistrate at Charleville  1873/2126,1873/2126,p.453-455,19 November 1873,,JUS/N35; SRS36/5/35; 348634,
ITM846917,,,,,"Inventory of property handed over by Mr Heeney, late Police Magistrate at Charleville   1873/2123",1873/2126,p.456-457,19 November 1873,,JUS/N35; SRS36/5/35; 348634,
ITM846917,,,,,"Letter from Okeden, new Police Magistrate at Charleville, to Colonial Secretary    1873/2088 ",1873/2126,p.458,16 November 1873,,JUS/N35; SRS36/5/35; 348634,
ITM846917,,,,,"letter from Mr Heeney requesting he retain role of PM of Charleville and Cunnumulla as well as role of Commissioner, as settlement not so busy now it is more established  1873/1632",1873/2126,p.459,4 September 1873,,JUS/N35; SRS36/5/35; 348634,
ITM846917,,,,,"Letter from Alfred Henry to the Colonial Secretary re acknowledging new appointment as Police Magistrate at Normanton and Cloncurry, and impediments to arriving at Normanton due to wet season",1873/2137,p.485-486,02 December 1873,,JUS/N35; SRS36/5/35; 348634,
ITM846917,,,,,Letter from Police Magistrate at Somerset to the Colonial Secretary; prev 2196 ,1873/2197,p.782,25 November 1873,,JUS/N35; SRS36/5/35; 348634,
ITM846917,"DICKEY (Aboriginal boy); FOX, GEORGE; WHITE",St Lawrence; Waverley; ,,,"Inquest held at St Lawrence into the death of Dickey, Aboriginal boy","1873/2122 

also in 2722770, 1873/190 which is is TOP 200",p.46-50 ,16 September 1873,14 September 1873,JUS/N35; SRS36/5/35; 348634,
ITM846917,FOX; BUCKLEY,St Lawrence  ,,,Telegram from Sergt. Buckley to the Commissioner of Police re. Native Police believed to have shot Aboriginal,1873/2122,p.38  ,17 September 1873,,JUS/N35; SRS36/5/35; 348634,
ITM846917,"DOUGLAS, Alex; WHEELER, Fred; GILDER, DR; JENKINS, MR; CHRISTIAN, MR; SEYMOUR

ST LAWRENCE BOYS - TOMMY (Aboriginal man); BILLY (Aboriginal man); CHARLEY (Aboriginal man); JIMMY (Aboriginal man).",Marlborough; Waverley; St Lawrence; Port Mackay; Colloroy,St Lawrence Aboriginals,,Letter from Acting Sub Inspector Douglas to the Commissioner of Police; prev 1809 re. murders at St Lawrence,1873/2122,p.29-32,21 November 1873,,JUS/N35; SRS36/5/35; 348634,
ITM846917,"DICKIE (Aboriginal boy); LENTON, MR; FOX, GEORGE MR; FOX, TOM; GILDER, DR; LACEY; MACARTHY; DOUGLAS; MCCORMICK",St Lawrence; Waverley Creek; Chinaman's Garden,,,"Letter from Sergt. Buckley at St Lawrence to Inspector of Police at Rockhampton re murder of Dickey, Aboriginal boy",1873/2122,p.40-45,24 September 1873,14 September 1873,JUS/N35; SRS36/5/35; 348634,
ITM846917,"OWEN, WILLIAM; KELLY; BROWNE; DOUGLAS",,,,"Letter to Colonial Secretary from A Norton requesting a further and proper investigation into Native Police officer Douglas, or at least his dismissal from public service", 1873/1329,p.322-323,19 July 1873,,JUS/N35; SRS36/5/35; 348634,
ITM846917,"DOUGLAS, SUB INSPECTOR;",Miriam Vale,,,"Letter from A Norton to the Colonial Secretary; prev 1059; sub 1329 re. complaints of shooting Blacks who are innocent, referencing a particular case at Miriam Vale ",1873/1222,p.324-325,14 June 1873,,JUS/N35; SRS36/5/35; 348634,
ITM846917,"WARE, SGT; DOUGLAS;",Miriam Vale; Gladstone; Marlborough; Bustard Bay Saw Mills,,,"Letter to Commissioner of Police from Gladstone Police Station, Sgt Ware reporting murder of Native Police Trooper by Blacks",1873/2029,p.326-327,18 June 1873,,JUS/N35; SRS36/5/35; 348634,
ITM846917,DOUGLAS; BROWNE,Marlborough; Waverley; Lake Learmouth; Gladstone; Calliope,,,"Letter from Residents of Marlborough District to the Colonial Secretary; prev 926; sub 1222  in support of Native Police officer Douglas, and requesting that the Government reconsider the decision to dismiss him",1873/1059,p.328-3339,22 May 1873,,JUS/N35; SRS36/5/35; 348634,
ITM846917,"SEYMOUR; DOUGLAS; WITT; BROWNE; LLOYD; HETHERINGTON; KELLY, JOHN; GLAMIE; ROE; ",Gladstone; Miriam Vale,,,Letter from A Norton to the Colonial Secretary; prev 650; sub 1059  complainitng about the way the investigation into Douglas was handled,1873/926,p.340-347,02 May 1873,,JUS/N35; SRS36/5/35; 348634,
ITM846917,"SEYMOUR; DOUGLAS; WITT; BROWNE; LLOYD; HETHERINGTON; KELLY, JOHN; GLAMIE; ROE; NORTON; RICK",Gladstone; Miriam Vale,,,Letter from the Commissioner of Police to the Colonial Secretary; prev 565; sub 926  re supporting the enquiry that was undertaken into Douglas by Browne (travelling Superintendent of Police),1873/650,p.348-357,02 April 1873,,JUS/N35; SRS36/5/35; 348634,
ITM846917,"DOUGLAS; WITT; LLOYD; KELLY, JOHN; ROE; NORTON; RICH, C W, PM; DICKY (Aboriginal boy)",Gladstone; Miriam Vale,,,Letter from A Norton to the Colonial Secretary; prev 1872/1978; sub 650 re. murder of Dicky (Aboriginal boy) by Native Police Acting Sub Inspector Douglas and the investigation into this charge,1873/565,p.358-362,08 March 1873,,JUS/N35; SRS36/5/35; 348634,
ITM846917,DOUGLAS; RIDLER,Curtis District; Cania Station,,,Letter from Messrs Ridler at Cania Station to the Colonial Secretary;  Requesting Sub Inspector Douglas be instructed to patrol their neighbourhood as the Blacks are very troublesome,1873/24,p.363-365,21 December 1872,,JUS/N35; SRS36/5/35; 348634,
ITM846917,HOLT; HETHERINGTON; DALEY; WARE; RICH; DOUGLAS; HARRY (Aboriginal man); TOMMY (Aboriginal man); BILLY (Aboriginal man),Mitton Station; Gladstone; ,,,"From Police Magistrate, Rich, in Gladstone to Colonial Secretary re. proceedings of Magisterial inquiry into death of an Aboriginal",1872/1978,p.365-369,19 November 1872,,JUS/N35; SRS36/5/35; 348634,
ITM846917,HARRY (Aboriginal man); TOMMY (Aboriginal man); BILLY (Aboriginal man); WHEELER; LLOYD; WITT; WALKER; KEANE; RANKIN (Aboriginal man); SPIDER(Aboriginal man),Calliope; Gladstone; Marlborough; Bells Station; Milton; River Boyne; Miriam Vale; ,,,"Letter from Acting Sub Inspector Douglas Native Mounted Police to Acting Commissioner of Police, reporting the shooting of Aboriginals by Native Police","1872/3582

1872/1925",p.371-375,12 November 1872,,JUS/N35; SRS36/5/35; 348634,
ITM846917,"HETHERINGTON; DOUGLAS; RICH, CHARLES N; HOLT; HARRY also known as CARRY (Aboriginal); RANKIN (Aboriginal); SPIDER (Aboriginal); DALEY; BILLY (Aboriginal); FISCHER; BROWNE; NEILL; PUJOLOUS; KELLY; WITT; MCDOUGAL; FERGUSON; GILBERT; STONELEY; BELL; LLOYD; GLEMIE?;",Milton Station; Milton; Calliope Diggings; Calliope Gold Fields; Miriam Vale; Gladstone; ,,,"Correspondence including Proceedings of a Court of Inquiry relating to death of an Aboriginal shot by Native Police, commanded by Sub Inspector Douglas",1872/1923,p.376-447,14 November 1872,8 November 1872,JUS/N35; SRS36/5/35; 348634,
ITM846917,JARDINE; JARDINE (brother); ATTAINS; MORESBY; THOMPSON; COCKERELL; MURRAY,Brisbane; Somerset; Prince of Wales Island; Torres Strait; New Guinea,,,Letter from FL Jardine to the Colonial Secretary; prev 1873/1598 and 1873/1941; sub 2194 responding to various claims brought against him,1873/2135,p.726-733,29 November 1873,,JUS/N35; SRS36/5/35; 348634,
ITM846917,CHAPMAN; JARDINE; MCARTHUR,Darnley Island; New Guinea; Christmas Island; Murray Island;,,,Letter from Police Magistrate at Somerset to the Colonial Secretary; prev 1597; sub 1941 ,1873/1598,p.751-755,21 August 1873,,JUS/N35; SRS36/5/35; 348634,
ITM846917,WALTON; JARDINE; BROWN; THOMSON; MCARTHUR,Torres Strait; Darnley Island; Murray Island; Stephens Island; Aureed ? Island; Cocaunut Island; Dugong Island,,,Letter from the Police Magistrate at Somerset to the Colonial Secretary; sub 1941 & 1598 ,1873/1597,p.756-758,20 June 1873,,JUS/N35; SRS36/5/35; 348634,
ITM846917,MAWSON; JARDINE; HEATH; CHAPMAN; MACARTHUR,Prince of Wales Island; Cape York; Darnley Island; Murray Island,,,"Letter from schooner “John S Lane” at Jervis Island, Torres Straits to Lt Heith at Brisbane re. fishing related events in the Torres Strait",1873/618,p.743-749,09 September 1873,,JUS/N35; SRS36/5/35; 348634,
ITM846917,BEDDOME; JARDINE;MCARTHUR,Somerset,,,"Letter from the Colonial Secretary to Beddome; numbered (by Gall) ’73/629’  who is to take up position of Police Magistrate at Somerset, whilst Jardine suspended and enquires are made.",,p.719-724,15 October 1873,,JUS/N35; SRS36/5/35; 348634,
ITM846917,JARDINE; PALMER; THOMPSON; MORESBY,Somerset; Cape York,,,"Report from Capt. Moresby on HMS “Basilisk” at Somerset to Commodore Sterling, forwarded to Governor Normanby ",,p.709-711,15 March 1873,,JUS/N35; SRS36/5/35; 348634,
ITM846917,JARDINE; MORESBY,Somerset; Torres Straits,,,Executive Council Minute (copy) to the Colonial Secretary re. Police Magistrate Jardine being involved in the Pearl Shell fishing at Somerset without the consent of Government,,p.712-713,04 October 1873,,JUS/N35; SRS36/5/35; 348634,
ITM846917,"BEDDONE; MCARTHUR, DUGALD; ",Somerset;,,,Letter from Police Magistrate at Somerset to the Colonial Secretary re. dismissal of Master of the cutter Lizzie Jardine,1873/2196,p783-784,22 November 1873,,JUS/N35; SRS36/5/35; 348634,
ITM846917,"CHAPMAN, T.G.; SMITH, L.L.; MCARTHUR, Dugald; JARDINE, Frank L., P.M.; ROBERTSON, William",Somerset; Darnley Island; Bramble Cay;,,,,1873/1598,p.81-84,21 August 1873,,JUS/N35; SRS36/5/35; 348634,
ITM846918,"COURADI, D., Dr; PALMER, C.H.;",Palmer River; Toowoomba; ,,,Letter from Dr Canradi? to the Colonial Secretary ,1873/2311,p.23-24,26 December 1873,,COL/A178; SRS5253/1/179,
ITM846918,"HALTON, Captain; DELARGY, Captain; ",Somerset; Darnley Island; Sydney;,,,Letter (copy) from Frank Jardine at Somerset to the Colonial Secretary ,1873/2314,p.36-37,05 January 1873,,COL/A178; SRS5253/1/179,
ITM846918,"BARRON, V.A.",,,,Annual Report for 1872 from Acting Commissioner ,1873/2320,p.61-73,15 January 1873,,COL/A178; SRS5253/1/179,
ITM846918,"BRAMSTON; PALMER, A. H. ",Somerset; Townsville; Cardew; ,,,Telegram from A H Palmer to the Colonial Secretary's office,1873/2324,p.85-86,18 January 1873,,COL/A178; SRS5253/1/179,
ITM846918,"JARDINE, Frank L., PM; REDLICK, Edwin, Master; SAMOA, Johnnie; ROSIE; CHARLIE (Fijian); GEORGE (Fijian); TIMOTHY (Fijian); MUSTOLLO (Fijian); SAUCKO; ILLEA (Duke of York Island); UNO (Duke of York Island); HANNAH, Johnnnie (Chinaman); IMTER, George; MURRAY, A.W., Rev.; BUAMGARTEN, Ernest, Mate;",Somerset; Lifu; Fiji; Sandwich Island; Duke of York Island,,,Letter from the Police Magistrate at Somerset to the Colonial Secretary ,1873/2352,p.69-82,01 March 1873,,COL/A178; SRS5253/1/179,
ITM846918,"JARDINE, Frank L., PM; ",Somerset,,,Letter from Police Magistrate at Somerset to the Colonial Secretary ,1873/2353,p.84-85,01 March 1873,,COL/A178; SRS5253/1/179,
ITM846918,"PAUL, W.S.",Springsure,,,"Telegram from residents at Glendarrawill, Springsure area, to the Colonial Secretary ",1873/2358,p.100-101,05 March 1873,,COL/A178; SRS5253/1/179,
ITM846919,,,,,Letter from Major Fanning at Kangaroo Point to the Colonial Secretary re. his application for Police Magistrate,1873/2401,p.3,09 June 1873,,COL/A189; SRS5253/1/190,
ITM846919,,,,,Letter from Attorney General to the Colonial Secretary re wanting news of expedition,1873/2462,p.365,03 November 1873,,COL/A189; SRS5253/1/190,
ITM846919,,,,,"Letter from ER Connor, Royal Navy, to the Colonial Secretary ",1873/2463,p.368-369,03 November 1873,,COL/A189; SRS5253/1/190,
ITM846919,THOMPSON; SEYMOUR; JOHNSTONE; DALRYMPLE; PALMER,Georgetown; Northern Rivers; Cape Palmerston; Cardwell; Gilberton; Burdekin; Bowen; Waverley,,,Letter from GE Dalrymple to the Colonial Secretary re. economical and Government exploration of coast from Cape Palmerston to Cardwell,1873/2424,p.131-133,25 July 1873,,COL/A189; SRS5253/1/190 ,
ITM846919,ARMSTRONG; SOMERSET; CONNOR; ST GEORGE; GILLANDERS,Cardwell; Georgetown; Leichhardt; Endeavour River; Townsville,,,Letter from Senior Const A Gillanders at Cardwell to the Colonial Secretary ,1873/2455,p.314-322,24 October 1873,,COL/A189; SRS5253/1/190,
ITM846919,ST GEORGE; MACMILLAN; HAN,Mt Cook; Endeavour River; Palmer River; Bowen; Townsville; Walkers Bay,,,Letter from Engineer of Roads Northern District to the Colonial Secretary re. Endeavour River Expedition,1873/2458,p.336-338,30 October 1873,,COL/A189; SRS5253/1/190,
ITM846919,MASSY,Somerset,,,Letter from Police Magistrate at Somerset to the Colonial Secretary re. satisfactory arrangements have been made with the natives,1873/2466,p.377,22 November 1873,,COL/A189; SRS5253/1/190,
ITM846920,"SELLHEIM; HILL; CONNOR, Lieut.; TAMPOON; JOHNSTON; DALRYMPLE, G.E.",Johnstone River; Cape Grafton; Trinity Bay; Endeavour River; Palmer River; Cardwell; South Barnard Islands; Bellenden Kerr; ,,,Telegram from GE Dalrymple to the Colonial Secretary ,1873/2515,p.94-99,03 November 1873,,COL/A190; SRS5253/1/191,
ITM846921,"BLIGH, JOL; JACKEY (Aboriginal); LOW, James; LITTLE CHARLEY (Aboriginal); BURY, George; BURNS, James; LLOYD, Inspector; CAMPBELL, Angus; ",Maroochie;,Bribie; Maroochie,,Inquest held at Mooroochie into the death of Jackey ,"1873/16

1874/16",p.35-48,27 October 1873,,COL/A191; SRS5253/1/192,
ITM846921,"Dr Palmer; MOORE, John, Senior Sergeant; HALLORAN, Senior Constable; LEESON, Henry William, Hospital Wardsman; ALBON, Hospital Secretary;",Maryborough; ,,,Letter to the Colonial Secretary; sub 1874/68 ,1873/2013,p.81-91,07 November 1873,,COL/A191; SRS5253/1/192,
ITM846921,"ARMSTRONG, W. A., Sergeant; MORRISSET, Insp.; ",Cooktown; Palmer River; Endeavour River,,,Letter from Police at Cooktown to the Colonial Secretary via the Commissioner of Police; sub 127 ,1874/119,p.115-17,28 December 1873,,COL/A191; SRS5253/1/192,
ITM846921,"SEYMOUR, D. [E]; FOOTE, James; MELLIPONT; KILFEDDER; ",Rosewood; Wallone; Rosewood; ,,,Letter from the Commissioner of Police to the Colonial Secretary; prev 119 ,1874/127,p.110-114,10 January 1874,,COL/A191; SRS5253/1/192,
ITM846921,"JACKEY (Aboriginbal); BLIGH, Police Magistrate",Maroochie; Gympie; ,,,Letter from Police Magistrate at Gympie to the Colonial Secretary; prev 1873/1770 ,"1874/16
",p.34,29 December 1873,,COL/A191; SRS5253/1/192,
ITM846921,"BARRON, V.A., Commissioner of Police",,,,Letter from the Commissioner of Police to the Colonial Secretary ,1874/221,p.108,04 February 1874,,COL/A191; SRS5253/1/192,
ITM846921,"MORRISSET, Inspector; DOUGLAS, Sub Inspector; WALSH, Storekeeper; SOMERSET, Ftizroy, P.M.",Cooktown; Endeavour River; Townsville; Palmer,,,"Letter from the Police Magistrate at Cooktown to the Colonial Secretary; see also QSA item 846932, 1874/2737 COL/A202; SRS5253/1/203 ",1874/223,p.110-112,16 January 1874,,COL/A191; SRS5253/1/192,
ITM846921,"SOMERSET, Fitzroy, P.M.",Townsville; Endeavour River; ,,,Letter from Police Magistrate at Townsville to the Colonial Secretary ,1874/225,p.116,20 January 1874,,COL/A191; SRS5253/1/192,
ITM846921,"BEDDOUIE, C., P.M.; BROWN, Coxswain, Water Police; JARDINE",Somerset,,,Letter from Police Magistrate at Somerset to the Colonial Secretary ,1874/56,p.36-38,05 December 1873,,COL/A191; SRS5253/1/192,
ITM846921,"PALMER, A.H.; MORRISSET, Aulaine ",Georgetown; Norman;,,,Letter from AL Morisset to the Colonial Secretary ,1874/77,p.106-112,07 December 1873,,COL/A191; SRS5253/1/192,
ITM846922,"BEDDOUIE, C., P.M.; JONES, Robert; MCARTHUR, Dugald",Somerset,,,Letter from Police Magistrate at Somerset to the Colonial Secretary; sub 281 ,1874/265,p.48,10 January 1874,,COL/A192; SRS5253/1/193,
ITM846922,"SHARPE[?], Howard C., P.M.",Palmerston; St George; Palmer River Goldfields; Endeavour River;,,,Letter from Gold Commissioner to the Colonial Secretary ,1874/267,p.50-51,16 December 1873,,COL/A192; SRS5253/1/193,
ITM846922,"SEYMOUR, D.T., Commissioner of Polcie; RAMSEY, E.P.;",Cardwell; Princess Charlotte Bay; ,,,"Letter from Edward P Ramsay at Cardwell to the Commissioner of Police, forwarded to the Colonial Secretary ",1874/303,p.17-19,27 January 1874,,COL/A192; SRS5253/1/193,
ITM846922,"WALSH, N.H.; RAMSEY, E.P.",Cardwell;,,,"Letter from Edward P Ramsay at Cardwell to WH Walsh, forwarded to the Colonial Secretary ",1874/303,p.13-16,31 January 1874,,COL/A192; SRS5253/1/193,
ITM846922,"MUIR, Robert;",Nerang Creek; Beenleigh;,,,Letter from Robt Muir to the Colonial Secretary ,1874/335,p.78,14 February 1874,,COL/A192; SRS5253/1/193,
ITM846922,"DOUGLAS, A.O., Acting Sub Inspector; MORRISSET, Aulaine S., Inspector; ",Cooktown; Palmer River; Normanby River,,,Letter from Acting Sub Inspector Douglas to Inspector Morisset at Cooktown; forwarded via the Commissioner of Police to the Colonial Secretary ,1874/345,p.113-117,24 January 1874,16/02/1905,COL/A192; SRS5253/1/193,
ITM846922,"Captain of the ""Currambene[?]""; DOUGLAS, Acting Sub Inspector; BAIRD, Agent of A.S.U. Company; DICKMAN, Richard; SOMERSET, Fitzroy, P.M.",Townsville; Mt Thomas; Cooktown; Hope Island; Endeavour River; ,,,Letter from Police Magistrate (Fitzroy Somerset) at Cooktown to the Colonial Secretary ,1874/347,p.119-121,08 February 1874,,COL/A192; SRS5253/1/193,
ITM846922,"Somerset, Fitxroy, P.M.; MARKHAM, Captain of ""Currambene[?]""",Townsville,,,Letter from Police Magistrate at Townsville to the Colonial Secretary ,1874/347,p.122,09 March 1874,16/02/1905,COL/A192; SRS5253/1/193,
ITM846922,"MARKHAM, Captain of the ""Currambene[?]""; DOUGLAS, Acting Sub Inspector; BAIRD, Agent of A.S.U. Company; DICKMAN, Richard; SOMERSET, Fitzroy, P.M.",Cooktown; ,,,Telegram from Police Magistrate at Cooktown (Fitzroy Somerset) via Cardwell to the Colonial Secretary ,1874/347,p.123-128,11 February 1874,16/02/1905,COL/A192; SRS5253/1/193,
ITM846922,"SOMERSET; HAMILTON, Thos;",Endeavour River; Townsville; Palmer,,,Letter from Police Magistrate at Cooktown (Hamilton) to the Colonial Secretary; sub 399 (24/2/1874) ,1874/380,p.92-93,14 February 1874,,COL/A192; SRS5253/1/193,
ITM846922,"HAMILTON, Thos, P.M.; ",Townsville; Cooktown,,,Telegram from Police Magistrate at Townsville to Colonial Secretary ,1874/380,p.91,18 February 1874,,COL/A192; SRS5253/1/193,
ITM846922,,Daintree River; Palmer River; Cardwell; ,,,Telegram from Sub Inspector FA Tompson at Cardwell to the Commissioner of Police ,1874/394,p.72-75,24 February 1874,,COL/A192; SRS5253/1/193,
ITM846922,"HAMILTON, P.M.; MORRISSET, Inspector; DALRYMPLE; SEYMOUR, D., Commissioner of Police",Cooktown; Palmer; Normanby; Endeavour; Cardwell; ,,,Letter from the Commissioner of Police at Cooktown to Col Secretary ,1874/399,p.85-90,24 February 1874,,COL/A192; SRS5253/1/193,
ITM846922,, Brisbane; Palmer River; Endeavour River; ,,,Letter from the Commissioner of Police to the Colonial Secretary ,1874/453,p.83-85,03 March 1874,,COL/A192; SRS5253/1/193,
ITM846922,"DALRYMPLE, George Elphinstone;",Palmer River;,,,Letter from George Dalrymple to the Colonial Secretary ,1874/471,p.88-90,06 March 1874,,COL/A192; SRS5253/1/193,
ITM846922,"DOUGLAS, DUMAIESQ;MORRISSET, A.L.;",Weary Bay; Palmer; Cardwell; ,,,Telegram from Inspector Morisset to the Commissioner of Police ,1874/471,p.40-41,19 March 1874,,COL/A192; SRS5253/1/193,
ITM846922,"MARLOW, John, Inspector; SEYMOUR, D, C.P.",Bowen; ,,,"Letter from the Commissioner of Police to the Colonial Secretary; see also QSA item 846929, 1874/2155 ",1874/480,p.112-117,05 March 1874,,COL/A192; SRS5253/1/193,
ITM846923,"CLOHERY, Thomas; MARLOW, John; PALMER; GOLLOPY, Mathew",Townsville; Charters Towers ,,,Letter from John Macrossan MLA to the Colonial Secretary; sub 501 ,1874/170,p.2-4,10 March 1874,,COL/A193; SRS5253/1/194,
ITM846923,"HILKIE; BROWN; de MARTIN, John; HENRY",,,,Letter from Police Magistrate at Somerset to the Colonial Secretary ,1874/266,p.30-32,23 January 1874,,COL/A193; SRS5253/1/194,
ITM846923,"HILL, Martin; von MUELLER",Rockingham Bay; Melbourne,,,Letter from Baron von Mueller to the Colonial Secretary; sub 536 (11/3/1874) ,1874/322,p. 83-89,05 February 1874,,COL/A193; SRS5253/1/194,
ITM846923,,,,,Letter from Police Magistrate at Texas to the Colonial Secretary ,1874/609,p.373,23 March 1874,,COL/A193; SRS5253/1/194,
ITM846923,,Townsville; Endeavour River,,,Letter from Police Magistrate at Townsville to the Colonial Secretary ,1874/620,p.431,26 February 1874,,COL/A193; SRS5253/1/194,
ITM846923,,Palmer; Cooktown,,,Letter from the Commissioner of Police to the Colonial Secretary ,1874/627,p.496-497,26 March 1874,,COL/A193; SRS5253/1/194,
ITM846923,,,,,Letter from Medical Officer at Roma to the Colonial Secretary ,1874/642,p.534-538,27 March 1874,,COL/A193; SRS5253/1/194,
ITM846923,MORRISET,Palmer,,,Letter from Police Magistrate at Cooktown to the Colonial Secretary ,1874/653,p.562-565,30 March 1874,,COL/A193; SRS5253/1/194,
ITM846923,,,,,Letter from Police Magistrate at Cooktown to the Colonial Secretary; prev 523; sub 990 & 1189 ,1874/653,p.563,12 March 1874,,COL/A193; SRS5253/1/194 ,
ITM846924,,,,,Letter from the Editor of the Telegraph to the Commissioner of Police declining to give up the name of his source,1874/701,p.12,05 March 1874,,COL/A194; SRS5253/1/195,
ITM846924,,,,,"Letter from Police Magistrate at Cooktown to the Colonial Secretary re. suggesting the matter be referred to St George, Goldfields Commissioner ",1874/701,p.13,07 April 1874,,COL/A194; SRS5253/1/195,
ITM846924,,,,,Letter from Police Magistrate at Cooktown to the Colonial Secretary providng a general report on the state of affairs at Cooktown and gold fields,1874/702,p.15-20,28 March 1874,,COL/A194; SRS5253/1/195,
ITM846924,,,,,Letter from Police Magistrate at Cooktown to the Colonial Secretary report on the settlement of Cooktown and the goldfields at Palmer. Vast numbers of people heading to the gold fields,1874/700,p.21-23,30 March 1874,,,
ITM846924,,,,,Letter from Police Magistrate at Cooktown to the Colonial Secretary; sub 700 & 702 . Detailed report on the settlement of Cooktown and the growing numbers of people travelling to the goldfields at Palmer.,1874/587,p.24-27,08 March 1874,,COL/A194; SRS5253/1/195,
"ITM846924

 ITM846921","LLOYD, Sam. J., Inspector; LOW, James; JACKEY (Aboriginal); CAMPBELL, Gloag Ewan, Captain; CAMPBELL, Angus; BURNS, James; BURY, George; BROWN, Charles;",Mooroochie; Yandina; Newsa [Noosa]; Tin Can Bay; Frasers Island [Fraser Island],,Contains details regarding Cannibalism,"Letter from the Commissioner of Police to the Colonial Secretary; sub 1874/16. Includes accompanying testimony from James Low, Angus Campbell, George Burry, ",1873/1770,p.49-63,07 October 1873,,COL/A194; SRS5253/1/195,
ITM846924,"JANDINE, C. L.; WILKIE",Somerset,,,Letter from Police Magistrate at Somerset to the Colonial Secretary ,1874/707,p.48-52,20 March 1874,,COL/A194; SRS5253/1/195,
ITM846924,,,,,Letter from Police Magistrate at Townsville to the Colonial Secretary sub 843 ,1874/708,p.451-452,15 April 1874,,COL/A194; SRS5253/1/195,
ITM846924,"MACKENZIE; NEILSON, A. ",Gairloch; Herbert River,,,Letter from the Police Magistrate at Cardwell to the Colonial Secretary ,1874/792,p.340-345,27 March 1874,,COL/A194; SRS5253/1/195,
ITM846924,"HARRIS, Willliam; MURRAY, Frederick",,,,Letter from the Commissioner of Police to the Colonial Secretary ,1874/826,p.407,23 April 1874,,COL/A194; SRS5253/1/195,
ITM846924,,Cooktown; Roma; Dalby; Leyburn,,,Letter from Police Magistrate at Roma to the Colonial Secretary ,1874/948,p.766-768,29 April 1874,,COL/A194; SRS5253/1/195,
ITM846924,,Goondiwindi,,,Letter from Jacob Low to the Colonial Secretary ,1874/949,p.769-771,02 May 1874,,COL/A194; SRS5253/1/195,
ITM846924,,Rockhampton; Gainsford,,,Letter from Frederick Beardmore to the Colonial Secretary ,1874/970,p.830-831,21 April 1874,,COL/A194; SRS5253/1/195,
ITM846925,"BUCKNELL, WW; HOPKINS, Isaac ",Forest Grove; Oriel; Bunna Bunna,,,Letter from WW Bucknell (‘J Hopkins’) to the Colonial Secretary ,1874/1001,p.2-6,07 May 1874,,COL/A195; SRS5253/1/196,
ITM846925,"UHR, Reginald (Police Magistrate)",Cunnamulla; St George,,,Letter from Police Magistrate at St George to the Colonial Secretary; sub 1097 ,"1874/1004

Top Number 1874/1097",p.307,08 May 1874,,COL/A195; SRS5253/1/196,
ITM846925,,,,,Letter from Police Magistrate at St George to the Colonial Secretary ,1874/1097,p.305-306,22 May 1874,,COL/A195; SRS5253/1/196,
ITM846925,"CLARK, WP; PETTIGREW, W",Bli Bli; Mooroochie (Maroochy),,,"Letter from WP Clarke, JP, to the Colonial Secretary ",1874/1036,p.95,18 May 1874,,COL/A195; SRS5253/1/196,
ITM846925,"MILES, W; SURLICK, AF; SMART, Alf (Native Mounted Police)",Charleville  ,,,Letter from unknown at Charleville to the Colonial Secretary ,1874/1052,p.152-168,20 May 1874,,COL/A195; SRS5253/1/196,
ITM846925,"OKEDEN, William Parry",Charleville; Cunnamulla  ,,,Letter from WH Walsh and residents of the Warrego District to the Colonial Secretary; prev 818 ,1874/1081,p.253-259,27 May 1874,,COL/A195; SRS5253/1/196,
ITM846925,"SCOTT, Walter J",Cardwell; Valley of Lagoons,,,Letter from W Scott to the Colonial Secretary; prev 1037 ,1874/1179,p.473-482,18 May 1874,,COL/A195; SRS5253/1/196,
ITM846925,"MORISSET, Aulaire (Native Police)",Cooktown; Palmerstown,,,"Letter from Inspector Morisset at Palmer River to the Colonial Secretary; see also QSA item 846930, 1874/2098 COL/A200; SRS5253/1/201 ",1874/1201,p.522-525,06 June 1874,,COL/A195; SRS5253/1/196,
ITM846925,,,,,Letter from Inspector Morisset to Colonial Secretary ,1874/1201,p.521,16 June 1874,,COL/A195; SRS5253/1/196     ,
ITM846925,"SOMERSET, FitzRoy (Police Magistrate)",Cooktown  ,,,Letter from Fitzroy Somerset to the Colonial Secretary ,1874/1205,p.531-542,08 June 1874,,COL/A195; SRS5253/1/196  ,
ITM846925,"UHR, Reginald (Police Magistrate)",Charleville; Cunnamulla; St George,,,Letter from Police Magistrate at Charleville to the Colonial Secretary ,1874/1210,p.574-576,06 June 1874,,COL/A195; SRS5253/1/196,
ITM846925,,,,,Letter from WEP Okeden to the Colonial Secretary; prev 656 ,1874/818,p.260-263,15 April 1874,,COL/A195; SRS5253/1/196,
ITM846926,,,,,Letter from the Colonial Secretary (Tasmania) to the Colonial Secretary; prev 1872/1982 & 1873/31 ,1873/59,p.104-105,31 December 1872,,COL/A196; SRS5253/1/197,
ITM846926,,Sandy Cape,,,Letter from RB Sheridan to the Colonial Secretary ,1874/1259,p.3,24 June 1874,,COL/A196; SRS5253/1/197,
ITM846926,,,,,Letter from the Commissioner of Police to Colonial Secretary ,1874/1327,p.118-119,05 July 1874,,COL/A196; SRS5253/1/197,
ITM846926,HAMILTON,Cooktown,,,Letter from Registrar General to the Colonial Secretary ,1874/1333,p.23,20 June 1874,,COL/A196; SRS5253/1/197,
ITM846926,,Torres Strait; China; Brisbane; Rockhampton,,,Letter from W Fisher to the Colonial Secretary; prev 1873/31 & 1873/59 ,1874/1366,p.99-102,27 June 1874,,COL/A196; SRS5253/1/197,
ITM846926, JOHNSTONE; SHERIDON; YIELLER,Cardweell; Townsville,,,Letters to the Colonial Secretary ,1874/1403,p.399-403,26 June 1874,,COL/A196; SRS5253/1/197,
ITM846926,"KNUCKEY, R. R.; NATION; LAUTOUR; ELVEY; WOODS; COX; UHR",Macarthur River; Daly Waters; Strangways River; Maryfield Creek; Hodgson; Limmen Bight River; Leichardt; Lautour's track; Normanton; Calvert River; Roper River; Port Darwin,,,Letter from the Chief Secretary (South Australia) to the Colonial Secretary with newspaper cutting entitled 'The Fate of Nation: Result of Mr Knuckey's Search',1874/1489,p.630-633,07 July 1874,,COL/A196; SRS5253/1/197,
ITM846927,"NANTES, F.; DEOR",Cooktown; Rockhampton; Palmer Gold Fields,,,Letter from McJavish Bros and Cooktown inhabitants to the Colonial Secretary ,1874/1583,p.281,27 July 1874,,COL/A197; SRS5253/1/198,
ITM846927,FLOOD; HAMILTON ,Cooktown; Palmer; Palmer River Gold Fields; Endeavor River,,,Letter from Police Magistrate at Cooktown to the Colonial Secretary,1874/1637,p.372-374,18 August 1874,,COL/A197; SRS5253/1/198,
ITM846927,"HARFORD, Cornelius",Palmer River Gold Fields; Palmer District;  Mitchell,,,Letter from the Police Magistrate at Palmerville to the Colonial Secretary ,1874/1680,p.538,04 August 1874,22 July 1874,COL/A197; SRS5253/1/198,
ITM846927,BAVID; HEWIQUES; POWELL; BEARDMORE;  REUSHOM; CLOVE; BUDGE,Cooktown; Palmer; Palmer River Gold Field,,,Letter from Cooktown and Palmer inhabitants to the Colonial Secretary; prev 1874/73 ,1874/1689,p.573-580,12 August 1874,,COL/A197; SRS5253/1/198,
ITM846928,,Cooktown,,,Letter from Police Magistrate at Cooktown to the Colonial Secretary; sub 1740 ,1874/1628,p.197,25 June 1874,,COL/A198; SRS5253/1/199,
ITM846928,UHR,St George,,,Letter from Inhabitants of St George district to the Colonial Secretary; sub 1709 ,1874/1664,p.11,14 August 1874,,COL/A198; SRS5253/1/199,
ITM846928,"Charley (Aborginal man); Jack (Aboriginal man); Paddy (Aboriginal man); Jindare (Aboriginal woman, alias Jenny) HOLBERTON; ATKIN;  MURRAY; MULLER",Lower Thomson; Blackall; Pontand Station; Isis Downs; Barcoo,,,Letter from Charles Weldon Birch at Bowen Downs to the Colonial Secretary ,1874/1714,p.77-80,13 March 1871,,COL/A198; SRS5253/1/199,
ITM846928,MACKENZIE; BIRCH; LEICHHARDT,Darr River; Warrego; Roma,,,Letter from Sub Inspector Edward Wheeler at The Alice Barracks to Chief Inspector GPM Murray at Springsure; forwarded to the Colonial Secretary ,1874/1714,p.75-76,17 March 1871,,COL/A198; SRS5253/1/199,
ITM846928,,Blackall,,,Letter from CW De Burgh Birch to the Colonial Secretary; previous 1154 ,1874/1714,p.51-52,18 August 1874,,COL/A198; SRS5253/1/199,
ITM846928,"WHEELER; Charley (Aboriginal man); Jindare (Aboriginal woman, alias Jenny). WILLIAMS",Thomson; Leichhardt; Isis Downs Station; Blackall; Roma; Bowen Downs; Warrgo ,,,Letter from Charles W de Burgh Birch to the Colonial Secretary ,1874/1714,p.59-61 ,20 May 1874,,COL/A198; SRS5253/1/199,
ITM846928,"WHEELER; McKENZIE, John; Charlie (Aboriginal man) or Charley",Bowne Downs; Mitchell District; Blackall; Dar Creek; Thomson; Avington Station; Barcoo; Warrego,,,Letter from Charles Weldon Birch at Bowen Downs to the Colonial Secretary ,1874/1714,p.63-66,21 December 1870,,COL/A198; SRS5253/1/199,
ITM846928,MURRAY; WHEELER; Charlie (Aboriginal man) or Charley; Jindare (Aboriginal woman) or Jenny; MULLER,Blackall; Warrego; Thomson;  Bowen Downs; Roma; Mitchell,,,Letter from CW De B Birch to Aborigines Commission; see also 1874/1154 ,1874/1714,p.56-58,26 May 1874,,COL/A198; SRS5253/1/199,
ITM846928,"BIRCH, C. W.; WHEELER; LOWEY; LOWEY; CAMPBELL; BUTTLER; Jindare (Aboriginal woman) or Jenny; ALLEN, B.; RuRu (Aboriginal woman);  McPHERSON",New South Wales; Bowen Downs; Cunnamulla; Dar Creek,,,Letter from Inspector Murray at Bowen Downs to the Colonial Secretary ,1874/1714,"p.67-69
 ",27 March 1871,,COL/A198; SRS5253/1/199,
ITM846928,,,,,Letter from Police Magistrate at Cardwell to the Colonial Secretary ,1874/1741,p.203-204,17 August 1874,,COL/A198; SRS5253/1/199,
ITM846928,"GEORGE, J.",Palmerville,,,Letter from Police Magistrate at Cooktown to the Colonial Secretary ,1874/1829,p.393-394,08 September 1874,,COL/A198; SRS5253/1/199,
ITM846928,,Saxby; Bowen Downs; Dabyrymple; Richmond Downs; Townsville; Upper Flinders; Burke district,,,"Letter from Robt Gray, Hughenden, Upper Flinders, to the Colonial Secretary ",1874/1864,p.470-472,15 August 1874,,COL/A198; SRS5253/1/199,
ITM846928,,Blackall; Blackall district Mitchell district,,,Letter from BD Morehead to the Colonial Secretary ,1874/1879,p.560,24 August 1874,,COL/A198; SRS5253/1/199,
ITM846928,MANUS,Cooktown,,,Letter from Treasury to the Colonial Secretary with additional letter entitled: 'Extract from Collector of Customs' ,1874/1913,p.622,25 September 1874,,COL/A198; SRS5253/1/199,
ITM846928,"DAINTREE; MARLOW, John",Bowen; Bowen River; Repulse Bay; Ravenswood; Gulf of Carpentaria; Bowen Downs; Great Barrier Reef; Indian Archipelago; Middle Island,,,Letter from the members of the Kennedy Provincial Association at Bowen to the Colonial Secretary ,1874/1938,p.652-656,27 August 1874,,COL/A198; SRS5253/1/199,
ITM846929,"BROWN; DALYMPLE; FORREST; MORTON, Thomas; LANDROCK",Somerset,,,Letter from Police Magistrate at Somerset to the Colonial Secretary ,1874/2059,p.108-112,03 October 1874,,COL/A199; SRS5253/1/200,
ITM846929,,Somerset,,,Letter from DOH Aplin to the Colonial Secretary ,1874/2059,p.113,09 September 1874,,COL/A199; SRS5253/1/200,
ITM846929,,Palmer; Cooktown,,,Letter from the Police Magistrate at Cooktown to the Colonial Secretary ,1874/2070,p.144,01 October 1874,,COL/A199; SRS5253/1/200,
ITM846929,"A'HERN, John",Brisbane; Blackall ,,,Letter from CW Bucknell at Blackall to the Colonial Secretary ,1874/2073,p.153,04 October 1874,,COL/A199; SRS5253/1/200,
ITM846929,MORRISET,Brisbane,,,Letter from AL Morisset to the Colonial Secretary; prev 2106 ,1874/2182,p.458,23 October 1874,,COL/A199; SRS5253/1/200,
ITM846930,,Torres Strait; Somerset,,,Letter from Immigration Agent to the Colonial Secretary; sub 2309 ,1874/1365,p.148-149,09 July 1874,,COL/A200; SRS5253/1/201,
ITM846930,,New Guinea; Torres Strait; Somerset,,,Letter from Attorney General and Police Magistrate at Somerset to the Colonial Secretary ,1874/2309,p.143-146,29 October 1874,,COL/A200; SRS5253/1/201,
ITM846930,,New South Wales; Fiji; New Zealand; Victoria; Queensland,,,Despatch from Secretary of State for Colonies to Governor e,1874/2320,p.158-166,09 September 1874,,COL/A200; SRS5253/1/201,
ITM846930,,Nebo,,,Letter from Bench at Nebo to the Colonial Secretary; prev 1882 ,1874/2350,p.345-346,20 October 1874,,COL/A200; SRS5253/1/201,
ITM846930,,Cardwell; Herbert River,,,Telegram from General Post Office Telegraphs to the Colonial Secretary ,1874/2384,p.497,10 November 1874,,COL/A200; SRS5253/1/201,
ITM846930,,Somerset,,,Letter from Police Magistrate at Somerset to the Colonial Secretary ,1874/2469,p.748,01 August 1874,,COL/A200; SRS5253/1/201,
ITM846931,KING; JUDGE; HILFEDDER ,Ipswich,,,Letter from the Commissioner of Police to the Colonial Secretary ,1874/2594,p.309-310,11 December 1874,,COL/A201; SRS5253/1/202,
ITM846932,,Somerset; Cape York,,,Letter from John Jardine at Brisbane to the Colonial Secretary ,1867/1955,p.985-989,12 August 1867,,,
ITM846932,,Sydney; Somerset; Cape Grenville; New Caladonia; Singapore; Prince of Wales Island; Korraregas; Souzabaya; Brisbane,,,Letter from the Police Magistrate at Somerset to the Colonial Secretary ,1870/436,p.979-983,31 December 1869,,,
ITM846932,"SOMERSET, Fits-Reg, P.M.; CASSIDY, James; SAM (Aboriginal, N.P.); WEISS, Frederick; JOHNSTONE, Robert, Sub Inspector;",Townsville; Lower Herbert; Cardwell,,,,1874/2260,p.41-45,04 November 1874,,COL/A202; SRS5253/1/203,
ITM846932,"Sam (Aboriginal man); WEISS, Frederich; JOHNSTONE",Herbet; Cleveland Bay,,,Letter from Police Magistrate at Townsville to the Colonial Secretary; ‘Depositions Magisterial Inquiry re alleged death (murder) of aboriginal Sam’; prev 2260; sub 2615 ,1874/2358,p.42-46,04 November 1874,,COL/A202; SRS5253/1/203,
ITM846932,"HIGGINS, Patrick; Sam (Aboriginal man); JOHNSTONE",Townsville; Somerset,,,"Letter from the Police Magistrate at Townsville to the Colonial Secretary, about inquest into the suspicious death of Trooper Sam; included depositions; see also QSA item 846933, 1874/2895 COL/A203; SRS5253/1/204 ",1874/2615,p.37-38,23 October 1874,May 1874,COL/A202; SRS5253/1/203,
ITM846932,APLIN; HEATH; BELL,Sydney; Somerset,,,Letter from CE Beddome to the Colonial Secretary fowarding letter from Mr Bell of Sydney,1874/2635,p.112,17 November 1874,,COL/A202; SRS5253/1/203,
ITM846932,,,,,Letter from the Clerk of Petty Sessions at Normanton to the Colonial Secretary ,1874/2733,p.379,22 January 1874,,COL/A202; SRS5253/1/203,
ITM846932,,Somerset; Cape York,,,Letter from Fitzroy Somerset to the Colonial Secretary ,1874/2737,p.388,28 January 1874,27 January 1874,COL/A202; SRS5253/1/203,
ITM846932,HUME; LEICHHARDT; GOODMAN,,,,Telegram from Colonial Secretary (NSW) to the Colonial Secretary regarding a report that there was a survivor of Leichhardt's party.,1874/2742,p.405-408,06 February 1874,,COL/A202; SRS5253/1/203,
ITM846932,,Normanton,,,Telegram from the Police Magistrate at Normanton to the Colonial Secretary ,1874/2752,p.451-454,02 March 1874,,COL/A202; SRS5253/1/203,
ITM846932,MORRISET,Normanton,,,Telegram from Police Magistrate at Normanton to Treasury ,1874/2752,p.455-456,27 February 1874,,COL/A202; SRS5253/1/203,
ITM846932,"LEGG, R.; AGNEW, William; HENDERSON, George",Bowen River,,,Inquest held at Bowen River into the deaths of two unknown Aboriginal males ,1874/2755,p.468-470,16 February 1874,8 Februrary 1874,COL/A202; SRS5253/1/203,
ITM846932,HAMILTON,Townsville,,,Telegram from Police Magistrate at Townsville to the Colonial Secretary ,1874/2757,p.493,11 March 1874,,COL/A202; SRS5253/1/203,
ITM846932,,Saxby River; Burke district; Cloncurry; Craigie,,,Letter from the Commissioner of Police to the Colonial Secretary,1874/2772,p.557-558,10 April 1874,,COL/A202; SRS5253/1/203,
ITM846932,,,,,Letter from Chief Secretary (NSW) to the Colonial Secretary forwarding telegram from Cook Town,1874/2775,p.568,14 April 1874,,COL/A202; SRS5253/1/203,
ITM846932,,,,,Letter from G Townsend to the Colonial Secretary ,1874/2789,p.612-613,30 April 1874,,COL/A202; SRS5253/1/203,
ITM846932,,Brisbane; Rockhampton,,,Telegram from Police Magistrate at Bowen to the Colonial Secretary ,1874/2796,p.634-636,05 May 1874,,COL/A202; SRS5253/1/203,
ITM846932,"GORDON; SHERIDAN, B. G.",King's reef; Cardwell; South Barnard; Townsville,,,Telegram from Harbour Master at Cardwell to the Colonial Secretary ,1874/2821,p.727-731,02 June 1874,,COL/A202; SRS5253/1/203,
ITM846932,"HAMILTON; CRIBB, B.",Queensland; England; Cooktown; Dalby,,,Letter from Fred Beor at Cooktown to the Colonial Secretary ,1874/2824,p.740,05 June 1874,,COL/A202; SRS5253/1/203,
ITM846932,,,,,Letter from Governor to the Colonial Secretary ,1874/2825,p.743-744,06 June 1874,,COL/A202; SRS5253/1/203,
ITM846932,"DALRYMPLE, Elphinstone, P.M.; BEDDONE, W.C.E., P.M.; BROWN, E.L.; ",Somerset; Prince of Wales Islands;,,,"Letter from the Police Magistrate at Somerset to the Colonial Secretary; prev 1870/436; noted ‘Also includes 1867/1955. It belongs with 1870/50 in QSA item 846866 but was found after filming of QSA item 846866 was completed’ and ‘Also includes 1870/436. It belongs with 1871/524 in QSA item 846883 but was found after filming of QSA item 846883 was completed’; see also QSA item 846865, 1867/1955 ","1874/2828, Gall Estray",p.108-130,08 June 1874,,Gall Estray,
ITM846932,"PALMER, Edward.",Northern Queensland; Victoria; New South Wales; Tasmania; Conobie Station; Lower Flinders,,,Letter (stamped ‘received 31/12/1874’) from Governor’s Private Secretary to the Colonial Secretary with newspaper clipping entitled 'Shooting Blacks',1874/2829,p. 991,11 June 1874,,COL/A202; SRS5253/1/203,
ITM846932,"PALMER, Edward.",Northern Queensland; Victoria; New South Wales; Tasmania; Conobie Station; Lower Flinders,,,Letter ‘Shooting Blacks’ from Edward Palmer at Lower Flinders ,1874/2829,p.994-995,2 June 1874,,COL/A202; SRS5253/1/203,
ITM846933,"RAMSAY, Ralph; PALMER, A.H.; CORBETT, Storekeeper; MITTON; RASAY, Ralph; BROWN, Gilbert H.; JAMESON, John",Gilberton; Mount Hogan; Western Creek; Etheridge; Percy River; Robertson River; ,,,,1873/1959,p.39-46,16 October 1873,,COL/A203; SRS5253/1/204,
ITM846933,,,,,Letter from Governor to the Colonial Secretary ,1874/2868,p.76-79,22 July 1874,,COL/A203; SRS5253/1/204,
ITM846933,,Cardwell; Sandy Creek; Palmer; Cooktown,,,"Telegram from Police Magistrate at Cooktown, sent from Cardwell,  to the Colonial Secretary ",1874/2869,p.85-88,23 July 1874,,COL/A203; SRS5253/1/204,
ITM846933,,Port Darwin; Normanton ,,,Telegram from Police Magistrate at Normanton to the Colonial Secretary ,1874/2873,p.99-100,04 August 1874,,COL/A203; SRS5253/1/204,
ITM846933,SMYTHE;  Potto (Aboriginal man); FENETH ,Condamine,,,Telegram from Police Magistrate at Dalby to the Colonial Secretary ,1874/2874,p.101-104,05 August 1874,,COL/A203; SRS5253/1/204,
ITM846933,"LUKNIR, G. L.",Roma,,,Letter from Police Magistrate at St George to the Colonial Secretary ,1874/2877,p.111-113,29 July 1874,,COL/A203; SRS5253/1/204,
ITM846933, MacDONALD,Cooktown; Sydney; Palmerville,,,Letter from BM Thomas to the Colonial Secretary ,1874/2889,p.161-167,04 September 1874,,COL/A203; SRS5253/1/204,
ITM846933,,Palmer; Sandy Creek,,,Telegram from AG Cameron to the Colonial Secretary ,1874/2896,p.185,25 August 1874,,COL/A203; SRS5253/1/204,
ITM846933,"MACALISTER, G.; McDONALD, J. G.",Cooktown; Somerset; Brisbane; Palmer,,,Letter from Howard St George to the Colonial Secretary ,1874/2900,p.202-203,24 August 1874,,COL/A203; SRS5253/1/204,
ITM846933,,Cooktown; Somerset,,,Telegram from Howard St George at Palmerville to the Colonial Secretary ,1874/2900,p.204,29 August 1874,,COL/A203; SRS5253/1/204,
ITM846933,,Palmerville,,,Telegram from Howard St George to the Colonial Secretary ,1874/2901,p.200,09 September 1874,,COL/A203; SRS5253/1/204,
ITM846933,,Gilbert; Somerset,,,Letter from John Cameron to the Colonial Secretary; prev 1873/1959; sub 59 ,1874/55,p.293-294,18 December 1873,,COL/A203; SRS5253/1/204,
ITM846933,CAMERON,Gilberton; Waggoner; Georgetown,,,Letter from Mr Bernerker at Gilberton to the Colonial Secretary; prev 55; sub 795 ,1874/59,p.290-292,17 December 1873,,COL/A203; SRS5253/1/204,
ITM846933,FINCH,Gilberton; Gilbert district; Etheridge Gold Field; Percy River; Robinson River;  Mitton's Station; Craigie,,,"Letter from Rolf or Ralph Ramsay at Gilberton to the Colonial Secretary; prev 1873/1959, 1874/795; sub 1142; see also 1874/2913 ",1874/873,p.281-283,23 February 1874,,COL/A203; SRS5253/1/204,
ITM846934,DABYLUPLE,Cardwell; Brisbane,,,Letter from S  Dabyluple to the Commissioner of Police with attached note from the Colonial Secretary ,1874/2970,p.584-587,21 January 1874,,COL/A204; SRS5253/1/205,
ITM846934,"MacCAULEY; JOHNSON, A.; JOHNSTONE; ANERLAND, Sam; ROLOMA, Charley",Torres Strait,,,Letter from Collector of Customs to the Colonial Secretary ,1874/2977,p.627-632,21 December 1874,,COL/A204; SRS5253/1/205,
ITM846935,,Queensland; Brisbane,,,Letter from Chairman Commission of Aboriginal Inquiry to the Colonial Secretary; ‘Rest of file filmed in QSA item 846952’; sub 1875/116 COL/A222; SRS5253/1/223 ,1874/1005,p.329-330,04 May 1874,,COL/A205; SRS5253/1/206,
ITM846935,"McDonald, Archibald. McDonald, G.",Balonne district; Munqullala Creek; Wallam Creek; Maranoa River; Balonne; Bulgoa; Warrego; Lower Warrego; Charleville; Roma; Dalby; Wild Horse Plains; St George; Brisbane,,,"Letters from Jacob Low, MLA, at Welltown Station via Goondiwindi, to the Colonial Secretary ",1875/13,p.97,26 December 1874,,COL/A205; SRS5253/1/206,
ITM846936,,Cook; Cardwell; Palmer; Ethridge; Cape Grafton; Cape Tribulation; Endevour River; Cape Bedford,,,Letter from the Commissioner of Police to the Colonial Secretary; prev 2230; sub 1875/646 ,1874/2607,p.1244,14 December 1874,,COL/A206; SRS5253/1/207,
ITM846936,"BROWN, E. L.;  MOREMAN; GRAHAM, Edward; MILLS; BROOKS; POWELL; FITTON, Johnny; WILKIE, A.;  ROBERTSON, William; DALRYMPLE; BEDDOME; RUSSELL",Somerset;  Brisbane,,,Letter from Police Magistrate at Somerset to the Colonial Secretary forwarding a report on the general condition of settlement at Somerset,1874/572,p.783,30 October 1874,,COL/A206; SRS5253/1/207,
ITM846936,"THOMASINELLI; LUIGI; BROWN; CLARKE, Andrew; d'ALBERTIS; BELL, John; THOMPSON, Colin; McFARLAND","Somerset; Cape York; Europe; New Guinea; London, England; Torres Strait; Ida Point; Even's Bay Jervis Island;  Port Morsbey",,,Letter from Police Magistrate at Somerset to the Colonial Secretary ,1875/484,p.225,21 January 1875,,COL/A206; SRS5253/1/207,
ITM846936,Mokey (Torres Strait Islander woman); Dick (South Sea Islander man); JARDINE ,Murray Island; Normanton; Rotumah,Murray Island,,Letter from Police Magistrate at Somerset to the Colonial Secretary ,1875/485,p.235,18 January 1875,,COL/A206; SRS5253/1/207,
ITM846937,,Flinerders River; Upper Glenroy; Norman,,,Letter from George MacGiloray  to the Colonial Secretary ,1875/989,p.983,04 March 1875,,COL/A207; SRS5253/1/208,
ITM846943,"WILLIAM; MCLEAY; BLACKADAR, Constable; HEATH, Captain; APLIN, C.D'Oyly H., P.M.;",Somerset; Shallow Bay; Prince of Wales Islands; Brisbane; Brady Bank; Endeavour Straits; ,,,Letter from the Police Magistrate at Somerset to the Colonial Secretary ,1875/2349,p.66-69,09 July 1875,,COL/A213; SRS5253/1/214,
ITM846943,"BLACKADAR, Constable; PAGE, Harry; BLACK, William; NOELKE; WILKIE; HEATH, Captain; MCARTHUR, Sir W.; ONSLOW, Captain; MCLEAY; D'ALBERTIS; THOMASINELLI; APLIN, C.D'Oyly H., P.M.;",Somerset; Sydney; Brisbane; Brady Bank; Red Island; Jardine River; ,,,Letter from the Police Magistrate at Somerset to the Colonial Secretary ,1875/2350,p.70-72,02 August 1875,,COL/A213; SRS5253/1/214,
ITM846945,"JOHNSTONE; NEAME, Arthur; Briggs, Rawdon; MILES, Henry; MACKENZIE, Alfred; WALLIN, Edwin S.; WALKER, Onslow F.; HAIG, Farrand",Lower Herbert; Herbert River,,,"Telgram with petition from Arthur Neame, Rawdon Biggs, Henry Miles, A (Alfred) MacKenzie, Edwin S Wallin, Onslow F Walker and Farrand Haig, at the Herbert River, to the Colonial Secretary ",1875/3074,p.122-124,13 December 1875,,COL/A215; RS5253/1/216,
ITM846945,MOORE,Cooktown,,,Letter from the Commissioner of Police to Attorney General (acting for Colonial Secretary); included 1875/2872 ,1875/3095,p.165-167,14 December 1875,,COL/A215; RS5253/1/216,
ITM846945,DURBAN,Queensland; Darling Downs; Sydney; Surat; Condamine Balonne; Frayland; Goondoowindi,,,Petition from Adam Grant to Governor Cairns ,1875/3213,p.654,27 January 1876,,COL/A215; RS5253/1/216,
ITM846945,JOHNSTON,Cardwell; Herbert River,,,Telegram from Brinsley Sheridan at Cardwell to the Colonial Secretary ,1875/3243,p.803-804,08 April 1875,,COL/A215; SRS5253/1/216,
ITM846945,Peter (Aboriginal man); D'ALBERTIS; REDLICK,Rockhampton; Torres Strait; Cornwallis Island;  Brisbane,,,Letter from the Police Magistrate at Somerset to the Colonial Secretary ,"1875/3247, Gall Estray",p.818-823,15 April 1875,,COL/A215; SRS5253/1/216,
ITM846946,"FRAZER, Joseph; PELTIER, Narcisse; PELTIER, Martin; PELTIER, Alfonsine; PELTIER, Elie; FORREST","Sydney; Somerset; Night Island; Cape Sidworth; St Gile, France; Bordeaux, France; Russel Island; Hong Kong; New Caladonia; Brisbane",,,Letter from the Police Magistrate at Somerset to the Colonial Secretary ,1875/3259,p.96,11 May 1875,12 April 1875,COL/A216; SRS5253/1/217,
ITM846946,,Thargomindah,,,Letter from the Police Magistrate at Cunnamulla to the Colonial Secretary ,1875/3301,p.270,05 August 1875,,COL/A216; SRS5253/1/217,
ITM846946,BROWNSTON; BLAKE,,,,Petition from Daniel McCarthy to Governor ,1875/3332,p.393,18 October 1875,,COL/A216; SRS5253/1/217,
ITM846947,"WAITE, George",Bowen; Crystal Brook,,,Letter from Governor to the Colonial Secretary; sub 1876/57 ,1875/2542,p.132,07 October 1875,,COL/A217; SRS5253/1/218,
ITM846947,"CAIRNS, William Wellington; BRAUSTON; BLAKE, T.  J. ",,,,"Petition from Daniel McCarthy to the Governor of Queensland, William Wellington Cairns y; sub 1876/100 ",1875/2701,p.281-283,18 October 1875,,COL/A217; SRS5253/1/218,
ITM846947,"McCARTHY, Daniel",,,,"Letter from TJ Blake, QC, to the Colonial Secretary; prev 1875/2701 ",1876/100,p.277,11 January 1876,,COL/A217; SRS5253/1/218,
ITM846947,,Junction Creek; Palmer,,,Letter from Postmaster-General’s Dept to Colonial Secretary ,1876/138,p.359,14 January 1876,,COL/A217; SRS5253/1/218,
ITM846947,,Junction Creek; Palmer,,,Letter from Superintendent of Electric Telegraph at the Postmaster-General’s Department to the Colonial Secretary ,1876/138,p.359,25 November 1875,,COL/A217; SRS5253/1/218,
ITM846947,MORRISET,Crystal Brook; Bloomsbery,,,Letter from the Commissioner of Police to the Colonial Secretary; prev 1875/2542 ,1876/57,p.132,05 January 1876,,COL/A217; SRS5253/1/218,
ITM846947,,Palmer River Gold Fields; Mitchell River,,,Petition from the stockowners and residents of the Mitchell River and Palmer River to the Colonial Secretary ,1876/84,p.215,00 December 1875,,COL/A217; SRS5253/1/218,
ITM846949,"PITT, Douglas; JARDINE; WEBB",Somerset; Dainley; Murray Island,,,Letter from Henry Chester at Somerset to the Colonial Secretary ,1876/538,p.39-40,20 February 1876,,COL/A219; SRS5253/1/220,
ITM846951,SMART; MULLIGAN,Palmervile; Cooktown; Palmer,,,Telegram from Jas Green [‘Cy’ – Cape York?] to ‘Superintendent’; see also 1876/1054 ,1876/1022,p.47-49,21 April 1876,,COL/A221; SRS5253/1/222,
ITM846951,,Bundaberg; Sandy Cape,,,Letter from the Police Magistrate at Maryborough to the Colonial Secretary ,1876/1044,p.89,25 April 1876,,COL/A221; SRS5253/1/222,
ITM846952,,Sandy Cape; Maryborough; Fraser Island ,,,Letter from Police Magistrate at Maryborough to the Colonial Secretary ,1876/1492,p.613-614,15 June 1876,,COL/A222; SRS5253/1/223,
ITM846953,,,,,Letter from Arthur Robinson JP to the Colonial Secretary ,1876/1529,p.34,15 June 1876,,COL/A223; SRS5253/1/224,
ITM846953,,Rockhampton; Windah,,,Telegrams from the Police Magistrate at Rockhampton and Sub Inspector Collopy to the Under Clonial Secretary ,1876/1588,p.152-154,26 June 1876,,COL/A223; SRS5253/1/224,
ITM846953,"SALMOND; STUART; McKINLEY; LEWIS; GASON, A.; WOODCOCK",South Australia; Cooper's Creek,,,Letter from Chief Secretary's Office in South Australia  to the Colonial Secretarywith letters enclosed.. ,1876/1599,p.171-174,12 June 1876,,COL/A223; SRS5253/1/224,
ITM846953,,Cooktown; Rockhampton,,,Telegram from the Police Magistrate at Cooktown to the Colonial Secretary; see also 1876/531 ,1876/1737,p.532-533,11 July 1876,,COL/A223; SRS5253/1/224,
ITM846957,,Aramac,,,Letter from Governor to the Colonial Secretary re. newspapers reporting great cruelty and murder by Police Force,1876/2698,p.272-274,20 June 1876,,COL/A227; SRS5253/1/228,
ITM846958,"CARR, Ernest Sub Inspector; JEMMY (Aboriginal); WHEELER, Inspector; ",Marlborough,,,Letter from Sub-Inspector Ernest Carr to the Commissioner of Police ,"1876/1517

Top Number 76/2894",p.265-267,09 May 1876,,COL/A228; SRS5253/1/229,
ITM846958,JIMMY (Aboriginal); ,Belyando;,,,Letter from Sun Inspector Carr to Commissioner of Police,"1876/1517

Top Number 76/2894",p.260-261,19 June 1876,,COL/A228; SRS5253/1/229,
ITM846958,"WHEELER, Sub Insp; JAMIE (Aboriginal)",Banchovy; Mistake Creek; Belyando; Islay Plains,,,Letter from Arthur Brown to Commissioner of Police (letter No 1170/1876) - matching to date,"1876/1517

Top Number 76/2894",p.272-273,28 March 1876,,COL/A228; SRS5253/1/229,
ITM846958,"DAVIDSON, Alfred;",Marlborough;,,,,"1876/1517

Top Number 76/2894",p.268-271,29 April 1876,,COL/A228; SRS5253/1/229,
ITM846958,KING; CROPPY,Gympie; Monkland; One Mile. ,,,"Letter from the Police Magistrate at Gympie to the Colonial Secretary with attached newspaper clipping (letter to the editor) entitled ""SUPPLYING BLACKS WITH LIQUIRE"".  ",1876/2894,p.245,03 November 1876,,COL/A228; SRS5253/1/229,
ITM846958,,Gairlock Plantation; Cardwell,,,Letter from Governor to the Colonial Secretary with attached letter from the Manager of the Gairloch Plantation (unknown Stewart) of Herbert River to the Governor,1876/2917,p.359-364,28 October 1876,,COL/A228; SRS5253/1/229,
ITM846958,"CADELL, W.",Gladstone; Krombit Station,,,Letter from Police Magistrate at Gladstone to the Colonial Secretary with letter enclosed from W. Cadell; see also 1877/139 ,1876/2923,p.377,01 November 1876,,COL/A228; SRS5253/1/229,
ITM846960,,,,,Requisition for 600 Native Police caps and other various stores,[1876/3381,p.302-323,4 September 1876,,COL/A230; SRS5253/1/231,
ITM846960,,,,,Telegram from Police Magistrate at Maryborough to the Colonial Secretary re. Crown Land Rangers demanding that Aborigines who assist timber getters must have timber licences,1876/3448,p.572,04 August 1876,,COL/A230; SRS5253/1/231,
ITM846963,BRIDOM,Issacs River,,,"Letter from McCarney and Mayne at North Creek, Isaac River to the Colonial Secretary ",1877/294,p.202,16 January 1877,,COL/A233; SRS5253/1/234,
ITM846965,,Herbert River,,,Telegram from J Hull at the Herbert River to the Colonial Secretary ,1877/902,p.419,14 March 1877,,COL/A235; SRS5253/1/236,
ITM846966,"JOHNSTONE, Robert",Trinity Bay,,,Letter from Michael Bird Hall at Lower Herbert to Colonial Secretary; prev 3209; sub 1877/1076 ,1876/3331,p.192-195,13 December 1876,,COL/A236; SRS5253/1/237,
ITM846966,,"JOHNSTONE, Robert",,,Letter from the Commissioner of Police to the Colonial Secretary; prev 1876/3331 ,1877/1076,p.191,12 December 1876,,COL/A236; SRS5253/1/237,
ITM846966,"BIRD HALL, Michael; JOHNSTONE, Robert; MORISSET, S. W.; BROWNE; BOYLE; BILLAM, William",Herbert River; Lower Herbert River; Bowen,,,"Letter from the Commissioner of Police to the Colonial Secretary with affidavid and letter of Michael Bird Hall, a reply from Sub-Inspector Johnstone and report of an investigation held by Inspector Morisset",1877/1076,p.159,27 March 1877,,OL/A236; SRS5253/1/237,
ITM846966,JEFFERY; DUNN,Thargomindah; Thargomindah Station; Charleville; Cunnamulla; Adeleide; Bourke,,,Letter from Police Magistrate Thomas Craig to the Colonial Secretary ,1877/1126,p.423-423,01 March 1877,,COL/A236; SRS5253/1/237,
ITM846966,FAHEY,Cooktown,,,"Telegram from Howard St George, the  Police Magistrate at Cooktown to the Colonial Secretary ",1877/1255,p.684-686,29 March 1877,,COL/A236; SRS5253/1/237,
ITM846967,"BEDNIGAN, Thomas; COWRAY, John",Mossman River; Daintree River; Cooktown,,,Telegram from B. Fahey Customs Collector at Cooktown to the Colonial Secretary ,1877/1425,p.161,18 April 1877,,COL/A237; SRS5253/1/238,
ITM846967,"FAHEY, B.; collector of Customes",Cooktown; Mossmon; Daintree River; ,,,Telegram from Customs Collector at Cooktown to the Colonial Secretary ,1877/897,P.164-166,17 April 1877,,COL/A237; SRS5253/1/238,
ITM846968,,,,,Letter from the Commissioner of Police to the Colonial Secretary;  with regard to request for extra allowance/ rations provided to the Northern Districts,1877/2758,p.103-107,09 May 1877,,COL/A238; SRS5253/1/239,
ITM846968,,,,,"Letter from the Commissioner of Police to the Colonial Secretary;  with regard to request for an allowance be provided to the Burke District and so be in alignment with the Palmer District, due to cost of living in these Districts","1877/537

in top number 1877/2758",p.108,7 December 1876,,COL/A238; SRS5253/1/239,
ITM846968,,,,,Letter from Police Magistrate at Somerset to the Colonial Secretary re. the monetary collections from the Port of Somerset for the month of April 1877,1877/2937,p.511,04 May 1877,,COL/A238; SRS5253/1/239,
ITM846968,,Walsh River; Cloncurry; Normanton; Etheridge; Lower Flinders; Georgetown,,,Letter from the Commissioner of Police to the Colonial Secretary,"1877/3022

in top number 1877/2758",p.109-110,18 September 1876,,COL/A238; SRS5253/1/239,
ITM846968,SEYMOUR,,,,Letter from the Commissioner of Police to the Colonial Secretary re urgent request to emplay an addiitonal 20 constables,1877/2759,p.112,09 May 1877,,COL/A238; SRS5253/1/239,
ITM846968,ST GEORGE; SEYMOUR,Cooktown,,,Telegram from Howard St George to the Colonial Secretary regarding need for an increase in the Police force to manage the influx of Chinamen to Cooktown,"1877/2675

in top number 1877/2759",p.113-115,1 May 1877,,COL/A238; SRS5253/1/239,
ITM846968,HILL;,Byerstown,,,Letter from Police Magistrate at Byerstown to the Colonial Secretary re murdered European by a party of Chinamen,1877/2783 ,p.176,01 May 1877,29 April 1877,COL/A238; SRS5253/1/239,
ITM846968,FANNING; SEYMOUR;,Marlborough; St Lawrence,,,Telegram from JJP’s at St Lawrence to the Colonial Secretary ,1877/2835,p.546-548,15 May 1877,,COL/A238; SRS5253/1/239,
ITM846968,SHERIDAN,Sandy Cape; Maryborough,Sandy Cape community,,Telegram from R Sheridan at Maryborough requesting information on the usual annual supply of flour and tobacco given to Sandy Cape Blacks.,1877/2924,p.496-497,23 May 1877,,COL/A238; SRS5253/1/239,
ITM846968,MCEWEN; MACARTNEY; MAYNE; HILL; FANNING,Apis Creek; Wilangi Station; Clermont; Waverley Creek; Nebo; St Lawrence; ,,,"Letter from Fanning, NM Christian, JA Macartney and other Magistrates of the St Lawrence Bench to the Colonial Secretary ",1877/2964,p.539-544,17 May 1877,,COL/A238; SRS5253/1/239,
ITM846969,,Bowen Jetty,,,Letter from Mayor John Palmer at Bowen to Col Treasurer ,1877/3011,p.19-21,19 May 1877,,COL/A239; SRS5253/1/240,
ITM846969,,,,,Letter from the Auditor General to the Colonial Secretary ,1877/3124,p.488-506,11 February 1876,,COL/A239; SRS5253/1/240,
ITM846969,,,,,Letters to the Colonial Secretary from the Commandant of Police Brisbane,1877/3165,p.631-632,07 June 1877,,COL/A239; SRS5253/1/240,
ITM846971,,Banana,,,Letter from the Police Magistrate at Banana to the Colonial Secretary ,1877/3575,p.257-259,17 June 1877,,COL/A241; SRS5253/1/242,
ITM846971,"JOHNSTON, Officer; ",Herbert River; Somerset,,,"Telegram from Police Magistrate at Somerset to the Collector of Customs at Townsville, forwarded to Colonial Secretary ",1877/3600,p.288-294,06 July 1877,,COL/A241; SRS5253/1/242,
ITM846972,,,,,Letter from Mr Frederick Stiff & Hannah Stiff to Governor with a petition,1877/3817,p.106-108,16 July 1877,,COL/A242; SRS5253/1/243,
ITM846973,,Thargomindah; ,,,Petition from the residents of Thargomindah to the Colonial Secretary ,1877/4038,p.286-289,23 July 1877,,COL/A243; SRS5253/1/244,
ITM846973,"VALENTINE (Aboriginal man); UHR, Reginald",,,,Telegram from the Police Magistrate at Taroom to the Colonial Secretary ,1877/4048,p.306-307,04 August 1877,,COL/A243; SRS5253/1/244,
ITM846974,"VALENTINE (Aboriginal man); ADAMS, Dr Charles",Brisbane;,,,"Letter from Superintendent at Brisbane Lunatic Reception House to the Colonial Secretary; see also QSA item 846973, 1877/4048 COL/A243; SRS5253/1/244 ",1877/4314,p.247,03 September 1877,,COL/A244; SRS5253/1/245,
ITM846976,,,,,Telegram from JC Hodel to the Colonial Secretary ,1877/4973,p.694-698,18 October 1877,,COL/A246; SRS5253/1/247,
ITM846977,,Herbert River; Roxborough Downs; Cork; Diamantina River; Western Rivers,,,Petition from the residents of the Herbert River to the Colonial Secretary ,1877/5310,p.910-912,02 November 1877,,COL/A247; SRS5253/1/248,
ITM846979,SHERIDAN; SEYMOUR; JOHNSTONE,Cardwell; Tam O'Shanter Point,,,Telegram from Police Magistrate at Cardwell to the Colonial Secretary; re. directing detachment of Native Police to undertake investigation into murders on Tam O'Shanter Point of crew,1877/5567,p.160-162,05 December 1877,January 1877,"[QSA item 846979, 1877/5567] COL/A249; SRS5253/1/250",
ITM846979,"DAY, SUB INSPECTOR; ",Cardwell; Tam O'Shanter Point; Townsville; Bowen,,,Telegram from Inspector Morisset at Bowen to the Commissioner of Police reporting wreck of boat on Tam O'Shanter Point and suspected murder of 3 crew members,1877/5567,p.164,06 February 1877,January 1877,"[QSA item 846979, 1877/5567] COL/A249; SRS5253/1/250",
ITM846979,"SHERIDAN; DAY, TYRRELL; JOHNSTONE; TAMBO; GILLANDERS, ROBERT; BILLAM, WILLIAM; BRITTAN; PHILLIPS; INGHAM",Cardwell; Tam O'Shanter Point; Dunk Island; Cairns,,,Letter from Police Magistrate at Cardwell to Colonial Secretary ,"1877/5567

1877/5273  and 1877/644",p.166-188,07 February 1877,January 1877,"COL/A249; SRS5253/1/250
",
ITM846979,DOUGLAS,Cardwell; Tam O'Shanter Point; ,,,Telegram from Land Commissioner at Cardwell to Minister for Lands ,1877/5567,p.163,12 November 1877,January 1877,"COL/A249; SRS5253/1/250
",
ITM846979,"DOUGLAS, Mr; JOHNSTON, 2nd Lt; CARDWELL; Magistrate",Tamoshanter Point; Tonwsville;,,,Telegram from the Police Magistrate at Cooktown to the Colonial Secretary ,1877/5526,p.160-163,04 December 1877,,"COL/A249; SRS5253/1/250
",
ITM846979,,Tamoshanter Point; Tonwsville;,,,Telegram from Inspector Lloyd at Maryborough to the Commissioner of Police ,1877/5566,p.164-165,01 December 1877,,COL/A249; SRS5253/1/250,
ITM846979,"KENNEDY, Sir Arthur Edward; COWARD, Thomas; FLANNAGAN, Mr; GRAHAM, C.J.; DREW, Mr L. G.; GOUGH, Sub Inspector; JOHNSTONE, Sub Inspector; WHITFIELD, PALMER, A.H.; Mr; MARLOW, Inspector; TAYLOR (prisoner);  ",Belyando; Port Denison; Isaacs; Oakey; Sandy Creek; Palmer; Fine Gold Creek; Maytown; Byerstown; Normanby Gold Fields; Cooktown; Flinders; Cashmere; Mackay;  Cardwell; Rockhampton; Townsville; Oxford Downs; Nebo; ,,,Letter to Colonial Secretary and Executive Council representing Thomas Coward in response to charges and dismissal,1877/5624,p.315-325,11 December 1877,,COL/A249; SRS5253/1/250,
ITM846979,,,,,Letter from Warden forwarding a petition from Settlers,1877/5625,p.327-338,19 November 1877,,COL/A249; SRS5253/1/250,
ITM846979,"HARLEY, Mr; REGAN, Mr; WALKER, Mr; ",Daintree River; ,,Contains details regarding Murder,Letter from Customs Officer Macarthy at Island Point to Treasurer ,1877/5704,p.479-481,15 November 1877,,COL/A249; SRS5253/1/250,
ITM846979,"ATKINS, John; BALTON ?BALTER?, William; LANTON, Mr; ",Nicholson; Normanton; ,,Contains details regarding Murder,Telegram from Police Magistrate at Normanton to the Colonial Secretary ,1877/5709,p.497-500,11 December 1877,,COL/A249; SRS5253/1/250,
ITM846979,"ATKINS, John; BALTON ?BALTER?, William; LANTON, Mr; ",Nicholson; Normanton; ,,Contains details regarding Murder,Telegram from Inspector W Armit at Normanton to the Commissioner of Police ,1877/5709,p.495,13 December 1877,,COL/A249; SRS5253/1/250,
ITM846979,"ATKINS, John; BALTON ?BALTER?, William; LANTON, Mr; POINGDESTRE, Sub Inspector;",Nicholson; Normanton; Watsons Gregory Station; Leichardt River,,Contains details regarding Murder,Telegram from Alfred Henry at Normanton to the Colonial Secretary; previous (dated 11/12/1877) 1877/5606 ,1877/5709,p.494,17 December 1877,,COL/A249; SRS5253/1/250,
ITM846980,,,,,Letter from the Commissioner of Police to the Colonial Secretary re. recommendation for appointment of Eglinton and promotion of Britton ,1877/5834,p.188,28 December 1877,,COL/A250; SRS5253/1/251,
ITM846980,,,,,"Letter from the Commissioner of Police to the Colonial Secretary providing Seniority list of all appointed Officers, their name, station and district",1877/5837,p.218-220,29 December 1877,,COL/A250; SRS5253/1/251,
ITM846980,MCLEAN; O'CONNOR; SEYMOUR; DALY; ABBOTT; EDWARDS,Cooktown; ,,,Letters to the Colonial Secretary from the Commissioner of Police re. Officers McLean vs O'Connor re claim for damage and loss by fire,1877/5866,p.290-305,21 December 1877,,COL/A250; SRS5253/1/251,
ITM846980,,Cooktown; Guam Island; Cairns; Chilcott Island; Dunk Island; Cardwell,,,"Telegram from Edward Morey at Cooktown to the Colonial Secretary; also, second telegram (same date) from D Spence, Acting Sub Collector of Customs at Cairns to Colonial Treasurer ",1877/5885,p.408-413,24 February 1877,14 February 1877,COL/A250; SRS5253/1/251,
ITM846982,,,,,Telegram from Sub Inspector Armit at Normanton to the Commissioner of Police ,1878/268,p.72,06 November 1877,,COL/A252; SRS5253/1/253,
ITM846982,"BALTON, William; ",Cloncurry; Dugold; Burke; Townsville; Normanton; ,,,Petition from residents of the Cloncurry goldfields to the Colonial Secretary ,1878/268,p.68-71,13 December 1877,,COL/A252; SRS5253/1/253,
ITM846982,,,,,Letter from the Commissioner of Police to the Colonial Secretary ,1878/268,p.73,24 January 1878,,COL/A252; SRS5253/1/253,
ITM846982,"MACKENZIE, J;",North Fort Cooper; Bloomsbury,,,Telegram from the Chairman of the Mackay District Association (J Mackenzie) to the Colonial Secretary ,1878/417,p.592-593,31 January 1878,,COL/A252; SRS5253/1/253,
ITM846982,Captain Abraham (Aboriginal man); ,Bribie Island; Cabulture; Brisbane,,Contains negative description of Aboriginals,Letter from Thomas Petrie at North Pine to Aboriginal Commission ,1878/459,p.682-685,12 January 1878,,COL/A252; SRS5253/1/253,
ITM846983,,Mackay; Bloomsbury; Nebo Barracks,,,Petition from residents of Mackay district to the Colonial Secretary ,1878/524,p.83-86,04 February 1878,,COL/A253; SRS5253/1/254,
ITM846987,"SANDY (Aboriginal man); DOUGALL (Aboriginal man); HALLORAN, A.E. Sheriff;",Wide Bay District; Maryborough; St Helena; Brisbane Gaol,,Contains details regarding Rape,Memorial of Sandy (Aboriginal) to the Colonial Secretary ,1878/1672 Petitions,p.39-41,07 May 1878,,COL/A257; SRS5253/1/258,
ITM846988,,,,,Letter from Registrar General to the Colonial Secretary ,"Registrar General

believed to be 1878/1960",p.42-45,23 May 1878,,COL/A258; SRS5253/1/259,
ITM846988,,,,,Telegram from Police Magistrate at Townsville to the Colonial Secretary; sub 1929 ,1878/1910,p.476-477,23 May 1878,,COL/A258; SRS5253/1/259,
ITM846988,,,,,Telegram from Police Magistrate at Townsville to the Colonial Secretary; prev 1878/1910 ,1878/1929,p.475,25 May 1878,,COL/A258; SRS5253/1/259,
ITM846988,,Mackay; Nebo; Mt Gotthard; Sutton Creek,,,Letter from the Mackay District Association to the Colonial Secretary; prev 1070 ,1878/1951,p.524,13 May 1878,,COL/A258; SRS5253/1/259,
ITM846989,"CAMPBELL, John (Aboriginal man); HALLORAN, A.E. Sheriff;",Maryborough; Brisbane Gaol;,,Contains details regarding Rape,Petition from Prisoner John Campbell (Aboriginal) to the Colonial Secretary ,1878/2036 Petitions,p.90-92,31 May 1878,30 October 1871,COL/A259; SRS5253/1/260,
ITM846989,"CAMPBELL, John (Aboriginal man); HALLORAN, A.E. Sheriff;",Maryborough; Brisbane Gaol;,,Contains details regarding Rape,Petition from Prisoner John Campbell (Aboriginal) to the Colonial Secretary ,1878/2036,p.93-95,13 August 1877,30 October 1871,COL/A259; SRS5253/1/260,
ITM846989,,,,,Annual Report (dated 24/4/1878) from the Commissioner of Police for 1877 ,1878/2042,p.112-113,01 June 1878,,COL/A259; SRS5253/1/260,
ITM846992,"THOMPSON, Sub Inspector; ARTHUR, James ?: ",Ravenswood;,,Contains details regarding Murder,Telegram from WRO Hill at Ravenswood to Colonial Secretary ,[1878/2760,p.186189,31 July 1878,,COL/A262; SRS5253/1/263,
ITM846992,"PAUL, Judge;",Inglewood; Toowoomba;Waroo;,,,"Response to petition from the Elizabeth Brown, wife of John Brown, to the Colonial Secretary ",1878/2922,p.554-558,07 August 1878,,COL/A262; SRS5253/1/263,
ITM846992,"MILLER, Mr H.C.; ISLEY, Sub Inspector; ARMIT, Sub-Inspector;",Georgetown; Burke District; Gilbert Range; Thornborough; Cairns;,,,Letter from William Steele at Georgetown to the Colonial Secretary ,1878/2933,p.591-600,04 July 1878,,COL/A262; SRS5253/1/263,
ITM846994,,Seymour River; ,,,Telegram from Police Magistrate at Normanton to the Colonial Secretary ,1878/3389 Police,p.297-300,01 August 1878,,COL/A264; SRS5253/1/265,
ITM846997,"ERBE, Martin; BYRNE, Seuion ? Caust Mr;",Taroom; ,,,Telegram from Taroom to the Colonial Secretary ,1878/4261,p.619,28 November 1878,,COL/A267; SRS5253/1/268,
ITM846997,"HODGKINSON, Mr Warden; LARRY (Aboriginal man);",Georgetown; Dunrobin; Burke District;  Etheridge;,,,Letters from Police Magistrate at Georgetown to the Colonial Secretary ,1878/4266,p.631-632,06 December 1878,,COL/A267; SRS5253/1/268,
ITM846998,,Tinaroo; Upper Barron River;,,,Letter from John Atherton to the Colonial Secretary ,1878/4602,p.511-514,20 December 1878,,COL/A268; SRS5253/1/269,
ITM846999,,Brisbane; Maryborough; Rockhampton; ,,,Letter from the Commissioner of Police to the Colonial Secretary of Native Mounted Police Returns and inventory,1879/139 Police,p.220-224,31 December 1878,,COL/A269; SRS5253/1/270,
ITM846999,,,,,Letter from the Commissioner of Police to the Colonial Secretary ,1879/80,p.131-132 a,06 January 1879,,COL/A269; SRS5253/1/270,
ITM846999,"HODGKINSON, Mr Warden;",Etheridge; Gilberton; Georgetown; Upper Gilbert,,,Response to Warden's report published in The Telegraph by the Police Commissioner,1879/80,p.132 b -135,27 December 1878,27 December 1878,COL/A269; SRS5253/1/270,
ITM847000,"STUART, Inspector;",Thornborough,,,Letter from the Commissioner of Police to Colonial Secretary; prev 79/286 Hamilton ,1879/382 Police,p.103-105,24 January 1879,,COL/A270; SRS5253/1/271,
ITM847001,,,,,Letter from Jas Muirhead at Elgin Downs to the Colonial Secretary ,1878/536,p.56,03 January 1878,,COL/A271; SRS5253/1/272,
ITM847001,"Billy Button (Aboriginal man); SWANWICK, Solicitor F.F.; Jimmy (Aboriginal man);",,,Contains details regarding Murder,Letter from Billy Button (Aboriginal prisoner) and solicitor F.F. Swanwick to the Colonial Secretary. Includes Executive Council minute to Colonial Secretary ,1879/728 Petitions,p.60-61,25 February 1879,11 February 1879,COL/A271; SRS5253/1/272,
ITM847004,,,,,Letter from ex-Sub Inspector Charles Brown to the Colonial Secretary ,1879/1228,p.158 -160,01 April 1879,,COL/A274; SRS5253/1/275,
ITM847006,,,,,Letter from the Commissioner of Police to the Colonial Secretary ,1879/1624 Police,p.184,05 May 1879,,COL/A276; SRS5253/1/277,
ITM847007,,,,,Telegram from Police Magistrate at Maryborough to the Colonial Secretary ,1879/1906,p.421,27 May 1879,,COL/A277; SRS5253/1/278,
ITM847007,,Belyando; ,,,Letter from Mr Prior to the Colonial Secretary ,1879/1970,p.550-551,30 May 1879,,COL/A277; SRS5253/1/278,
ITM847008,"THREDGOLD, Mayor;",Cooktown;,,,Telegram from A Thredgold the Mayor of Cooktown to the Colonial Secretary ,1879/2033,p.38,04 June 1879,,COL/A278; SRS5253/1/279,
ITM847009,,,,,Report from the Commissioner of Police to the Colonial Secretary,1879/2464,p.321-329,30 June 1879,,COL/A279; SRS5253/1/280,
ITM847009,,Johnston River; ,,,Telegraph from Police Magistrate at Port Douglas to the Colonial Secretary ,1879/2479 Benches,p.405,12 July 1879,,COL/A279; SRS5253/1/280,
ITM847011,"THOMPSON, Inspector;",Collins Station;,,,Telegram from Police Magistrate at Georgetown to the Colonial Secretary ,1879/2832,p.412,11 August 1879,,COL/A281; SRS5253/1/282,
ITM847011,"WALSH, John;",Port Douglas;,,,Telegram from John Walsh at Port Douglas to the Colonial Secretary ,1879/2837,p.417,07 August 1879,,COL/A281; SRS5253/1/282,
ITM847011,,,,,Telegraph from Police Magistrate at Cairns to the Colonial Secretary ,1879/2961 Benches,p.721,22 August 1879,,COL/A281; SRS5253/1/282,
ITM847012,,,,,Letter from the Harbourmaster at Maryborough to the Colonial Secretary ,1879/3214,p.531,22 July 1879,,COL/A282; SRS5253/1/283,
ITM847013,,,,,Letter from Sub-Inspector O’Connor at Benalla to the Colonial Secretary ,1879/3481,p.425-426,18 September 1879,,COL/A283; SRS5253/1/284,
ITM847013,,,,,Captain Pearl's journal of voyage  ,1879/3485,p.429-439,21 September 1879,,COL/A283; SRS5253/1/284,
ITM847014,"SANDY (Aboriginal man); MORRIS, Paddy; EGAN, Stephan;",Rosewood;,,Contains details regarding Murder,Letter from Stephen Egan at Rosewood to the Colonial Secretary ,1879/3513,p.13-14,26 April 1879,,COL/A284; SRS5253/1/285,
ITM847015,"JOHNSTONE, William;",Lizard Island; Cooktown hospital; Cooktown; ,,,Letter from Police Magistrate at Thursday Island to the Colonial Secretary ,1879/3866,p.173,24 October 1879,,COL/A285; SRS5253/1/286,
ITM847015,,,,,Report from the Commissioner of Police to the Colonial Secretary ,1879/3922,p.283-285,06 November 1879,,COL/A285; SRS5253/1/286,
ITM847016,,Piper Island; Raine Island; ,,Contains details regarding Murder,Telegraph from the Police Magistrate at Cooktown to the Colonial Secretary ,1879/4056 ,p.90-95,20 November 1879,,COL/A286; SRS5253/1/287,
ITM847016,,Cooktown;,,Contains details regarding Murder,Telegram from the Police Magistrate at Cooktown to the Colonial Secretary ,1879/4073,p.137,15 November 1879,,COL/A286; SRS5253/1/287,
ITM847016,,Fraser Island,,,Letter from the Police Magistrate at Maryborough to the Colonial Secretary ,1879/4157,p.347-350,24 November 1879,,COL/A286; SRS5253/1/287,
ITM847017,"BROOKE, I.; GOODALL, W.R., P.M.;",Mackay; ,,,,1879/1520 ,p.323-324,16 April 1879,,COL/A287A; SRS5253/1/288,
ITM847017,"BROOKE, I.; GOODALL, W.R., P.M.;",Mackay; Sandy Creek; ,,,,1879/1912,p.312-313,20 May 1879,,COL/A287A; SRS5253/1/288,
ITM847017," GOODALL, W.R., P.M.;",Mackay; ,,,,1879/3259,p.311,04 September 1879,,COL/A287A; SRS5253/1/288,
ITM847017,"CAMPBELL, Johnny; WALSH, Maurice; BONEY (Aboriginal trooper); KENNEDY, Constable James; LLOYD, Chief Inspector;",Maryborough;,,,Letter from Maurice Walsh at Maryborough to the Colonial Secretary ,1879/4366,p.152-154,25 November 1879,,COL/A287A; SRS5253/1/288,
ITM847017,,,,,Letter from Aborigines Commission to the Colonial Secretary,1879/4428,p.350-353,09 December 1879,,COL/A287A; SRS5253/1/288,
ITM847018,,Bowen; Woodhouse; Kirknee;,,,Letter from E Cunningham at Woodhouse in the Bowen district to the Colonial Secretary ,1879/4656,p.155-156,19 December 1879,,COL/A287B; SRS5253/1/289,
ITM847018,SPENCE,,,,Telegram from Police Magistrate at Cairns to the Colonial Secretary ,1879/4673 Benches,p.209,22 August 1879,,COL/A287B; SRS5253/1/289,
ITM847019,,,,,Letter from the Commissioner of Police to the Colonial Secretary ,1880/179,p.228-230,23 December 1879,,COL/A288; SRS5253/1/290,
ITM847019,,,,,Report to the Colonial Secretary on the observations of annexation of islands on coast of New Guinea,1880/377,p.494-513,08 December 1879,,COL/A288; SRS5253/1/290,
ITM847019,"PENNEFATHER, Captain; PENCE, Captain; CHALMERS, J., Revd; CHESTER, Henry M.;",Thursday Island; New Guinea; Sybai; Cornwallis; Kewi; Marbiac; Darnley Island;,,,Torres Strait report,764 of 1880,"p.165-1669; 167-188 is the report (not done, assessed elsewhere)",05/01/1880,,COL/A288,
ITM847019,"CHESTER, Henry M., P.M.; CLARKE, William; CUSSEN, John; GOEZ, Maximo, alias Pedro; PARBURY; LAMB; ANTONIO (East Indian);",Cooktown; Townsville; Possession Island; Dayman Island;,,,Murders near TI,205 of 1880,p.189-193,14/01/1880,,COL/A288,
ITM847019,,,,,Torres Strait report,460 of 1880,p.162 -193,26/01/1880,,COL/A288,
ITM847022,,,,,Telegram from Sub Inspector Tompson at Georgetown to Commissioner of Police re. Barracks unroofed by tornado,1880/1916,p.537,16 December 1879,,COL/A291; SRS5253/1/293,
ITM847022,,,,,"Telegram from Commissioner of Police to Sub Inspector Tompson at Georgetown re as barracks is to be moved, no money to be spent on fixing",1880/1916,p.537,17 December 1879,,COL/A291; SRS5253/1/293,
ITM847022,,,,,Telegram from Sub Inspector Armit at Normanton to Commissioner of Police request to move location of Barracks from Bynoe,1880/1916,p.537,29 October 1879,,COL/A291; SRS5253/1/293,
ITM847022,,,,,Re breaking up Bynoe Native police detachment,1916 of 1880,p.156-158,09/01/1880,,COL/A291,
ITM847023,"CASSADY, James",,,,Torres Strait report,2307 of 1880,p.140-141,16/04/1880,,COL/A292,
ITM847023,"RAMSAY, Robert",,,,Telegram from Melbourne to the Col Sec regarding the Qld Native Trackers in Victoria,2494 of 1880,p.137,30/04/1880,,COL/A292,
ITM847027,,,,,No Native Police at Cooktown,3225 of 1880,p.185-186,25/05/1880,,COL/A296,
ITM847027,,,,,Native Police not needed at Cooktown,3866 of 1880,p.182,09/06/1880,,COL/A296,
ITM847027,,,,,Native Police patrol at Cooktown,2733 of 1880,p.183 ,25/06/1880,,COL/A296,
ITM847028,"PENNYFATHER,
TEKA, Harrry (South Sea Islan der man)
Maroosk, Chief of Strephens Island
Cooma (native of Stephens Island)
Maroop (native of Stephens Island)
Moonee  (native of Stephens Island)
WILLIAMS, John Henry
CHESTER, Henry W","Thursday Island
Darnley Isand
Stepphens Island",,,Attack near Thursday Island reported,4374 of 1880,p.40-50,06/08/1880,,COL/A297,
ITM847029,"WATSON, Isaac; ",Normanton; Gulf of Carpentaria; ,,,Complaint about Native Police at Normanton,"3823 of 1880

Top number 4815/80","p.151-152

 ",18/06/1880,,COL/A298,
ITM847029,"POINGDESTRE, Sub Inspector
WATSON, John
ARMIT, Sub Inspector
BLANCHARD Captain
BLANCHARD, Mrs
MATHEWS, Thomas
HARM, Frank H
WATSON, Isaac
","Laun Hill Station
Normanton
Leichardt River",,,Complaint about Native Police at Normanton,4815 of 1880,p.147-153,03/08/1880,,COL/A298,
ITM847029,"TUCKER, Hubert C
BARKER, R P",Bowen,,,Complaint about Native Police at Normanton,4615 of 1880,p.4-6,17/08/1880,,COL/A298,
ITM847029,JOHNSTONE Sub Inspector,"Mulgrave Gold Field
Cairns",,,Complaint about Native Police at Normanton,4954 of 1880,p.131-140,20/08/1880,,COL/A298,
ITM847029,"STAFFORD, B R",Brisbane,,,Letter from Police officer B R Stafford to the Col Sec seeking employment in the public service as his superiors believe he was unable to manage the troopers in his charge,4777 of 1880,p.97,02/09/1880,,COL/A298,
ITM847029,"FITZGERALD, ",Johnstone River,,,Survey camp attacked and robbed by Aborigines,4813 of 1880,p.146 ,03/09/1880,03/08/1880,COL/A298,
ITM847030,,Cardwell,,,Native Police camp in Cardwell unsanitory and too close to residences,5375 of 1880,p.194-196,30/09/1880,,COL/A299,
ITM847031,"HOLDER COWL, T
FITZGERALD, H
BURTON Mr","Cooktown
Laura",,,Telegraph line cut near Cooktown,5526 of 1880,p.36-44,09/09/1880,09/1880,COL/A300,
ITM847033,"BELLGROVE, Edwin",Roma,,,Complaint about Roma police and request for police protection,6167 of 1880,p.24-27,16/11/1880,11/1880,COL/A302,
ITM847034,"PENNEFATHER, Captain; CHESTER, Henry M.",Thursady Island; Mai Cussar River; Boigu; Murray Island; Marbiac;,,,Native Police wanted at Torres Straits,"5332 of 1880

Top number 6402/1880",p.5-6,14/08/1880,,COL/A303,
ITM847034,"McDOWALL, William","Upper Herbert
Valley of Lagoons
Cashmere",,,Police protection wanted at Upper Herbert and Valley of Lagoons,6323 of 1880,p.52-54,15/11/1880,,COL/A303,
ITM847036,,,,,Islanders to repel NG attackers,154 of 1881,P.15-18,31/12/1880,,COL/A305,
ITM847036,,,,,Native Police wanted at Torres Straits. Reporting searching for NG people,67 of 1881,P.56 ,06/01/1881,,COL/A305,
ITM847036,,,,,Attack near Thursday Island reported,68 of 1881,p.57,06/01/1881,,COL/A305,
ITM847037,"JOHNSTONE, Robt, Sub Insp;",Cardwell; Palm Island; Dungeness;,Palm Island,,Native Police visited Palm Island,"5664 of 1880
Top number 296/1881

no specific letter number for this one NW 07/03/22",p.70-71,29/09/1880,,COL/A306,
ITM847037,"JOHNSTONE, Sub Insp.; SEYMOUR, D.?.;",Pal Islands;,Palm Island,,Kidnapping at Palm Islands,5664 of 1880,p.72,26/10/1880,,COL/A306,
ITM847037,"HAMILTON, John; DOUGLAS, Sub Inspector; POPE; COOPER; POWER, Virgil;",Brisbane,,,Complaint about SI Douglas,296 of 1881,p.57-58 (-201),17/11/1880,,COL/A306,
ITM847037,"MARSDEN, Thos J?",Normanton;,,,,410 of 1881,p.110,28/01/1881,23/02/1905,COL/A306,
ITM847037,"DYAS, Sub-Inspector",Normanton; Georgetown:,,,,254 of 1881,p.2,19/01/1881,,COL/A306,
ITM847038,"HARTLEY, W.J.; ","New Guinea; D. Island, Louisade Archipelago; Leocadie Island; Moresby Island; Dinner Island;",,,Massacre at NG reported,"123 of 1881

Top Number 714 
",p.106-108,10/01/1881,,COL/A307,
ITM847038,"LAMOND, Sub-Insprector",Normanton; ,,,Man speared by Aborigines at Normanton,253 of 1881,p.98,19/01/1881,,COL/A307,
ITM847038,"MACGARARTY, B C;  DYAS, Sub-Inspector",Normanton; ,,,Man speared by Aborigines at Normanton,317 of 1881,p.97,21/01/1881,,COL/A307,
ITM847038,"LAMOND, Sub-Insprector; MACGARARTY, B C; DYAS, Sub-Inspector",Normanton; Creen Creek,,,"Murder by Aborigines, Police protection required, Normanton",359 of 1881,p.93-95,25/01/1881,,COL/A307,
ITM847038,"FORSYTH, James; ",Normanton; ,,,Non arrival of troopers or officers,530 of 1881,p.92,02/02/1881,,COL/A307,
ITM847039,,Cardwell,,,Telegram re no rumour here,856 of 1881,p.5,22/02/1881,,COL/A308,
ITM847040,"O'SHEA (Sergeant); MORRIS, G.R; DOLBY (Amoriginal man); FREDDY (Aboriginal man); POLLY (Aboriginal woman); ARMSTRPNG (Inspector);",Bowen; Euri Creek;,,,Tribal fight near Bowen,1141 of 1881,p.66-69,26/02/1881,20/02/1881,COL/A309,
ITM847041,"O'HAGAN, Captain; ARMIT, Sub Inspector; CHESTER, Henry M.;",Thursday Island; Jardine River; Newcastle Bay; Nromanton; ,,,Men killed near Jardine River,804 of 1881,p.29-31,31/01/1881,,COL/A310,
ITM847041,"ARMIT; CHESTER, Henry M.",Thursday Island; ,,,Native Police operations at Torres Straits,1332 of 1881,p.26-28,14/03/1881,,COL/A310,
ITM847042,,,,,,5510 of 1880,p.13-20,16/10/1880,,COL/A311,
ITM847042,"BREEN, Sergeant",Thornborough,,,Native Police at Hodgkinson River. Offering suggestion for developing goot terms with Aborigines,351 of 1881,p.9-10,08/01/1881,,COL/A311,
ITM847042,"SMITH, Bernard; BARRON, ? H. (Acting Commissioner of Police); HOLLIGAN, (Constable);ISLEY (Inspector);",Hodgkinson District; Thornborough; Barron River; McLouds Creek; Port Douglas; Hodgkinson Goldfield;,,,Request for protection ,1506 of 1881,p.8,06/04/1881,,COL/A311,
ITM847045,"ST GEORGE, Howard;",Cape Bedford; Saltwater Creek; Cooktown;,,,Native Police operations near Cooktown,2395 of 1881,p.232-136,27/05/1881,,COL/A314,
ITM847045,"TOMMSEN, E. J.;",Palmer,,,Officer requesting reinstatment in Native Police,2361 of 1881,p.181 ,30/05/1881,,COL/A314,
ITM847047,"McNAB, Duncan (Reverend); HALE, Mather B (Bishop); JULLEN, Mr (Missionary)",Hinchinbrook Island,,,Complaints about Native Police dispersalsThe treatment and condition Aborigines of Queensland ,2895 of 1881,p.64- 71,22/04/1881,,COL/A316,
ITM847047,"WILDASH, J. C.; DYAS",,,,Distribute blankets to informers re murder of Dyas,2816 of 1881,p.177,28/06/1881,,COL/A316,
ITM847048,"BROOKE, Sub Inspector; ST GEORGE, Howard, P.M.;",Cooktown; ,,,Native Police operations near Cooktown,3008 of 1881,p. 9,11/07/1881,,COL/A317,
ITM847048,"BROOKE, Sub Inspector; DAVIS, John, Mayor; ",Cooktown; Mackay; ,,,Advocated a more humane policy,3205 of 1881,p.49-50,15/07/1881,,COL/A317,
ITM847051,"ARMSTRONG, Constable; THOMAS, Mrs; THOMAS, Constable; CARROLL, Sub Inspector; TROOPER MILO (Aboriginal Native Trooper); LONIE (gin of Trooper Milo);",Barcoo Barracks,,,Letter from Inspector Armstrong at Barcoo to the Commissioner of Police; sub 2169 and 1881/382 ,1876/2136,p.95-96,29 June 1876,,COL/A320; SRS5253/1/322,
ITM847051,,,,,Telegram from Inspector Armstrong at Tambo to the Commissioner of Police ,1876/2356,p.111,19 July 1876,,COL/A320; SRS5253/1/322,
ITM847051,CARROLL; ARMSTRONG; ,Aramac; Clermont; ,,,Telegram from Inspector Armstrong to the Commissioner of Police re. witnessess disobeyed summons warrants,1876/2680,p.110,22 August 1876,,COL/A320; SRS5253/1/322,
ITM847051,"CARROLL, J W; ",,,,Letter from the Colonial Secretary to the Commissioner of Police; sub 1881/3821 ,1876/2783,p.94,02 September 1876,,COL/A320; SRS5253/1/322,
ITM847051,"BRANNELLY, Senior Sergeant; CARROLL; THOMAS; ",Rockhampton,,,Telegram from Senior Sergeant Brannelly at Rockhampton to Commissioner - reports that Thomas was not at Police Camp when Carroll is supposed to have committed offence. Blames wife for making false statement,1876/3821,p.90,13 December 1876,,COL/A320; SRS5253/1/322,
ITM847051,,,,,Letter from Acting Commissioner of Police to Crown Law Office ,1876/4015,p.89,14 December 1876,,COL/A320; SRS5253/1/322,
ITM847051,"WYCLIFFE, George Senior Constable; THOMAS, Maria; ARMSTRONG, Inspector; TROOPER ECHO (Aboriginal Trooper);",Aramac; Bowen Downs; Mitchell District,,,Letter from Senior Constable G Wycliffe at Aramac to Inspector Armstrong ,1881/3821,p.97,07 April 1876,,COL/A320; SRS5253/1/322,
ITM847051,,,,,"Telegram from Seymour at Rockhampton to Brannelly? In case of missing witness, no need to send him up as expense doesn’t warrant now that Carroll is dismissed",1881/3821,p.91,12 December 1876,,COL/A320; SRS5253/1/322,
ITM847051,"DOUGLAS, The Hon. J; ECHO (Native Tropper); ARMSTRONG, M. Inspector; TOWNER, Sub Inspector; CARROLL, J. W; ",Mount Cornish,,,"Letter to the Editor of the Townsville Herald from J W Carroll, late Sub Inspector of the Native Police",1881/3821,p.87,23 July 1881,,COL/A320; SRS5253/1/322,
ITM847051,"THOMAS, Maria; ARMSTRONG, M. Inspector; WYCLIFFE, G. Senior Constable; FORSYTHE, W; EDKINS; THOMAS, J.Constable; ECHO No.1 (Native Trooper); ECHO No.2/TOMMY (Native Trooper); LOIS (Gin); TOBY (Native Trooper); HOPKINS, Mr. ; CONNOR, Constable; ",Mitchell District; Mount Cornish; Aramac; Bowen Downs; Holme Creek; Barcaldine,,,Inquiry held at Aramac by Inspector Armstrong for the killing of two Aboriginal men by Sub Inspector Carroll,1881/3821,p.98-109,23 June 1876,25 October 1875,COL/A320; SRS5253/1/322,
ITM847051,"CARROLL, Sub Inspector; ",,,,Letter (numbered 3688) from the Colonial Secretary to the Commissioner of Police re. dismissal of Sub Inspector Carroll of Native Police,1881/3821,p.92-93,23 November 1876,,COL/A320; SRS5253/1/322,
ITM847051,ROBERTS; VERNON; SKUTHORPE?; CARROLL; ARMSTRONG; ,Tambo; Blackall; Springsure,,,Telegram from Inspector Armstrong at Tambo to the Commissioner of Police re. arrest of Sub Inspector Carroll,1881/3821,p.112,27 July 1876,,COL/A320; SRS5253/1/322,
ITM847051,"BESWICK; CHESTER, Henry M., P.M.;",Kalo; New Guinea; Cooktown; Port Moresby; Thursday Island;,,,Massacre at NG reported,1377 of 1881,p.190,24/03/1881,,COL/A320,
ITM847051,"BESWICK, T. Revd; KOAPENA (Chief, New Guinea); CHESTER, Henry M., P.M.;",Kalo; New Guinea; Cooktown; Port Moresby; Thursday Island; Hood Bay; Hula; Around; Testa Island; Brooker Island;,,,Massacre at NG reported,"1574 of 1881

Listed as 1514 but is 74",p.187-189,24/03/1881,,COL/A320,
ITM847051,"BRANNELLY; Mr: CARROLL, J. W. Mr (Sub-Inspector); Louie 9 Aboriginal woman); ARMSTRONG, M. (Inspector);MYCROFT, George (Senior Constable); THOMAS Maria; THOMAS, John; ECHO (Aboriginal man, trooper)",Bowen Downs;,,,Magisterial enquiry held at Aramac into charges by Maria Thomas against Sub-Inspector Carroll,3821 of 1881,p.86 -111,23/07/1881,,COL/A320,
ITM847051,"WALKER, J.",Herbert River,,,Mr Walker apply for police protection ,3925 of 1881,p.38-39,30/08/1881,23/02/1905,COL/A320,
ITM847051,"GIBSON, James",Normanby River; King'a Plains;,,,My Gibson requessting police protection at Normanby. Denied,3869 of 1881,p.173-176,02/09/1881,,COL/A320,
ITM847053,"LATRIELLE, T.M.; ",Cairns; ,,,Native Police not needed at Cairns,4246 of 1881,p.153,29/08/1881,,COL/A322,
ITM847053,"HARTLEY, R;  CARR, Sub-Inspector; ALLEY, W. S.",Cairns; Mulgrave; Herberon Road ',,,Native Police wanted at Cairns,4263 of 1881,p.338-343,30/08/1881,,COL/A322,
ITM847054,"CARR, Sub Inspector; WOOD, Jemmison, Revd; HARTLEY, R.P., P.M.;",Cairns; False Cape; ,,,Native Police operations near Cairns,4342 of 1881,p.110-111,28/09/1881,,COL/A323,
ITM847055,"BOOTH, J;",Port Douglas; Mowbray;,,,Native Police wanted at Port Douglas,4070 of 1881,p.254-256,30/08/1881,,COL/A324,
ITM847055,"DOUGLAS, Sub-Inspector",Port Douglas;,,,Native Police not needed at Port Douglas,4601 of 1881,p.252-253,01/10/1881,,COL/A324,
ITM847055,"ST GEORGE, Howard;",Normanby Gold Fields,,Contains details regarding Cannibalism ,Report of attack at Normanby River ,4709 of 1881p.389,p.386 ,28/10/1881,,COL/A324,
ITM847056,"PRYDE, James; Sam (South Sea Islander);",Cooktown;,,,Reporting attack by Aborigines on South Sea Islander and Barrow Island,4760 of 1881,p.19 ,02/11/1881,,COL/A325,
ITM847057,"CHESTER, Henry M (P.M.);TUCKER, Joseph; SMOKE (Aboriginal man); GEORGE (Aboriginal man)",Thursday Island; Prine of Wales Island; ,,,Islanders stole boats in Torres Strait,5118 of 1881,p.183-186,14/11/1881,,COL/A326,
ITM847058,"FRANCIS (Portugeses); GOOLGY (from Torres Strait); CHESTER, Henry M.; WALTON (Master of  'Lady Denison')",Thurdsay Island; Cairncross Isand; Cape Grenville,,,,5351 of 1881,p.142-143,28/11/1881,,COL/A327,
ITM847066,"McILWRAITH, T.; SKENE, John;",Herberton; Nigger Creek;,,,Request for police protection Herberton folloiwng murder of J.W. Skene,2409 of 1882,p.323-329,03/04/1882,,COL/A335,
ITM847070,,,,,Native Police trooper recruited in prison,3366 of 1882,p.198,21/06/1882,,COL/A339,
ITM847071,,,,,Deserters from boat imprisoned,3552 of 1882,p.95-102,23/06/1882,,COL/A340,
ITM847072,,,,,Ordering of amunition,3955 of 1882,p.322-323,19/07/1882,,COL/A341,
ITM847073,"BRAWEL, William; WALTON, James;",Margaret Bay; Cape Grenville,,,Firearms supplied to natives,4002 of 1882,p.3,30/06/1882,,COL/A342,
ITM847073,"LEYMOUR, D.T. (Commissioner of Police)",,,,Firearms for Native Police,4134 of 1882,p.288 ,31/07/1882,,COL/A342,
ITM847075,"DAVIS, John, Mayor;",Cook District;,,,Govt should provide rations,4566 of 1881,p.33-34,16/09/1881,,COL/A344,
ITM847075,"FITZGERALD, Inspector; BALL, John Jus, Town Clerk",North Shore; Lizard Island;,,,Native Police operations near Cooktown,2348 of 1882,p.31,18/04/1882,,COL/A344,
ITM847076,,,,,Native Police troopers recruited in prison,4917 of 1882,p.216,14/09/1882,,COL/A345,
ITM847076,SPIDER (Aboriginal man); Robin Hood (Aboriginal man); GILLY GILLY (Aboriginal man),,,,Native Police troopers recruited in prison,4918 of 1882,p.215,15/09/1882,,COL/A345,
ITM847077,"SCOTT, J.S.; PENNEFATHER, Captain;  PALMER, Sir Arthur; BROWN;",Thursday Island; Murray Island; Townsville; Rockhampton; Darnley Island;,,,Flogging on Torres Strait island,381 of 1882,p.184-189,02/01/1882,,COL/A346,
ITM847079,"McGROARHY, B.C.; HANN ?;",Normanton; Burketown; ,,,Police protection wanted at Burketown and differinv view of events,5595 of 1882,p.189 - 191,16/09/1882,,COL/A348,
ITM847079,"COLLINS, Albert; CHESTER, Henry M.;",,,,Report of Captain Renefather re cruise in N.E. Channel,5730 of 1882,p.438 - 446,20/10/1882,,COL/A348,
ITM847079,,,,,Native Police officers complained about low pay,5532 of 1882,p.30 - 91,21/10/1882,,COL/A348,
ITM847082,BYRNES Bros,Thornborough; Byrnes Bros Camp,,,Police provided rations and clothes,4199 of 1882,p.404-405,03/08/1882,,COL/A351,
ITM847082,BYRNES Bros,Thornborough,,,Will Govt provide rations?,4339 of 1882,p.403,09/08/1882,,COL/A351,
ITM847082,"MCCARTHY, Thos; BYRNES Bros",Thornborough,,,Police provided rations,4379 of 1882,p.402,11/08/1882,,COL/A351,
ITM847082,"MCCARTHY, Thos",Thornborough,,,Rations only temporary measure,4500 of 1882,p.399,11/08/1882,,COL/A351,
ITM847082,"MCCARTHY, Thos",Thornborough,,,Supplying rations wiuth beef,4884 of 1882,p.396,18/09/1882,,COL/A351,
ITM847082,,,,,Firearms for Native Police Quote for M.H. Rifles,6498 of 1882,p.242 ,20/09/1882,,COL/A351,
ITM847082,"CARR, Inspector",Thornborough,,,Will Govt provide rations?,5091 of 1882,p.392,26/09/1882,,COL/A351,
ITM847082,,Thornborough,,,Rations not Native Police needed at Thornborough and suggestion that Aboriginies be civilised.,6227 of 1882,p.386 ,24/11/1882,,COL/A351,
ITM847082,ABORIGINAL AMELIORATION SOCIETY,,,,Will Govt provide rations?,6349 of 1882,p.385,18/12/1882,,COL/A351,
ITM847082,,Mossman River,,,Police protection wanted at Mossman River,6513 of 1882,p.324 - 326,23/12/1882,,COL/A351,
ITM847082,"BYRNES, Mr; McCarthy, Thos; ISLY, Inspector; EVENDEN G.J.; MAYOR, A. A. (sec. Ameloriation of Aborigines Committee)",Byrnes Camp; Woothaka: Thornboro,,,Hundreds of destitute aborigines wanting supplies - will governemnt provide rations?,6552 of 1882,p.384 - 405,29/12/1882,,COL/A351,
ITM847083,"NEWELL, Jack; SELY, Herman; MARTIN, W.A.; HENRY, F.M.",Herberton,,,Protesting against removal of Native Police from Herberton,142 of 1883,p.285 - ,08/01/1883,,COL/A352,
ITM847087,"BROOK, Jocelyn; PALMER, Edward",Gamboola; Walsh Rover; Laura;,,,Native Police operations on Walsh River,1303 of 1883,p.6-8,13/03/1883,,COL/A356,
ITM847087,JACKIE (Aboriginal man); JOHNNY KING (Aboriginal man); BONEY (Aboriginal man); JACKIE NORMAN (Aboriginal man); DONALD (Aboriginal man),,,,Native Police trooper recruited in prison,1387 of 1883,p.252-255,22/03/1883,,COL/A356,
ITM847090,"MCILWRAITH, T.",Sydney,,,Telegram from Sydney to the Hon T McIlwraith relating to New Police launch inspected.,"2650 of 1882

in Top Number 1883/2135",p.77,13/05/1882,,COL/A359,
ITM847091,"SUMMERS, W; NANANKA (Aboriginal man); DUFF, Mr",Jardine River,,,SSI man killed near Jardine River,2256 of 1883,p.66-67,26/04/1883,23 April 1883,COL/A360,
ITM847091,,,,,Firearms supplied to natives,2396 of 1883,p.260,07/05/1883,,COL/A360,
ITM847092,"MURRAY, Mr; LOCK, Edward;",,,,Native Police trooper given liquor,2677 of 1883,p.188-194,18/05/1883,,COL/A361,
ITM847094,"HURST, James;",,,,Native Police cruelty of Aboriginals in North Queenlsand ,1969 of 1882,p.41-44,12/10/1882,,COL/A363,
ITM847094,"HURST, James;",,,,Native Police cruelty of Aboriginals in North Queenlsand ,3025 of 1883,p.38-40,15/06/1883,,COL/A363,
ITM847094,,,,,Firearms for Native Police,3063 of 1883,p.89,16/06/1883,,COL/A363,
ITM847097,"WESALEY, Charles; CARR, Ernest H.",Cook District; Walsh; Mitchell,,,Native Police not needed at Barron River,3847 of 1883,p.272-273,14/07/1883,,COL/A366,
ITM847099,"FIELD, G; Walford. Mr; LITTLE SubI-Inspector",Sandringham Station; Bonlia; Mourabulla Station; ,,,Investigation into McBean of Mooraboolah Station being attacked,4680 of 1883,p.275-286,28/05/1883,,COL/A368,
ITM847100,,New Guinea,,,Proposed Native Police Corps for New Guinea,"4640 of 1883 

in Top Number  1883/4863",p.26-30,04/08/1883,,COL/A369,
ITM847100,BERESFORD. Mrs,Cloncurry,,,Officer killed near Cloncurry,4945 of 1883,p.366-371,08/08/1883,,COL/A369,
"ITM847101
ITM847111","SCOTT, Walter JP;  PENNEFATHER, Captain; GARDINER, Mr; STAFFORD, Sub Inspector; DALLACHY, William; MURRAY, John; ","Ingham; Cardwell, Lower Herbert; Glen? Barracks;",,,"Letter from Walter Scott JP Valley of Lagoons, Cardwell to Captain Pennefather at Ingham, reporting complaints received re. Blacks in possession of firearms and ammunition","5223 of 1883

in Top Number  1884/802",p.71-72,7 August 1883,,"COL/A370
COL/A380",
ITM847106,,Carl Creek; Cloncurry,,,More troopers wanted in Far West,6583 of 1883,p.125,07/09/1883,,COL/A375,
ITM847106,,Townsville; Normanton,,,Native Police troopers recruited in prison,6393 of 1883,p.124,27/11/1883,,COL/A375,
"ITM847106
ITM847124","DOWNS, E.",Townsville; Cooktown; Coen River; ?Ring River; Murdocks Point; Princess Charlotte Bay; Lower Normandy; Kennedy; ?Trinian Bay; Bathurst Bay; ?Nunam Bay; Mulgrave(River); ,,,Report of attack by Aboriginals with spears at Bathurst Bay in the Diary of Edward Downs,"6445 of 1883

in Top Number  1884/4335A",p.93-118,03/12/1883,,"COL/A375
COL/A393",
ITM847110,"SEYMOUR; PALMER, Edw;",Carl Creek; Nicholson River; Port Darwin; Burktown; ,,,Native Police wanted to check cattle,"352 of 1884

in Toop Number 1884/598",p.135,16/01/1884,,COL/A379,
ITM847110,"BREDT, Robert; WILSON, J",Warrier Island; Peak Point; Torres Straits;,,,Man killed near Thursday Island,589 of 1884,p.115,23/01/1884,,COL/A379,
ITM847110,"NICHOLSON, Mr; HAM, Frank; PALMER, Edward;",Carl Creek; Nicholson River; Bourketown,,,Native Police moved to Nicholson River,598 of 1884,p.135-138,23/01/1884,,COL/A379,
"ITM847101
ITM847111","SCOTT; EWAN; PENNEFATHER, C.; SEYMOUR, D., C.P.;",Ingham; ,,,Letter to the Under Colonial Secretary from the Police Magistrate at Ingham Captain Pennefether Re. Complaints of firearms in possession of Blacks,5223 of 1883,p.69-70,4/10/1883,,"COL/A370
COL/A380",
ITM847116,,,,,Complaint about Native Police at Normanton,541 of 1883,p.417-18,23/01/1883,,COL/A385,
ITM847116,"THOMPSOM, Inspector; JONES, Walter (Sub-inspector);",Georgetown;,,,Officer dismissed from Native Police,2433 of 1884,p.412-419,02/04/1884,,COL/A385,
ITM847120,"BUTSON, W.; LEWIS, MR.; CHESTER, Henry ","Warrier Island,",,,Man killed near Thursday Island,3311 of 1884,p.65,21/04/1884,,COL/A389,
ITM847121,"MACKAY, John; JARDINE; SPENCER, R.; BOWEN, Sir George F.; SANDEMAN, Gordon;","Leruka; Port Mackay; Armidale; Rockhampton; Marlborough; Pioneer River; Mackay; ""Green Mount""; District of Kennedy",,,,1874/2083,p.95-96,16 June 1874,02/02/1905,COL/A390; SRS5253/1/392,
ITM847123,,,,,Native Police operations near Boulia,4212 of 1884,p.279-278,10/05/1884,,COL/A392,
ITM847124,"DOWNS, Edward;",Townsville; Murdocks Point; Princess Charlotte Bay,,,Men speared near Cooktown,4335 of 1884,p.88-119,16/06/1884,,COL/A393,
ITM847124,,"Upper Barron; Trinity Inlet; Mulgrave River, Russell River; Barron River",,,Native Police wanted at Cairns,4487 of 1884,p.602-607,28/06/1884,,COL/A393,
ITM847125,"RAROTOUGA, Bob; HARVEY, George",Batavia River; Bet Island;,,,Men attacked near Batavia River,4859 of 1884,p.424-428,30/06/1884,,COL/A394,
ITM847126,"HUNGERFORD, E. A.;  JEMMY (Aboriginal boy); GRAME, Mr; CLARKE, Walter; BURN, James; DICK (Aboriginal boy); CLARKE, F. A.",Archer River; Burn's Crossing; Mitchell River; Normanton; Batavia River; ,,,Bones discovered and supposedly killed by Aboriginal boy. ,5143 of 1884,p.191-235,17/07/1884,,COL/A395,
ITM847126,"POWELL, Mr.",Cloncurry,,,Man killed near Cloncurry,5070 of 1884,p.44,21/07/1884,,COL/A395,
ITM847126,,Herberton,,,Native Police wanted at Herberton,5171 of 1884,p.269,23/07/1884,,COL/A395,
"ITM847127
ITM847124",,Cairns; Trinity Inlet; Mulgrave River; Russell River;  Barron River; Upper Barron; Mulgrave Reserve; Herbeton; Redbank; Johnstone River; ,,,Petition sent to the Colonial Secretary from the Cairns Progress Association asking that a Native Police camp be established in the district ,"4406 of 1884

Top Number 1884/4487",p.180-184,21 June 1884,,"COL/A396
COL/A393",
ITM847127,"DWYER, Constable; WRIGHT, Coonstable; TOBY (Aboriginal man); ANDERSON, Mr; DWYER, Mary;",Juandah Station; Kinnoul;,,,Request for compensation following death of Constable Dwyer,5267 of 1884,p.37-38,22/07/1884,,COL/A396,
ITM847127,"BARRY, Steve;",Cooktown;,,,"Suspect man killed by Aboriginal crew of cutter ""Ruby""",5406 of 1884,p.309-311,01/08/1884,,COL/A396,
ITM847131,"JACKY (Aboriginal man); JOHNNY (Aboriginal man)SHEPPARD, Donald;",Townsville;,,,Petition for release of Jacky (Native Police trooper) from prison,6464 of 1884,p.473,15/09/1884,,COL/A400,
ITM847132,,,,,Request for trained officers from South Australia. None available,6545 of 1884,p.35-36,19/09/1884,,COL/A401,
ITM847137,"WALJER, John; CARR, Sub-Inspector;",Mulgrave River; Russell River,,,Request for Native Police for Mulgrave River and murder of John Conway.,7964 of 1884,p.317-321,13/11/1884,,COL/A406,
ITM847138,"DUTTON, Charles B.; CHOW CHOW (Aboriginal); NICHOLSON, P.L., Storekeeper; WILLIAMS, Thomas S.; BUNNY (Aboriginal); BELL, Robert; HENRY; MOREHEAD; PATERSON, R.L.;",Tambo; Goomally; Mitchell District;,,,,1873/84,"p.141-147
",31 October 1872,28 October 1872,COL/A407; SRS5253/1/409,
ITM847138,"DUTTON, Mr C.B.; Chow Chow (Aboriginal man); Billy (Aboriginal man); ",Tambo;  ,,,Forwarded letter from Dutton regarding violence of Native Mounted Police towards aboriginals,1884/8140,p.148-163,24 December 1872,28 October 1872,COL/A407; SRS5253/1/409,
ITM847140,,,,,Native Police operations for NT,8551 of 1884,p.47-50,01/12/1884,,COL/A409,
ITM847141,"FAHEY, Mr.; LESLEY, Mr.; MILMAN, Hugh",Cooktown; Thursday Island; Cape Grenville,,,Men not killed near Thursday Island,9077 of 1884,p.320,19/12/1884,,COL/A410,
ITM847145,"MOWBREY, Wm;",Irvinebank; Herberton;,,,Telegram from Herbeton to Colonial Secretary that reports of Troopers charged with murder ,"489 of 1885

Top number 1885/989",p.189,22/01/1885,,COL/A414,
ITM847145,"CARR, Edward",Normanby River,,,Man speared near Cooktown,790 of 1885,p.256,04/02/1885,,COL/A414,
ITM847146,"BROMBY (Aboriginal man); STAFFORD, Sub Inspector;",Ingham; Bowen; Herbert;,,,Native Police trooper in prison,1100 of 1885,p.163-164,07/01/1885,,COL/A415,
ITM847148,"HENRY, Isaac",Cardwell; Tully River,,,Reporting Aboriginals killing cattle,1883 of 1885,p.464-465,18/03/1885,,COL/A147,
ITM847148,"Bernard, Mr",Port Douglas; Mossman River,,,Man killed near Port Douglas,1784 of 1885,p.320,16/03/1885,,COL/A417,
ITM847150,Mr Clark,Hannibal Bay,,,Attack at Hannibal Bay reported,2049 of 1885,p.40,25/03/1885,,COL/A419,
ITM847150,"BAMBOO (Singapore man); JARDINE, Mr;",Hannibal Bay,,,Men killed at Hannibal Bay,2256 of 1885,p.37-38,27/03/1885,13/03/1885,COL/A419,
"ITM847152
ITM847168","HENRY, Isaac",Cardwell; Tully River;,,,Telegram from Isaac Henry at Cardwell to Colonial Secretary reporting that the Blacks on the Tully River are very troublesome and requesting assistance ,"2613 of 1885

in Top Number 1885/6952",p.31,18/04/1885,,COL/A437,
"ITM847152
ITM847168","ISLEY, Insp.; STEWART, J.W., J.P.; DOUGLAS; SEYMOUR",Port Douglas; Daintree; Upper Daintree; ,,,Telegram from Douglas to Col Secretary reporting that a large number of Blacks are mustering on the Upper Daintree,"2693 of 1885

in Top Number 1885/6952",p.29-30,21/04/1885,,COL/A437,
ITM847153,"MARRETTS, Sub Inspector; FITZ-GERALD, Sub-inspector; JONES, Henry;",Cooktown;,,,Native Police wanted at Cooktown ane reporting troublsome behaviour,1336 of 1885,p.129-130,16/02/1885,,COL/A422,
ITM847153,,,,,Native Police not needed at Cooktown,1840 of 1885,p.119-125,05/03/1885,,COL/A422,
ITM847153,,,,,Native Police not needed at Cooktown,1966 of 1885,p.118,21/03/1885,,COL/A422,
ITM847153,,Palmer River,,,Native Police wanted at Palmer River and report Chinese man speared Palmer River,2595 of 1885,p.67-68,17/04/1885,14/04/1885,COL/A422,
ITM847153,"MARRETT, Mr.; FITZGERALD, Mr.;",,,,Complaints ,3053 of 1885,p.115-117,20/04/1885,,COL/A422,
ITM847153,,Cook District; Burke District;,,,Native Police wanted at Staaten River,3021 of 1885,p.47-54,30/04/1885,,COL/A422,
ITM847153,,Cooktown,,,Man speared at Palmer River,3031 of 1885,p.64-68,30/04/1885,,COL/A422,
ITM847155,,,,,"Letter from James Johnston to the Commissioner of Police, forwarded to the Colonial Secretary ",1885/3652,p.248-250,08 February 1876,,COL/A424; SRS5253/1/426,
ITM847157,"ALLINGHAM, Johnstone",Geralton,,,Native Police wanted at Johnstone River (Geralton District),4024 of 1885,p.31-32,28/05/1885,,COL/A426,
ITM847159,"CARR, Insp.; BOYETT; HYMES; GREEN, D., President Tinaroo Progress Association;",Tinaroo; Herberton; Nigger Creek; Irvine Bank; Mulgrave River; Johnstone River;,,,Native Police wanted at Herberton -  public meeting RE residents alarm at the loss of Native Police Protection,"480 of 1885

Top number 1885/4592",p.233-235,22/01/1885,,COL/A428,
ITM847159,"?NIRLS, T.J., HonSec Tinaroo Progress Asscoiation; CARR, Sub-Inspector;",Nigger Creek; Tinaroo; Mulgrave River; Russell River; Johnstone River; ,,,Native Police wanted at Herberton - Petition from Tinaroo residents requesting fresh contingent of Police,"1704 of 1885

Top number 1885/4592",p.215-230,06/03/1885,,COL/A428,
ITM847159,"Seymour, D.E., Commissioner of Police;",Nigger Creek; Johnstone River; Herberton;  Watsonville; Irvine Bank;,,,Native Police not needed at Herberton - Response to petition from Commissioner of Police ,"1876 of 1885

Top number 1885/4592",p.213-214,19/03/1885,,COL/A428,
ITM847159,"ROBINSON, George; MALCOTT, W.F.H.M.; BONAN, Wm.M.;",Herberton; Watsonville; Irvine Bank; Nigger Creek; Waroora Station; Gregory's Gully; Cairns; ,,,Native Police wanted at Herberton - letter from Tinaroo Progress Association to Colonial Secretary,"3002 of 1885

Top number 1885/4592",p.210-212,18/04/1885,,COL/A428,
ITM847159,"?BLEIF, Jno. B., Insp.",Port Douglas; Cairns; Mulgrave River; Russel River; ?Mossman River; Johnstone River; Coast Range; Barron River; Nigger Creek;,,,Letter to Commissioner of Police from the Inspectors Office Port Douglas re. Native Police protection for Cairns Sub District to include Mulgrave and Russel Rivers,"3290 of 1885 
(reference number is not Col Sec but Comm Police)

Top number 1885/4592",p.206-209,05/05/1885,,COL/A428,
ITM847159,,Cooktown,,,Native Police wanted at Cooktown,4521 of 1885,p.46-47,17/06/1885,,COL/A428,
ITM847159,"MASSEY, Charles; MOREHEAD, B.D.;",Lalla North Station,,,Native Police wanted at Laura,"4603 of 1885

Top Number 1885/4597",p.253,01/06/1885,,COL/A428,
ITM847160,,,,,Cost for remodelling Native Police. Cost of buildings ,4958 of 1885,p.408-409,09/07/1885,,COL/A428,
ITM847161,"McCAULEY, Donald. McCAULEY, Margaret",Cairns,,,Man killed near Cairns,5200 of 1885,p.263-277,11/07/1885,,COL/A430,
ITM847162,"WALKER, My.",Cowan Downs,,,Supposed killing of Aboriginal at Cowan Downs,5359 of 1885,p.148-150,12/06/1885,,COL/A431,
ITM847162,,,,,Starvation causing violence,5267 of 1885,p.21-27,18/07/1885,,COL/A431,
ITM847163,"JARDINE, Frank; ISAMBERT; HARTON; JAARKI; DOUGLAS;",Port Kennedy; Cape York; Somerset; Endeavour Straits; Peak Point; Simpsons Bay;,,,"Letter from Port Kennedy, Thursday Island to the Chief Secretary, Brisbane re. Native Police wanted at Cape York","4973 of 1885

Top number 1885/5732",p.55-58,01 July 1885,,COL/A432,
ITM847163,"JARDINE, Frank",Cape York,,,Native Police wanted at Cape York. Protection for contractors working on telegraph line.,4973 of 1885,p.388-391,01/07/1885,,COL/A432,
ITM847163,SEYMOUR;   ,Somerset; Cape York; Simpson's Bay; ,,,"Letter of Response from Seymour, Commissioner of Police, to Colonial Secretary in relation to request for Police Protection for telegraph construction party, Cape York","5268 of 1885 

in Top Number 1885/5732

",p.53-54,20/07/1885,,COL/A432,
ITM847163,,Resolution Island,,,Massacre at Resolution Island,5749 of 1885,p.441,05/08/1885,,COL/A432,
ITM847163,"CANDER, Alexander",Restoration Island,,,Men speared off Cape York Peninsula,5718 of 1885,p.310,05/08/1885,,COL/A432,
ITM847166,"Peter the Greek; McLaughlan, William; Willy, the Lad (Kanaka)",Restoration Island; Townsville; ,,,Outrages on Restoration Island,6341 of 1885,p.224-228,20/08/1885,,COL/A435,
ITM847168,,Mossman River; Saltwater River; Daintree River,,,Native Police wanted at Port Douglas,1762 of 1885,p.254-255,14/03/1885,,COL/A437,
ITM847168,,Saltwater Creekj,,,Native Police wanted at Saltwater Creek,1973 of 1885,p.251,21/03/1885,,COL/A437,
ITM847168,"LEACH, Richard",Mossman Rover; Port Douglas,,,Native Police wanted at Mossman,2409 of 1885,p.250,02/04/1885,,COL/A437,
ITM847168,"LEACH, Richard",Mossman Rover; Port Douglas,,,Native Police wanted at Mossman,2546 of 1885,p.245,10/04/1885,,COL/A437,
ITM847168,"SEYMOUR, D.",Mossman Rover; Port Douglas,,,Not enough Native Police for requests. Need to consider stopping Aboriginies from starvation,2900 of 11885,p.240-241,27/04/1885,,COL/A437,
ITM847168,,Stony Creek; Maytown;,,,Chinese Storekeepers and Miners at Stony Creek Requesting Police Protection  ,6904 of 1885,p.145,05/09/1885,,COL/A437,
ITM847168,"SCOUGll (selector); JACOBS (selector); HALSALL (selector); YOUNG, Allen; HENRY, Isaac",Tully River,,,Native Police wanted at Cardwell,6952 of 1885,p.238-239,09/09/1885,,COL/A437,
ITM847168,"BOYLE, Surveyor;",Geraldton,,,"Cover note stating camp ""stuck up by Blacks at Geraldton""","6801 of 1885

Top Number 1885/6800",p.4,11/09/1885,,COL/A437,
ITM847168,,Geraldton,,,Police Magistrate at Geraldton requesting Police Protection,"6906 of 1885

Top Number 1885/6905",p.157,16/09/1885,,COL/A437,
ITM847170,"NOTT, Fred ",Cooktown,,,Native Police wanted on Cape York Peninsula ,6807 of 1885,p.360,15/09/1885,,COL/A439,
ITM847170,"MARGETTS, Sub-insprector",Archer River,,,Native Police to go to Archer River,7418 of 1885,p.359,03/10/1885,,COL/A439,
ITM847172,,,,,Native Police wanted at Mulgrave River. Complaints re Aboriginals not being acted on,7803 of 1885,p.555-556,04/10/1885,,COL/A441,
ITM847172,,Cairns,,,200 acres of cane burnt. What action to be taken,7583 of 1885,p.558,08/10/1885,,COL/A441,
ITM847172,,Cairns,,,Native Police wanted at Mulgrave River. Cane burnt again.,7628 of 1885,p.557,10/10/1885,,COL/A441,
ITM847172,,,,,Prospect of protection at Mulgave river,7997 of 1885,p.554,17/10/1885,,COL/A441,
ITM847174,,,,,Murder of 2 aborigines,8218 of 1885,p.54,02/11/1885,,COL/A443,
ITM847178,,,,,Dispersal near Cooktown,9298 of 1885,p.69,09/12/1885,,COL/A447,
ITM847181,"BILLY (Aboriginal man); BYRNE, Paddy;",Normanton,,,"Murder of Paddy Byrne by Aboriginal ""Billy""",7853 of 1885,p.247,19/10/1883,,COL/A450,
ITM847181,"BILLY (Aboriginal man); BYRNE, Paddy; DON (Aboriginal boy)",Normanton,,,"Man killed near Normanton. Murder of Paddy Byrne by Aboriginal ""Billy""",7853 of 1885,p.250-251,19/10/1885,,COL/A450,
ITM847181,"BYRNE, Paddy; FERGUSON, Sergeant",Normanton,,,Murderer of Paddy Byrne arrested,7979 of 1885,p.246,22/10/1885,,COL/A450,
ITM847181,"BYRNE, Paddy;",Normanton,,,Murderer of Paddy Byrne shot while trying to escape,8585 of 1885,p.245,14/11/1885,,COL/A450,
ITM847181,"BYRNE, Paddy; BILLY (Aboriginal man)",Walkers Creek,,,"Attempt to capture ""Billy"" murderer of Paddy Byrne",9913 of 1885,p.241,27/11/1885,,COL/A450,
ITM847184,,Palmer River Goldfield; Maytown,,,Native Police wanted at Palmer River,552 of 1886,p.62,21/01/1886,,COL/A453,
ITM847188,"LITTLE, Inspector",Sandringham,,,Aboriginal men shot while attempting to escape custody,1598 of 1886,p.176,30/03/1886,,COL/A457,
ITM847190,,,,,Information re treatment of Aboriginals,2308 of 1886,p.393-394,19/03/1886,,COL/A459,
ITM847192,"ANNING, Richard;",,,,Grazier convicted of assaulting woman,2631 of 1886,p.240-243,05/02/1886,,COL/A461,
ITM847195,,Venna (?) Park station,,,Shooting of Aborigines,3441 of 1886,p.214,22/04/1886,,COL/A464,
ITM847196,DONALD (Aboriginal man),,,,Prisoner requesting remission of sentence,3551 of 1886,p.99,02/05/1886,,COL/A465,
ITM847200,,Turnoff Lagoon; Gregory River; Carl Creek;,,,Settlers suggesting relodation of Native Police camp to Turnoff Lagoon,4526 of 1886,p.52,08/05/1886,,COL/A469,
ITM847200,"Thompson, John (Captain)",Basilisk Island; Lizard Island,,,Attack at Basilisk Island reported,4579 of 1886,p.196-197,16/06/1886,,COL/A477,
ITM847200,"Thompson, John (Captain)",Basilisk Island,,,Attack at Basilisk Island reported,4609 of 1886,p.195,17/06/1886,,COL/A477,
ITM847202,"TOWNSEND, T.F., TOWNSEND, Charles H.; MCLEOD, Murdock; ALLAN, WALL & CO; GARRICK, J.F.;",England; Brisbane; Cairns; Townsville; Cape Grafton;,,,Man killed near Cairns - disappearance of Charles H Townsend,"4348 of 1886

Top Number 1886/5092",p.131-135,07/04/1886,,COL/A471,
ITM847206,"CROSBY, E.A.; WILSON, Mr; HAYDEN, A.S.;",Croydon; Normanton; Vena Park;,,,No shooting of Aborigines on Vena Park,5859 of 1886,p.140,29/07/1886,,COL/A475,
ITM847206,"NORMAN Jackey; HARDWIG, Justice; MAGGIE (Aboriginal woman)",Ipswich;,,,Former Native Police trooper in prison,5973 of 1886,p.320-323,04/08/1886,,COL/A475,
"ITM847207
ITM847027","STAFFORD, Sub Insp.; HOGG, Thomas, Constable; JERRY (Aboriginal), Trooper; MARRETT, S.I.; GEORGY (Aboriginal), Trooper; B?KON. Sub Insp.; ALECK (Aboriginal), Trooper; FRANK (Aboriginal), Trooper; FITZGERALD, H.; TOMMY (Aboriginal), Trooper); MCLEAN;",Upper Laura; Cooktown; Earls Station;,,,Native Police Troopers attacked officer at camp at Upper Laura Barracks,3846 of 1880,p.139-164,22/06/1880,,COL/A296,
ITM847208,,,,,Extra police wanted,6460 of 1886,p.348-353,01/06/1886,,COL/A477,
ITM847208,,Cooktown,,,Complaint about Aborigines at Cooktown ,6480 of 1886,p.395,01/08/1886,,COL/A477,
ITM847214,BROAD BROS; ,Herberton; Cardwell ranges; ,,,Native Police not needed at Cardwell,6249 of 1886,p.102-103,10/08/1886,,COL/A483,
ITM847214,"BROAD BROS.; SMITH; SCOTT BROS.; ?STOUSH, William, P.M.","Cardwell; Blencoe Creek; Townsville; Herberton; Valley of Lagoons Station; Murray River; ""Herbert Vale""; Tully River",,,Rations not Native Police needed at Cardwell,7409 of 1886,p.97-101,16/08/1886,,COL/A483,
ITM847215,,,,,Estimate of Aboriginal numbers,7857 of 1886,p.279-280,16/08/1886,,COL/A484,
ITM847215,,Cardwell; Lower Murray River;,,,Native Police wanted at Lower Murray near Cardwell,7863 of 1886,p.286-288,08/10/1886,,COL/A484,
ITM847217,,,,,Strength and distribution of Queensland Police Force,276 of 1887,p.186-191,31/12/1886,,COL/A486,
ITM847219,"ERLAUDETOM, John; HACCKETT, Mr.; TALBOT, Senior Constable;",Bloomfield River;,,,Attack at Bloomfield River reported,956 of 1887,p.491,02/02/1887,,COL/A588,
ITM847220,"WALKER, R.F.",Darling Downs; Mulgrave River;,,,Native Police wanted at Mulgrave River,1289 of 1887,p.477,10/02/1887,,COL/A489,
ITM847223,"GOODSHAW, Robert; SAVAGE, Sergeant;",Endeavour River;,,,Arrest of Aboriginals re murder of Goodshaw,1778 of 1887,p.193-195,21/02/1887,,COL/A492,
ITM847223,"GOODSHAW, Robert; SAVAGE, Sergeant;",Jardine River,,,Man speared near Jardine River,1321 of 1887,p.201,21/02/1887,,COL/A492,
ITM847223,"GOODSHAW, Robert; THOMPSON, Mr.",Thursday Isalnd,,,Attack near Thursday Island reported,1322 of 1887,p.199,21/02/1887,,COL/A492,
ITM847223,,,,,Native Police wanted at Jardine River and reporting attack on Robert Goodshaw,1528 of 1887,p.196,21/02/1887,,COL/A492,
ITM847223,"SAVAGE, Sergeant; GOODSHAW, Robert;",Endeavour River;,,,Police arrested Jardine River attackers ,1884 of 1887,p.186-192,25/02/1887,,COL/A492,
ITM847237,"GOODSHAW, Robert; CHARLEY (Aboriginal man)",Jardine River,,,Arrest of Aboriginal namedCharley,5184 of 1887,p.298-299,09/05/1887,,COL/A506,
ITM847237,"BROOKE, Jocelyn (Sub-inspector)",Jardine River,,,Brooke to visit Jardinr River,4004 of 1887,p.303-305,16/05/1887,,COL/A506,
ITM847237,"BROOKE, Jocelyn (Sub-inspector); ROTOWAH, George",Forbes island,,,Abduction of Aboriginal women,4690 of 1887,p.301,24/05/1887,,COL/A506,
ITM847237,"BROOKE, Jocelyn (Sub-inspector)","Jardine River, Pascoe River",,,Visit of Native Police advised,5184 of 1887,p.297,03/06/1887,,COL/A506,
ITM847238,"FERGUSON, James",Normanton; Croyden,,,,5272 of 1887,p.100,06/07/1887,,COL/A507,
ITM847243,,,,,Reduction in Native Police detachments,6513 of 1887,p.279-280,02/07/1887,,COL/A512,
ITM847247,"FRANKERBERG, Mr; ANTHONY, Mr.",Cape Bedford,,,,4258 of 1887,p.168,24/06/1887,,COL/A516,
ITM847247,"BROOKE, Jocelyn (Sub-inspector)",Cape Bedford Mission Station; Three Islands; Murdock point; Brown's point; noble Island; Cooktown;,,,,4777 of 1887,p.165-166,06/07/1887,,COL/A516,
ITM847247,"FRANKERBERG, Mr",Cape Mellville; Cooktown,,,,7069 of 1887,p.152-155,27/08/1887,,COL/A516,
ITM847252,,,,Contains details regarding cannibalism ,Palm Island murder not investigated,7956 of 1887,p.114-116,04/10/1887,,COL/A521,
ITM847252,,,,Contains details regarding cannibalism ,Palm Island murder not investigated,8237 of 1887,p.112,20/10/1887,,COL/A521,
ITM847256,"MCNAIR, Joseph",Conflict Island,,,,9041 of 1887,p.66,15/11/1887,,COL/A525,
ITM847259,,Herberton; Barron,,,,5341 of 1887,p.285-288,08/07/1887,,COL/A528,
ITM847259,,Herbrerton; Scrubby Creek; Atherton; Farrington,,,Native Police wanted at Herberton and more Native Police required by Police,9775 of 1887,p.279-284,26/11/1887,,COL/A528,
ITM847259,,Torres Strait,,,,9790 of 1887,p.298,14/12/1887,,COL/A528,
ITM847262,"BLANNELLY, Patrick (Sub-Insprector of Police); POINGDESTRE Lyndon (Sub-Inspector); LORRIGAN, Daniel (Constable)",,,,Enquiry into deaths of Aboriginals at Kimberley. Request to disperse Aborigines from Pilot Station,495 of 1888,p.189-194,28/11/1887,,COL/A531,
ITM847262,,,,,Not aware that he insulted Poingdestre,9714 of 1887,p.197,06/12/1887,,COL/A531,
ITM847262,POINGDESTRE Lyndon (Sub-Inspector),,,,Complaint re action of Poingdestre,10157 of 1887,p.195,14/12/1887,,COL/A531,
ITM847265,,Somerset,,,Native Police proposed for Somerset,1101 of 1888,p.34-75,26/01/1888,,COL/A534,
ITM847276,,Herberton,,,Native Police wanted at Herberton,9389 of 1887,p.162,15/11/1887,,COL/A545,
ITM847276,"LANGRIDGE, Dr",Georgetown,,,,2368 of 1888,p.154-157,15/03/1888,,COL/A545,
ITM847276,,Herberton,,,Work not Native Police wanted at Herberton. Suggestion of program to assist Aborigines,287 of 1888,p.158-161,16/12/1887,,COL/A545,
ITM847276,,Georgetown,,,Aboriginal reserve near Gooktown no feasable,4237 of 1888,p.151-153,21/04/1888,,COL/A545,
ITM847276,JOHNY (Aboriginal man),Cloncurry,,,Murders near Cloncurry not proved ,4202 of 1888,p.102-109,27/04/1888,,COL/A545,
ITM847289,MEARS;,Tinaroo; Barron Scrub;,,,Police wanted at Herberton,"6262 of 1888

Top number 1888/7966",p.114,03/07/1888,,COL/A558,
ITM847289,,,,,Offer of a paddock at Barrons Scrub for a Police Station,7966 of 1888,p.109,24/08/1888,,COL/A558,
ITM847303,,Herberton; Barron; Warona Station; Cashmere; Nigger Creek; ,,,Native Police wanted at Herberton,1779 of 1889,p.25-28,01/02/1889,,COL/A572,
ITM847304,"DU CURET, F L;",Daintree; Mossman; Salt Water Creek;,Myal,,Proposal fod Aboriginal settlemen at Salt Water Creek,2049 of 1889,p.56-64,06/02/1889,,COL/A573,
ITM847306,"GILLESPIE, John",Murray River,,,Native Police wanted at Cardwell,"3135 of 1889
1192 of 1889",p.642,05/02/1889,,COL/A575,
ITM847306,"GILLESPIE, John; ISLEY, Police  Inspector, Townsville; KEANE, Senior Constable; TOMMY (Tracker); JIMMY (Tracker); DELACHY (Settler); CARR (Settler);",Murray River; Tully;,,,Possilbe stealing and killing cattle at Murray River,3135 of 1889,p.639-641,26/03/1889,,COL/A575,
ITM847306,,,,,Massacre at NG reported,2983 of 1889,p.475,02/04/1889,,COL/A575,
ITM847310,"HART, Daniel; NAHLIN, John (Naturalised kanaka); PORTLEY (Constable); Lewis; MACLEAN, Robert;",Snapper Island; Bayley's Creek;,,,Starvation causing violence,2383 of 1889,p.222-226,04/03/1889,,COL/A579,
ITM847310," MACLEAN, Robert; HART, Daniel;", Bayley's Creek; Port Douglas;,,,Treatment of Aborigines at Bailey's Creek,2596 of 1889,p.502,14/03/1889,,COL/A579,
ITM847310,PORTLEY (Constable),,,,Treatment of Aborigines at Bailey's Creek,4281 of 1889,p.208,29/04/1889,,COL/A579,
ITM847314,"EDWARDS, General;",Clermont,,,Attack at Restoration Island reported,5557/1889,p.71,19/02/1889,,COL/A583,
ITM847314,,Restoration Island,,,Attack at Restoration Island reported,5424 of 1889,p.72-73,22/06/1889,,COL/A583,
"ITM847316
ITM847328","URQUHART, Sub Insp.; DOUGLAS, J., P.M.;",Cooktown; Thursday Island;,,,Telegram from Thursday Island to the Colonial Secretary reporting capture of three natives concerned in Wild Duck outrage,"6394 of 1889

Top Number 1889/10026",p.86,20/07/1889,,"COL/A585
COL/A597",
ITM847318,,,,,Request for returns of small arms and amunition,7048 of 1889,p.477,08/08/1889,,COL/A587,
ITM847319,"MURRAY; Insp.; WILLIAMS, John; DOUGLAS, J., P.M.;",Thursday Island; ,Binghi,,Man reported killed near Thursday Island,"6658 of 1889

Top number 1889/7111",p.15,29/07/1889,,COL/A588,
ITM847324,"HALLORAN, Henry",,,,Native Police station requested for Nigger Creek,8576 of 1889,p.468,23/09/1889,,COL/A593,
ITM847324,"WILSON, H C",,,,Native Police now stationed ar Nigger Creek,9051 of 1889,p.467,04/10/1889,,COL/A593,
ITM847326,"HOGFLESH, J C; MORHEAD, Boyd Dunlop",,,,Reserves not Native Police needed,9567 of 1889,p.238-240,08/10/1889,,COL/A595,
ITM847328,"WAVELL, Senior Const.; DOYLE, Fred; JERRY (Aboriginal), Trooper; FLICK, J.; Anderson; NOBLE (Aboriginal), Trooper; ?GREEN, Constable; BOYLE, Fred; ?HAUN; BIRD; DOUGLAS, Alex, Insp.; HAYNE; NORL, Judge; PERCY (Aboriginal);",Turn Off Lagoon; Burketown; Lawn Hill; ,,,Policeman killed near Normanton,10175 of 1889,p.45-53,20/11/1889,,COL/A597,
ITM847566,"OSBORNE, Frank","Daintree River
Roth, Dr
Port Douglas
MARRETT, C B ",,,Killing at Daintree River and request for protection,3497 of 1900,p.31  ,"28/02/1900 

",,HOM/A28,
ITM847633,"ARCHIE (Aboriginal); ROTH, Walter E (Chief Protector of Aboriginals); BRIGGS; FORSYTH, Mr; HARGREAVES, Mr; PHILP Mr; BARRETT, Mrs Elizabeth; GALBRAITH, Inspector;",Gregory Downs; Burketown; ,,,"Death of Archie and complaints against Dr Roth, Chief Protector of Aboriginals",1910 of 1906,p.1-9,08/02/1906,,HOM/J14,
ITM846793,"COWARD, Charles; JARDINE, J.M., P.M.;",Evans Bay; Port Denison;,,,Letter from the Police Magistrate at Somerset to the Colonial Secretary on progress of the new settlement,1865/39,p.62-70,2 December 1864,,"HOM/J174
COL/A63",
ITM84887,,,,,Arrival at the Hodgkinson Goldfield of WRO Hill ,1876/9,p.7-8,19 April 1876,,MWO13A/G1; PRV10191/1/1,
ITM860782,SEYMOUR (Commissioner for Police); WEBLEY; ,Birmingham; ,,,Letter from Agent General at London to the Colonial Secretary ,1873/492,p.32-40,24 January 1873,,COL/76; SRS5321/1/2,
ITM860782,,,,,Letter from Agent General at London to the Colonial Secretary ,"1873/487

1873/67 ",p.10,20 January 1873,,COL/76; SRS5321/1/2,
ITM861036,,,,,Letter from Colonial Secretary to Lieutenant Powell ,1861/197,p. 43,19 March 1861,,COL/R2,https://www.archivessearch.qld.gov.au/items/ITM861036
ITM861036,,,,,Letter from Colonial Secretary to Walter Kyle ,1861/295,p. 65,16 April 1861,,COL/R2,https://www.archivessearch.qld.gov.au/items/ITM861036
ITM861036,"MORISSET; BLIGH, John O'Connell; MANNING, A.W.",,,,"Letter from Colonial Secretary to John O’Connell Bligh, Rockhampton ",1861/516,p. 110,28 June 1861,,COL/R2,https://www.archivessearch.qld.gov.au/items/ITM861036
ITM861036,"CARR, 2nd Lieut.; WALKER, First Lieut.; MANNING, A.W.",Rockhampton,,,"Letter from Colonial Secretary to Second Lieutenant Carr, Native Mounted Police Rockhampton ",1861/530,p. 113,28 June 1861,,COL/R2,https://www.archivessearch.qld.gov.au/items/ITM861036
ITM861036,"CARR, F.; MANNING, A.W.",,,,"Letter from Colonial Secretary to FH Carr, Native Mounted Police ",1861/549,p.117,12 July 1861,,COL/R2,https://www.archivessearch.qld.gov.au/items/ITM861036
ITM861036,"ADAMS, F.; MANNING, A.W.",Brisbane,,,"Letter from Colonial Secretary to F Adams, Victoria Hotel, Brisbane ",1861/715,p. 6,26 August 1861,,COL/R2,https://www.archivessearch.qld.gov.au/items/ITM861036
ITM861036,"RICHARDSON, Marmaduke J.; MANNING, A.W.",Brisbane,,,Letter from Colonial Secretary to Marmaduke J Richardson at Brisbane ,1861/868,p. 41,30 October 1861,,COL/R2,https://www.archivessearch.qld.gov.au/items/ITM861036
ITM861036,"FTIZSIMMONS; PALMER; FEEZ; MANNING, A.W.",Rockhampton,,,"Letter from Colonial Secretary to Messrs Fitzsimmons, Palmer, Feez & others at Rockhampton ",1861/922,p.54,21 November 1861,,COL/R2,https://www.archivessearch.qld.gov.au/items/ITM861036
ITM861036,"EVERETT, R.I.; MANNING, A.W.",Canning Downs; Warwick,,,"Letter from Colonial Secretary to RI Everett at Canning Downs, Warwick ",1861/975,p.67,21 December 1861,,COL/R2,https://www.archivessearch.qld.gov.au/items/ITM861036
ITM861036,"BEEVOR, Arthur; MANNING, A.W.",Canning Downs; Warwick,,,"Letter from the Colonial Secretary to Arthur Beevor at Canning Downs, Warwick ",1862/113,p.97,17 February 1862,,COL/R2,https://www.archivessearch.qld.gov.au/items/ITM861036
ITM861036,"WESTBY, Cadet; MANNING, A.W.",Rockhampton,,,Letter from the Colonial Secretary to Commandant ,1862/147,p. 103,3 March 1862,,COL/R2,https://www.archivessearch.qld.gov.au/items/ITM861036
ITM861036,"ROBERTSON, Dr.; PATRICK, Lieut.; MANNING, A.W.",,,,"Letter from the Colonial Secretary to Lieutenant Patrick Native Mounted Police, Customs O?ce ",1862/184,p. 112,19 March 1862,,COL/R2,https://www.archivessearch.qld.gov.au/items/ITM861036
ITM861036,"PATRICK, A.M., 2nd Lieut.; MANNING, A.W.",Nanango,,,"Letter from the Colonial Secretary to AM Patrick, Second Lt Native Police ",1862/228,p. 121,8 April 1862,,COL/R2,https://www.archivessearch.qld.gov.au/items/ITM861036
ITM861036,"MCLENON, John; MANNING, A.W.; ",,,,Letter from the Colonial Secretary to unknown ,1862/29,P. 79,14 January 1862,,COL/R2,https://www.archivessearch.qld.gov.au/items/ITM861036
ITM861036,"STAPLES, Montgomery; MANNING, A.W.;",Rockhampton,,,Letter from the Colonial Secretary to Montgomery Staples at Rockhampton ,1862/63,p. 86,23 January 1862,,COL/R2,https://www.archivessearch.qld.gov.au/items/ITM861036
ITM861036,"MORTIMER, T.; MORTIMER, A.; MANNING, A.W.",Manumbar Station; Nanango,,,"Letter from Colonial Secretary to J & A Mortimer, Manumbar near Nanango re: complaint against Native Police",1861/320,p. 70,22 April 1861,n/a,COL/R2,https://www.archivessearch.qld.gov.au/items/ITM861036
ITM861036,"DUTTON, C.B.; PATRICK, 2nd Lieut.; MANNING, A.W.",Bohinia Downs Station; Rockhampton,,,"Letter from Colonial Secretary to CB Dutton, Rockhampton re: dispersal",1861/510,p. 109,25 June 1861,17 March 1861,COL/R2,https://www.archivessearch.qld.gov.au/items/ITM861036
ITM861036,"HIPPI, Tommy (Aboriginal trooper); FERRET, John; MANNING, A.W.",,n/a,,"Letter from Colonial Secretary to John Ferrett, Brisbane re: approval to dismiss from force Aboriginal man Tommy/Johnny Hippi",1861/547,p. 116,10 July 1861,n/a,COL/R2,https://www.archivessearch.qld.gov.au/items/ITM861036
ITM861036,"FERRETT, John; HIPPI, Tommy (Aboriginal trooper); WHEELER, F.; MANNING, A.W.",Maranoa,,,"Letter from Colonial Secretary to Lt F Wheeler, Native Mounted Police re: approval to dismiss from force Aboriginal man Tommy/Johnny Hippi",1861/548,p. 117,10 July 1861,n/a,COL/R2,https://www.archivessearch.qld.gov.au/items/ITM861036
ITM861036,"WHEELER, Frederick; MANNING, A.W.",Coochin Run; Maroon; Richmond River; Clarence River,n/a,,"Letter from Colonial Secretary to Second Lieutenant F Wheeler, Native Mounted Police re: intercepting a war party",1861/599,p. 127,22 July 1861,n/a,COL/R2,https://www.archivessearch.qld.gov.au/items/ITM861036
ITM861036,"FERRET, John; HIPPI, Tommy [Aboriginal man]; WHEELER, Frederick; MANNING, A.W.",n/a,n/a,,"Letter from Colonial Secretary to Lieutenant Wheeler, Native Mounted Police re: discharge from force Aboriginal man Tommy/Johnny Hippi",1861/616,p. 130,30 July 1861,n/a,COL/R2,https://www.archivessearch.qld.gov.au/items/ITM861036
ITM861036,"SMITH, Shepherd; WHEELER, Frederick; MANNING, A.W.",Cabulture [sic] River; Caboolture River,,,Letter from Colonial Secretary to Shepherd Smith at Brisbane re: request for action against hostile representations at cotton plantation,1861/823,p. 33 ,10 October 1861,n/a,COL/R2,https://www.archivessearch.qld.gov.au/items/ITM861036
ITM861036,"DUTTON, B.; HERBERT, Robert G.W.; ",Bauhinia Downs,n/a,,Letter from Colonial Secretary to CB Dutton at Bauhinia Downs re: Inquiry into Native Police,1861/835,p. 35,15 October 1861,n/a,COL/R2,https://www.archivessearch.qld.gov.au/items/ITM861036
ITM861036,"WALKER, F.; YORKE, Reginald;  HERBERT, Robert G.W.; ",Nulalbin; Rockhampton;,n/a,,Letter from Colonial Secretary to F. Walker at Nulalbin re: role of Native Police,1861/836,p. 35,15 October 1861,n/a,COL/R2,https://www.archivessearch.qld.gov.au/items/ITM861036
ITM861036,"MORTIMER, John; GILES; MANNING, A.W.",Manumbar Station; Widgee Station,,,Letter from Colonial Secretary to John Mortimer at Manumbar re: death of Aboriginal man at Manumbar,1861/861,p. 40,23 October 1861,1 October 1861,COL/R2,https://www.archivessearch.qld.gov.au/items/ITM861036
ITM861036,"GILES; MANNING, A.W.",Manumbar Station; Widgee Widgee Station,,,Letter from Colonial Secretary to Mr Giles at Widgee Widgee  re: death of Aboriginal man at Manumbar,1861/862,p. 40,23 October 1861,1 October 1861,COL/R2,https://www.archivessearch.qld.gov.au/items/ITM861036
ITM861036,"WILLS, Thomas W.; GREGSON; HARBERT, Robert G.W.;",Albinia Downs; Rainworth,n/a,,"Letter from Colonial Secretary to TW Wills at Gregson’s station, Rainworth, Albinia Downs re: additional protection in district",1861/894,P.48,12 November 1861,n/a,COL/R2,https://www.archivessearch.qld.gov.au/items/ITM861036
ITM861036,HARDIE,Coochin; Fassifern,,,Letter from Colonial Secretary to John Hardie at Fassifern re: aggression by Aboriginal people at Coochin,1861/92,p.20,12 February 1861,n/a,COL/R2,https://www.archivessearch.qld.gov.au/items/ITM861036
ITM861036,"CALDWELL, H.",Caldwell,n/a,,Letter from Colonial Secretary to R Caldwell at Rockhampton re: additional native police protection,1861/980,p.68,23 December 1861,n/a,COL/R2,https://www.archivessearch.qld.gov.au/items/ITM861036
ITM861036,"MORTIMER, John; ALBERT/COLBERT (?), James [Aboriginal man]",Manumbar Station,,,Letter from the Colonial Secretary to John Mortimer at Manumbar re: death of Aboriginal man at station,1862/11,p.77,4 January 1862,n/a,COL/R2,https://www.archivessearch.qld.gov.au/items/ITM861036
ITM861036,"GILES, W.L.",Widgee Widgee Station; Wide Bay; Nogoa River,n/a,,"Letter from the Colonial Secretary to WC Giles at Widgee Widgee, Nanango re: spearing of cattle",1862/186,p.112,19 March 1862,n/a,COL/R2,https://www.archivessearch.qld.gov.au/items/ITM861036
ITM861036,"MANNING; CLARKE, MESSERS;",Mantuan Downs; Rockhampton; Nogoa,,,Letter from Colonial Secretary to Messrs Clarke & Co at Mantuan Downs via Rockhampton ,"1861/953
",p. 61,12 December 1861,,COL/R2,https://www.archivessearch.qld.gov.au/items/ITM861036
ITM861036,"DALYRYMPLE; RANDALL, Mr (Harbour master); ",Port Denison; Fitzroy River; Rockhampton; Keppel Bay; ,,,Letter from Colonial Secretary to Capt JJ McDermott of schooner Jeannie Dove ,1861/166,p.36-37,9 March 1861,,COL/R2,https://www.archivessearch.qld.gov.au/items/ITM861036
ITM861036,,,,,Letter from Colonial Secretary to Lt David Seymour ,1861/71,p.16,4 February 1861,,COL/R2,https://www.archivessearch.qld.gov.au/items/ITM861036
ITM861038,,,,,"Letter from the Colonial Secretary to James Connor, late Camp Sergeant Native Mounted Police, Bowen ",1864/130,p.33,18 February 1864,,COL/R4; SRS5333/1/4,
ITM861038,,,,,"Letter from the Colonial Secretary to IA Bonar at Consuelo, Comet River ",1864/2136,p.185,24 October 1864,,COL/R4; SRS5333/1/4,
ITM861038,"Macartney, Mr; GRAHAM, Mr; ",Cape Palmerston; Port Denison; ,,,"Letter from the Colonial Secretary to Messrs I Macartney, RW Graham & others at Port Denison ",1864/2430,p.219,22 December 1864,,COL/R4; SRS5333/1/4,
ITM861038,"BLACK, Esq;",Upper Burdekin;,,,Letter from the Colonial Secretary to JW Black at Port Denison ,1864/2442,p.220,22 December 1864,,COL/R4; SRS5333/1/4,
ITM861038,,,,,"Letter from the Colonial Secretary to AHM Elwood at Hawkwood station, Gayndah ",1864/2477,p.222,29 December 1864,,COL/R4; SRS5333/1/4,
ITM861038,"MCKELLIGOTT, Mr; LARNACH, Mr; MURRAY, 2nd Lt John;",Rockhampton;,,,"Letter from the Colonial Secretary to Messrs R McKelligott, IA Larnach & others signing memorial at Rockhampton ",1864/248,p.55,21 March 1864,,COL/R4; SRS5333/1/4,
ITM861038,"BEARMORE, Mr;",Moonie River;,,,"Letter from the Colonial Secretary to JO Beardmore at Cooroosa, Moonie River ",1864/2481,p.223,30 December 1864,,COL/R4; SRS5333/1/4,
ITM861038,,Dawson; Kennedy District; Bowen; Haughton River;,,,"Letter from the Colonial Secretary to Messrs J Hall Scott, William Clarke & others at Bowen ",1864/398,p.85,2 May 1864,,COL/R4; SRS5333/1/4,
ITM861038,"SCOTT, Mr; HULBERT, Mr;",Rockingham Bay;,,,"Letter from the Colonial Secretary to Messrs AI Scott, A Hulbert & other inhabitants at Rockingham Bay ",1864/423,p.90,9 May 1864,,COL/R4; SRS5333/1/4,
ITM861038,,,,,Letter from the Colonial Secretary to Messrs Archer & Co at Gracemere ,1864/456,p.95,13 May 1864,,COL/R4; SRS5333/1/4,
ITM861038,,,,,Letter from the Colonial Secretary to NI Thomas at Wickham Terrace ,1864/467,p.98,28 May 1864,,COL/R4; SRS5333/1/4,
ITM861038,,,,,Letter from the Colonial Secretary to John Murray late Native Mounted Police at Gladstone ,1864/512,p.106,3 June 1864,,COL/R4; SRS5333/1/4,
ITM861038,"LOW, Mr Charles;",Milton; Brisbane;,,,"Letter from the Colonial Secretary to Charles Low at Milton, Brisbane ",1864/563,p.116,17 June 1864,,COL/R4; SRS5333/1/4,
ITM861038,"SEYMOUR, D.?; MANNING, A.W.;",Brisbane,,,Letter from the Colonial Secretary to the Commissioner of Police ,1864/599,p.123,1 July 1864,,COL/R4; SRS5333/1/4,
ITM861038,"ELLIOT, Sub-inspector; BASSET, William; ",,,,Letter from the Colonial Secretary to William Basset at Roma ,1864/645,p.131,27 July 1864,,COL/R4; SRS5333/1/4,
ITM861038,,,,,Letter from the Colonial Secretary regarding a departmental inquiry,1864/698,p.140,12 August 1864,,COL/R4; SRS5333/1/4,
ITM861038,,,,,Letter from the Colonial Secretary to William Spooner at Bowen ,1865/219,p.271,25 March 1865,,COL/R4; SRS5333/1/4,
ITM861038,,,,,"Letter from the Colonial Secretary to John F Baker at Mackay, Pioneer River ",1865/222,p.272,27 March 1865,,COL/R4; SRS5333/1/4,
ITM861038,"TURNBULL, Mr; MISKINS, Mr; SADLIER, Mr;",Warrego River;,,,"Letter from the Colonial Secretary to Messrs N Turnbull, A Miskins, TJ Sadlier & others at Gowrie, Warrego River ",1865/223,p.272,27 March 1865,,COL/R4; SRS5333/1/4,
ITM861038,,,,,Letter from the Colonial Secretary to Messrs Shaw Cupper & Co at Rockhampton ,1865/252,p.278,11 April 1865,,COL/R4; SRS5333/1/4,
ITM861038,"ROBERTS, Mr; HOWARD, Mr; ROBINSON, Mr; FREUDENTHAL, Inspector;",Maryborough district; Wide Bay;,,,"Letter from the Colonial Secretary to Messrs WS Roberts, S Howard, I Robinson & others at Maryborough ",1865/39,p.232,13 January 1865,,COL/R4; SRS5333/1/4,
ITM861038,,,,,Letter from the Colonial Secretary to GL D’Arcy ,1865/50,p.234,17 January 1865,,COL/R4; SRS5333/1/4,
ITM861040,"MARLOW, Inspector;",? Collier District,,,Letter from Colonial Secretary to Rev JV Black at Bowen ,1868/1149,p.147-148,1 October 1868,,COL/R6; SRS5333/1/6,
ITM861248,WALKER,,,,Letter from the Colonial Secretary to Attorney General re: Native Police,1861/1002,p. 72 ,12 August 1861,,COL/Q1,https://www.archivessearch.qld.gov.au/items/ITM861248?digrep=DR127330
ITM861248,"WALKER; ROLLESTON; MANNING, A.H.",Albinia Downs,,,,1861/1019,p.76 ,18 August 1861,,COL/Q1,https://www.archivessearch.qld.gov.au/items/ITM861248?digrep=DR127330
ITM861248,,Robinsons Creek,,,Letter from the Colonial Secretary to Surveyor General re: establishing a Native Police reserve,1861/1062,p. 85 ,26 August 1861,,COL/Q1,https://www.archivessearch.qld.gov.au/items/ITM861248?digrep=DR127330
ITM861248,"WALKER; MANNING, A.W.",Robinsons Creek; Upper Dawson,,,Letter from the Colonial Secretary to Surveyor General re: establishing a Native Police reserve,1861/1063,p. 85 ,26 August 1861,,COL/Q1,https://www.archivessearch.qld.gov.au/items/ITM861248?digrep=DR127330
ITM861248,"MURRAY, J; MANNING, A.W.","Coopers Plains, Wide Bay",,,"Letter from the Colonial Secretary to Lieutenant J Murray, Native Police Coopers Plains, Wide Bay re: application to become a Police Magistrate",1861/1196,p.10,26 September 1861,,COL/Q1,https://www.archivessearch.qld.gov.au/items/ITM861248?digrep=DR127331
ITM861248,"BURKER, Robert O'Hara",Surat,,,"Letter from the Colonial Secretary to Lieutenant Carr, Native Mounted Police Surat re: Native Police to assist in searching for Burke",1861/1211,p.13 ,3 October 1861,,COL/Q1,https://www.archivessearch.qld.gov.au/items/ITM861248?digrep=DR127331
ITM861248,"WHEELER, Frederick; MANNING, A.w.",Sandgate,,,Letter from the Colonial Secretary to Second Lieutenant Wheeler at Sandgate re: request for rifle and ammunition,1861/1238,p.18 ,9 October 1861,,COL/Q1,https://www.archivessearch.qld.gov.au/items/ITM861248?digrep=DR127331
ITM861248,"WHEELER, Frederick; SMITH, Shepherd",Cabulture [sic] River; Caboolture River,,,Letter from Colonial Secretary to Lt Wheeler re: request for Native Police to respond to expected Aboriginal activity at Collau Company's Plantation,1861/1245,p.19-20 ,10 October 1861,,COL/Q1,https://www.archivessearch.qld.gov.au/items/ITM861248?digrep=DR127331
ITM861248,"ALLEN, William; MANNING, A.W.",Rockhampton,,,Letter from the Colonial Secretary to Commandant of Native Police re: appointment of a Sargeant Major to the Native Police,1861/1297,p.28 ,21 October 1861,,COL/Q1,https://www.archivessearch.qld.gov.au/items/ITM861248?digrep=DR127331
ITM861248,"WALKER;  MANNING, A.W.",Rockhampton,,,Letter from the Colonial Secretary to Commandant of Native Police re: resignation of Walker,1861/1298,p.28 ,21 October 1861,,COL/Q1,https://www.archivessearch.qld.gov.au/items/ITM861248?digrep=DR127331
ITM861248,"GENATAS;  MANNING, A.W.",Rockhampton,,,Letter from the Colonial Secretary to Commandant of Native Police re: salary allowances,1861/1299,p.28-29 ,21 October 1861,,COL/Q1,https://www.archivessearch.qld.gov.au/items/ITM861248?digrep=DR127331
ITM861248,"EVERETT; SUTTON; CAVE; WILLIAMS; MANNING, A.W. ",Rockhampton,,,Letter from the Colonial Secretary to Commandant of Native Police re: appointments,1861/1300,p.29 ,21 October 1861,,COL/Q1,https://www.archivessearch.qld.gov.au/items/ITM861248?digrep=DR127331
ITM861248,"MORISSET; MANNING, A.W.",Rockhampton,,,Letter from the Colonial Secretary to Commandant of Native Police re: relocation of Rockhampton headquarters,1861/1301,p.29 ,21 October 1861,,COL/Q1,https://www.archivessearch.qld.gov.au/items/ITM861248?digrep=DR127331
ITM861248,"MURRAY, Lieiutenant; MANNING, A.W.",Maryborough,,,"Letter from the Colonial Secretary to Lieutenant Murray, Native Mounted Police at Maryborough re: retirement",1861/1306,p.30,25 October 1861,,COL/Q1,https://www.archivessearch.qld.gov.au/items/ITM861248?digrep=DR127331
ITM861248,"DALRYMPLE; POWELL; HERBERT, Robert G.W.;",Port Denison,,,Letter to the Crown Lands Commissioner at Port Denison (Dalrymple) from the Colonial Secretary re: removal of Lieutenant Powell from Native Police,1861/1315,p.31,24 October 1861,,COL/Q1,https://www.archivessearch.qld.gov.au/items/ITM861248?digrep=DR127331
ITM861248,POWELL; BLIGH; DALRYMPLE,,,,Letter from the Colonial Secretary to the Commandant of Native Police re: removal of Lieutenant Powell from Native Police,1861/1316,p.32,23 October 1861,,COL/Q1,https://www.archivessearch.qld.gov.au/items/ITM861248?digrep=DR127331
ITM861248,MURRAY; BLIGH,,,,Letter from the Colonial Secretary to the Commandant of Native Police re: removal of Lieutenant Murray from Native Police,1861/1317,p.32,23 October 1861,,COL/Q1,https://www.archivessearch.qld.gov.au/items/ITM861248?digrep=DR127331
ITM861248,"BAKER, Lieut.; WILLS, Horatio; HERBERT, Robert G.W.;",Gladstone; Albinia Downs; Peak Downs; [Cullin-la-Ringo],,,"Letter from the Colonial Secretary to Lieutenant Baker, O?cer in Command Native Police at Gladstone re: strengthening force in vicinity of Wills murder",1861/1387,p.45 ,12 November 1861,,COL/Q1,https://www.archivessearch.qld.gov.au/items/ITM861248?digrep=DR127331
ITM861248,"PATRICK, Lieut.; WILLS, Horatio; HERBERT, Robert G.W.;",Rockhampton; [Cullin-la-Ringo],,,"Letter from the Colonial Secretary to Lieutenant Patrick, Native Police Barracks at Rockhampton re: Lieutenant Patrick receiving medical attention",1861/1388,p.45-46,12 November 1861,,COL/Q1,https://www.archivessearch.qld.gov.au/items/ITM861248?digrep=DR127331
ITM861248,"WILLS, Horatio; MURRAY; WILLIAMS; HERBERT, Robert G.W.;",Wide Bay; Leichardt; Albinia Downs; Peak Downs; [Cullin-la-Ringo],,,"Letter from the Colonial Secretary to Lieutenant Murray, O?cer in Command Native Police at Maryborough re: despatch of troopers to scene of massacre at Wills station",1861/1389,p.46,12 November 1861,,COL/Q1,https://www.archivessearch.qld.gov.au/items/ITM861248?digrep=DR127331
ITM861248,"WILLS, Horatio; JARDINE, I.; GENATAS; McDONALD; HERBERT, Robert G.W.;",Maryborough; Rockhampton; [Cullin-la-Ringo],,,Letter from the Colonial Secretary to J Jardine Police Magistrate at Rockhampton re: response to massacre at Wills' station,1861/1390,p.46-47,12 November 1861,,COL/Q1,https://www.archivessearch.qld.gov.au/items/ITM861248?digrep=DR127331
ITM861248,"WHEELER, Frederick; MANNNING, A.W.",Logan River; Albert River,,,Letter from the Colonial Secretary to F Wheeler at Sandgate re: return from patrol at Logan,1861/1398,p.48,14 November 1861,,COL/Q1,https://www.archivessearch.qld.gov.au/items/ITM861248?digrep=DR127331
ITM861248,"MURRAY, John; MANNING, A.W.",Rockhampton,,,Letter from the Colonial Secretary to Commandant of Native Police re: resignation of Murray,1861/1456,p.61,23 November 1861,,COL/Q1,https://www.archivessearch.qld.gov.au/items/ITM861248?digrep=DR127331
ITM861248,"MURRAY, John; MANNING, A.W.",Maryborough,,,"Letter from the Colonial Secretary to Lieutenant Murray, Native Mounted Police at Maryborough re: resignation of Murray",1861/1459,p.61 ,23 November 1861,,COL/Q1,https://www.archivessearch.qld.gov.au/items/ITM861248?digrep=DR127331
ITM861248,"WHEELER, Frederick; HERBERT, Robert G.W.;","Cleveland, Sandgate",,,"Letter from the Colonial Secretary to F Wheeler at Sandgate re: request to despatch force to deal with reports of Aboriginal people ""spearing cattle and intimidating the residents""",1861/1460,p.61-62 ,25 November 1861,November 1861,COL/Q1,https://www.archivessearch.qld.gov.au/items/ITM861248?digrep=DR127331
ITM861248,"MURRAY, John, Lt.; MANNING, A.W.","Rockhampton, Maryborough,",,,"Letter from the Colonial Secretary to Lieutenant Murray, Native Mounted Police at Maryborough re: response to an incident at [?; see question for JR]",1861/1473,p.64 ,23 November 1861,,COL/Q1,https://www.archivessearch.qld.gov.au/items/ITM861248?digrep=DR127331
ITM861248,"BLIGH; WILLS, Horatio; MANNING, A.W.;",Upper Dawson; Rockhampton; Maryborough; Gladstone,,,Letter from the Colonial Secretary to Commandant of Native Police re: response to Wills massacre,1861/1493,p.64 ,29 November 1861,,COL/Q1,https://www.archivessearch.qld.gov.au/items/ITM861248?digrep=DR127331
ITM861248,"MURRAY, Lieut.; BLAKENY; MANNING, A.W.;",,,,Letter from the Colonial Secretary to Lieutenant Murray re: response to Wills massacre,1861/1525,p.75-76 ,9 December 1861,,COL/Q1,https://www.archivessearch.qld.gov.au/items/ITM861248?digrep=DR127331
ITM861248,"MANNING, A.W.;",,,,Letter from the Colonial Secretary to Commandant of Native Police re: supply of horses,1861/1526,p.76 ,9 December 1861,,COL/Q1,https://www.archivessearch.qld.gov.au/items/ITM861248?digrep=DR127331
ITM861248,"CAVE, Lieut.; MANNING, A.W.;",,,,Letter from the Colonial Secretary to Commandant of Native Police re: applause for Lt Cave's zeal in responding to Wills massacre,1861/1528,p.76 ,9 December 1861,,COL/Q1,https://www.archivessearch.qld.gov.au/items/ITM861248?digrep=DR127331
ITM861248,"ELLIOTT, James (Aboriginal man); MANNING, A.W.;",Manumbar Station,,,Letter to Attorney General from Colonial Secretary re: no further action required in relation to killing of an Aboriginal man at Manumbar Station,1861/1529,p.76-77 ,11 December 1861,October 1860,COL/Q1,https://www.archivessearch.qld.gov.au/items/ITM861248?digrep=DR127331
ITM861248,"EVERETT, R.I.; MANNING, A.W.",Rockhampton,,,Letter from the Colonial Secretary to Commandant of Native Mounted Police re: staff,1861/1568,p.85 ,21 December 1861,,COL/Q1,https://www.archivessearch.qld.gov.au/items/ITM861248?digrep=DR127331
ITM861248,"PATRICK, Lieut.; MANNNING, A.W.",Rockhampton,,,Letter from the Colonial Secretary to Commandant of Native Mounted Police re: staff,1861/1569,p.85,21 December 1861,,COL/Q1,https://www.archivessearch.qld.gov.au/items/ITM861248?digrep=DR127331
ITM861248,"MANNNING, A.W.",Rockhampton,,,"Letter from the Colonial Secretary to Commandant of Native Mounted Police, Rockhampton re: acknowlidging reciept of report of general orders issued to Native Polce in 1858",1861/187,p.37 ,16 February 1861,,COL/Q1,https://www.archivessearch.qld.gov.au/items/ITM861248?digrep=DR127329
ITM861248,"MANNNING, A.W.",,,,Letter from the Colonial Secretary to Commandant of Native Mounted Police,1861/199,p.39-40,20 February 1861,,COL/Q1,https://www.archivessearch.qld.gov.au/items/ITM861248?digrep=DR127329
ITM861248,"WHEELER, Frederick; CHALLINOR, DR; MANNING, A.W.",Fassifern; Ipswich,,,Letter from the Colonial Secretary to Lieutenant Wheeler re: death of Aboriginal people at Fassifern in Dec 1860,1861/239,p.47-48 ,26 February 1861,,COL/Q1,https://www.archivessearch.qld.gov.au/items/ITM861248?digrep=DR127329
ITM861248,"MANNNING, A.W.",,,,Letter from the Colonial Secretary to Commandant of Native Police re: salary,1861/277,p.56 ,12 March 1861,,COL/Q1,https://www.archivessearch.qld.gov.au/items/ITM861248?digrep=DR127329
ITM861248,"DALRYMPLE; MANNNING, A.W.",Port Denison; Kennedy district,,,Letter from the Colonial Secretary to Commandant of Native Police re: control of Native Police in Kennedy district & the presence of females with Aboriginal troopers,1861/318,p.63 ,18 March 1861,,COL/Q1,https://www.archivessearch.qld.gov.au/items/ITM861248?digrep=DR127329
ITM861248,"MORTIMER, J.; MORTIMER, A; HERBERT, R.G.W.",,,,Letter from the Colonial Secretary to Commandant of Native Police,1861/322,p.64 ,19 March 1861,,COL/Q1,https://www.archivessearch.qld.gov.au/items/ITM861248?digrep=DR127329
ITM861248,"MANNING, A.W.",Rockhampton,,,Letter from the Colonial Secretary to Commandant of Native Police re: request for leave of absence,1861/397,p.78 ,3 April 1861,,COL/Q1,https://www.archivessearch.qld.gov.au/items/ITM861248?digrep=DR127329
ITM861248,"MANNING, A.W.",,,,Letter from the Colonial Secretary to Commandant of Native Police re: administrative forms,1861/401,p.79 ,5 April 1861,,COL/Q1,https://www.archivessearch.qld.gov.au/items/ITM861248?digrep=DR127329
ITM861248,"BLIGH, Lieutenant; MURRAY, Lieut.; MANNING, A.W.",,,,Letter from the Colonial Secretary to Commandant of Native Police re: unfavourable mention of Lt Murray,1861/417,p.83 ,9 April 1861,,COL/Q1,https://www.archivessearch.qld.gov.au/items/ITM861248?digrep=DR127329
ITM861248,"WHEELER, Frederick; MANNING, A.W.",,,,Letter from Colonial Secretary to Lieutenant Wheeler re: request for more detailed report about patrol from Dec 1860,1861/428,p.85 ,11 April 1861,,COL/Q1,https://www.archivessearch.qld.gov.au/items/ITM861248?digrep=DR127329
ITM861248,"MURRAY, George; MANNING, A.W.",,,,Letter from the Colonial Secretary to Commandant of Native Police re: leave of absence for Lt Murray,1861/443,p.88 ,15 April 1861,,COL/Q1,https://www.archivessearch.qld.gov.au/items/ITM861248?digrep=DR127329
ITM861248,"MANNING, A.W.",,,,Letter from the Colonial Secretary to Commandant of Native Mounted Police re: appointment of a clerk,1861/45,p.12 ,14 January 1861,,COL/Q1,https://www.archivessearch.qld.gov.au/items/ITM861248?digrep=DR127329
ITM861248,"WHEELER, Frederick; MacDONALD; MANNING, A.W.",Dugandan,,,Letter from the Colonial Secretary to Commandant of Native Mounted Police re: horse injured during incident at Dugandan,1861/462,p.92 ,19 April 1861,,COL/Q1,https://www.archivessearch.qld.gov.au/items/ITM861248?digrep=DR127329
ITM861248,"BLIGH, Lieut.; MURRAY, Lieut.; CARR, Lieut.; MANNING, A.W.",,,,Letter from the Colonial Secretary to Commandant of Native Mounted Police re: Native Police ,1861/463,p.92 ,19 April 1861,,COL/Q1,https://www.archivessearch.qld.gov.au/items/ITM861248?digrep=DR127329
ITM861248,"GENATAS, E.G.; DARLEY; CAVE, M;  MANNING, A.W.",,,,Letter from the Colonial Secretary to Commandant of Native Mounted Police re: Native Police staff,1861/465,p.92 ,19 April 1861,,COL/Q1,https://www.archivessearch.qld.gov.au/items/ITM861248?digrep=DR127329
ITM861248,"BRIGGS, Fanny; MURRAY; POWELL; MANNING, A.W.",,,,Letter from the Colonial Secretary to Commandant of Native Mounted Police re: action of white native police in relation to death of Fanny Briggs,1861/47,p.13,14 January 1861,,COL/Q1,https://www.archivessearch.qld.gov.au/items/ITM861248?digrep=DR127329
ITM861248,"MORISSET, 2nd Lieutenant; MANNING, A.W.",,,,Letter from the Colonial Secretary to Commandant of Native Mounted Police re: receipt of Morisset's report,1861/522,p.101,27 April 1861,,COL/Q1,https://www.archivessearch.qld.gov.au/items/ITM861248?digrep=DR127329
ITM861248,"MURRAY, 2nd Lieutenant George; WALKER; MANNING, A.W.",,,,Letter from the Colonial Secretary to Commandant of Native Mounted Police re:staffing,1861/1527,p.76 ,9 December 1861,,COL/Q1,https://www.archivessearch.qld.gov.au/items/ITM861248?digrep=DR127331
ITM861248,"O'CONNELL BLIGH, Lieut. J.; MANNING, A.W.",,,,Letter from the Colonial Secretary to Commandant of Native Mounted Police re: resigniation of commandant,1861/816,p.33,28 June 1861,,COL/Q1,https://www.archivessearch.qld.gov.au/items/ITM861248?digrep=DR127330
ITM861248,"BOWLES; MANNING, A.W.",,,,Letter from the Colonial Secretary to Commandant of Native Mounted Police re: dismissal of Bowles,1861/874,p.45 ,15 July 1861,,COL/Q1,https://www.archivessearch.qld.gov.au/items/ITM861248?digrep=DR127330
ITM861248,"WALKER, Frederick; PATRICK; DENISON; HOPE; MANNING, A.W.",Rockhampton,,,Letter from the Colonial Secretary to Commandant of Native Mounted Police re: complaint about Lt Patrick committing an unneccessary onslaught upon Aboriginal people in vicinity of Mr Denison and Mr Hope's station,1861/659,p. 3-4,28 May 1861,May 1861,COL/Q1,https://www.archivessearch.qld.gov.au/items/ITM861248?digrep=DR127330
ITM861248,"MANNING, A.W.",,,,Letter from the Colonial Secretary to Commandant of Native Mounted Police re: nativie police duites,1861/755,p. 21 ,24 June 1861,,COL/Q1,https://www.archivessearch.qld.gov.au/items/ITM861248?digrep=DR127330
ITM861248,"DUTTON; PATRICK; MANNING, A.W.",Bohinia Downs Station,,,Letter from the Colonial Secretary to Commandant of Native Mounted Police re: no action to be taken in relation to complaint made against actions of Lieutenant Patrick,1861/783,p. 26 ,25 June 1861,May 1861,COL/Q1,https://www.archivessearch.qld.gov.au/items/ITM861248?digrep=DR127330
ITM861248,"DALRYMPLE; MANNING, A.W.",Kennedy district; Port Denison,,,Letter from the Colonial Secretary to Commandant of Native Mounted Police re: control of Native Police in the Kennedy district,1861/795,p. 28 ,28 June 1861,,COL/Q1,https://www.archivessearch.qld.gov.au/items/ITM861248?digrep=DR127330
ITM861248,"WALKER; CARR; MANNING, A.W.",n/a,,,Letter from the Colonial Secretary to Commandant of Native Mounted Police re: Native Police resignation and appointment,1861/803,p. 30 ,28 June 1861,,COL/Q1,https://www.archivessearch.qld.gov.au/items/ITM861248?digrep=DR127330
ITM861248,"POWELL; MANNING, A.W.",Kennedy district; Port Denison,n/a,,Letter from the Colonial Secretary to George Dalrymple re: control of Native Police in the Kennedy district,1861/804,p. 30 ,28 June 1861,n/a,COL/Q1,https://www.archivessearch.qld.gov.au/items/ITM861248?digrep=DR127330
ITM861248,"WILLIAMS; MANNING, A.W.",Port Denison,n/a,,Letter from the Colonial Secretary to Commandant of Native Mounted Police re: Native Police salary,1861/805,p. 30-31 ,28 June 1861,n/a,COL/Q1,https://www.archivessearch.qld.gov.au/items/ITM861248?digrep=DR127330
ITM861248,"WALKER; MANNING, A.W.",Maranoa district; Maranoa River,n/a,,Letter from the Colonial Secretary to Commandant of Native Mounted Police re: relocation of patrol,1861/815,p. 33 ,1 July 1861,n/a,COL/Q1,https://www.archivessearch.qld.gov.au/items/ITM861248?digrep=DR127330
ITM861248,"CARR; MANNING, A.W.",n/a,n/a,,Letter from the Colonial Secretary to Acting Commandant of Native Police (Bligh) re: leave of absence for Carr,1861/896,p. 50,20 July 1861,n/a,COL/Q1,https://www.archivessearch.qld.gov.au/items/ITM861248?digrep=DR127330
ITM861248,"MANNING, A.W.",Rockhampton,n/a,,Letter from the Colonial Secretary to Acting Commandant of Native Police (Bligh) re: regulations for control and discipline of Native Mounted Police Force,1861/960,p. 62,5 August 1861,n/a,COL/Q1,https://www.archivessearch.qld.gov.au/items/ITM861248?digrep=DR127330
ITM861248,"MANNING, A.W.",Burnett district; Northern Downs; Sandgate; Dalby; Maranoa district,n/a,,Letter from the Colonial Secretary to Acting Commandant of Native Police (Bligh) re: accompanying Governor on tour,1861/973,p. 65,6 August 1861,n/a,COL/Q1,https://www.archivessearch.qld.gov.au/items/ITM861248?digrep=DR127330
ITM861248,"CAVE; WILLIAMS; EVERETT; MANNING, A.W.",n/a,n/a,,Letter from the Colonial Secretary to Acting Commandant of Native Police (Bligh) re: staff appointments,1861/974,p. 65-66,1 August 1861,n/a,COL/Q1,https://www.archivessearch.qld.gov.au/items/ITM861248?digrep=DR127330
ITM861248,"CAVE; WILLIAMS; MANNING, A.W.",n/a,n/a,,Letter from the Colonial Secretary to Acting Commandant of Native Police (Bligh) re: staff appointments,1861/976,p. 66,6 August 1861,n/a,COL/Q1,https://www.archivessearch.qld.gov.au/items/ITM861248?digrep=DR127330
ITM861248,"PATRICK; MANNING, A.W.",n/a,n/a,,Letter from the Colonial Secretary to Acting Commandant re: a collision with Aboriginal people,1861/996,p. 71,12 August 1861,July 1861,COL/Q1,https://www.archivessearch.qld.gov.au/items/ITM861248?digrep=DR127330
ITM861249,"MANNING, A.W.; DALRYMPLE; POWELL, Lieut.; WILLIAMS, Lieut.",Brisbane; Port Denison;,,,Letter from the Colonial Secretary to Commandant ,1862/12,p.6,3 January 1862,,COL/Q2; SRS5360/1/2,
ITM861249,,,,,"Letter from the Colonial Secretary to Commandant, Native Mounted Police at Rockhampton ",1862/106,p.25,23 January 1862,,COL/Q2; SRS5360/1/2,
ITM861249,,,,,Letter from the Colonial Secretary to Commandant ,1862/126,p.29,28 January 1862,,COL/Q2; SRS5360/1/2,
ITM861249,,,,,Letter from the Colonial Secretary to Commandant ,1862/133,p.30,1 February 1862,,COL/Q2; SRS5360/1/2,
ITM861249,,,,,"Letter from the Colonial Secretary to Lieutenant J Murray, Native Mounted Police at Rockhampton ",1862/134,p.30-31,1 February 1862,,COL/Q2; SRS5360/1/2,
ITM861249,"POE?, Mrs; WHEELER, Lt.  ",Sandgate;,,,Letter from the Colonial Secretary to Second Lieutenant Wheeler at Sandgate ,1862/146,p.33,3 February 1862,,COL/Q2; SRS5360/1/2,
ITM861249,"WHEELER, Lt. ",,,,Letter from the Colonial Secretary to Second Lieutenant Wheeler at Sandgate ,1862/157,p.36,8 February 1862,,COL/Q2; SRS5360/1/2,
ITM861249,,,,,Letter from the Colonial Secretary to Commandant ,1862/163,p.37,8 February 1862,,COL/Q2; SRS5360/1/2,
ITM861249,,,,,Letter from the Colonial Secretary to Commandant ,1862/182,p.41,17 February 1862,,COL/Q2; SRS5360/1/2,
ITM861249,BAKER; ,,,,"Letter from the Colonial Secretary to Lieutenant Baker, Native Mounted Police at Rockhampton ",1862/183,p.41,17 February 1862,,COL/Q2; SRS5360/1/2,
ITM861249,,,,,Letter from the Colonial Secretary to Commandant ,1862/185,p.42,17 February 1862,,COL/Q2; SRS5360/1/2,
ITM861249,,,,,Letter from the Colonial Secretary to Commandant ,1862/189,p.42-43,19 February 1862,,COL/Q2; SRS5360/1/2,
ITM861249,"POWELL; DALRYMPLE, George; ",Kennedy District;,,,Letter from the Colonial Secretary to George Dalrymple at Port Denison ,1862/22,p.8,4 January 1862,,COL/Q2; SRS5360/1/2,
ITM861249,,,,,Letter from the Colonial Secretary to Lt Wheeler at Sandgate ,1862/239,p.53,8 March 1862,,COL/Q2; SRS5360/1/2,
ITM861249,,,,,Letter from the Colonial Secretary to Commandant ,1862/25,p.8-9,4 January 1862,,COL/Q2; SRS5360/1/2,
ITM861249,,,,,Letter from the Colonial Secretary to Commandant ,1862/268,p.59,11 March 1862,,COL/Q2; SRS5360/1/2,
ITM861249,,,,,Letter from the Colonial Secretary to Cadet IJ Westby,1862/269,p.59-60,11 March 1862,,COL/Q2; SRS5360/1/2,
ITM861249,,,,,"Letter from the Colonial Secretary to Lieutenant GPM Murray, Native Mounted Police at Rockhampton ",1862/326,p.71,31 March 1862,,COL/Q2; SRS5360/1/2,
ITM861249,,Port Denison; Rockhampton;,,,Letter from the Colonial Secretary to Commandant ,1862/33,p.10,13 January 1862,,COL/Q2; SRS5360/1/2,
ITM861249,,,,,Letter from the Colonial Secretary to Commandant ,1862/331,p.71,31 March 1862,,COL/Q2; SRS5360/1/2,
ITM861249,,,,,"Letter from the Colonial Secretary to Lieutenant GPM Murray, Native Mounted Police at Rockhampton ",1862/332,p.71-72,31 March 1862,,COL/Q2; SRS5360/1/2,
ITM861249,,,,,Letter from the Colonial Secretary to Commandant ,1862/34,p.10,13 January 1862,,COL/Q2; SRS5360/1/2,
ITM861249,"MURRAY, 1st Lt; MOORHEAD, 2nd Lt; JOHNSON, Cadet; McDONNELL, Mr M;",Maranoa District; Upper Murray; ,,,Letter from the Colonial Secretary to Commandant ,1862/361,p.77,8 April 1862,,COL/Q2; SRS5360/1/2,
ITM861249,"PATRICK, Lt;",Rockhampton;,,,Letter from the Colonial Secretary to Commandant ,1862/366,p.78,8 April 1862,,COL/Q2; SRS5360/1/2,
ITM861249,"JOHNSON, G Mr; BAYLEY, Cadet;",Rockhampton;,,,Letter from the Colonial Secretary to Commandant ,1862/367,p.78,8 April 1862,,COL/Q2; SRS5360/1/2,
ITM861249,,,,,Letter from the Colonial Secretary to Commandant ,1862/444,p.93,20 May 1862,,COL/Q2; SRS5360/1/2,
ITM861249,,Kennedy District,,,Letter from the Colonial Secretary to Crown Lands Commissioner Kennedy district ,1862/457,p.95,28 May 1862,,COL/Q2; SRS5360/1/2,
ITM861249,,,,,Letter from the Colonial Secretary to Commandant ,1862/460,p.96,3 June 1862,,COL/Q2; SRS5360/1/2,
ITM861249,,,,,Letter from the Colonial Secretary to Commandant ,1862/461,p.96-97,3 June 1862,,COL/Q2; SRS5360/1/2,
ITM861249,,,,,"Letter from the Colonial Secretary to Crown Lands Commissioner, Kennedy District ",1862/462,p.97,3 June 1862,,COL/Q2; SRS5360/1/2,
ITM861249,,,,,Letter from the Colonial Secretary to George Dalrymple ,1862/469,p.99,4 June 1862,,COL/Q2; SRS5360/1/2,
ITM861249,,,,,Letter from the Colonial Secretary to Commandant ,1862/48,p.13,16 January 1862,,COL/Q2; SRS5360/1/2,
ITM861249,,,,,Letter from the Colonial Secretary to Commandant ,1862/480,p.101,11 June 1862,,COL/Q2; SRS5360/1/2,
ITM861249,"DALRYMPLE, George",,,,Letter from the Colonial Secretary to George Dalrymple re his letter of 7th June; vouchers for trooper’s equipment approved ,1862/486,p.102,11 June 1862,,COL/Q2; SRS5360/1/2,
ITM861249,,,,,Letter from Colonial Secretary to Bench of Magistrates at Goondiwindi ,1862/493,p.103,16 June 1862,,COL/Q2; SRS5360/1/2,
ITM861249,,,,,Letter from the Colonial Secretary to Commandant ,1862/500,p.104-105,20 June 1862,,COL/Q2; SRS5360/1/2,
ITM861249,,,,,Letter from the Colonial Secretary to Commandant ,1862/506,p.105,20 June 1862,,COL/Q2; SRS5360/1/2,
ITM861249,,,,,Letter from the Colonial Secretary to Commandant ,1862/509,p.106,23 June 1862,,COL/Q2; SRS5360/1/2,
ITM861249,,,,,Letter from the Colonial Secretary to Commandant ,1862/512,p.107,23 June 1862,,COL/Q2; SRS5360/1/2,
ITM861249,"ROBERTS, Mr; GRANT, William?; ",Maryborough; Hayes ? Creek; ,,Contains details regarding Murder,Letter from the Colonial Secretary to Police Magistrate at Maryborough ,1862/513,p.107,23 June 1862,,COL/Q2; SRS5360/1/2,
ITM861249,,,,,Letter from the Colonial Secretary to Commandant ,1862/536,p.111,4 July 1862,,COL/Q2; SRS5360/1/2,
ITM861249,,,,,"Letter from the Colonial Secretary to Second Lieutenant Patrick, Native Mounted Police at PO Brisbane ",1862/54,p.14,16 January 1862,,COL/Q2; SRS5360/1/2,
ITM861249,,,,,Letter from the Colonial Secretary to Commandant ,1862/542,p.112,8 July 1862,,COL/Q2; SRS5360/1/2,
ITM861249,,,,,Letter from the Colonial Secretary to Commandant ,1862/551,p.114,17 June 1862,,COL/Q2; SRS5360/1/2,
ITM861249,,,,,Letter from the Colonial Secretary to Lt Wheeler at Sandgate ,1862/565,p.116,24 July 1862,,COL/Q2; SRS5360/1/2,
ITM861249,"MORAY, Mr; ",Maranoa;,,Contains details regarding Murder,"Letter from the Colonial Secretary to Lieutenant Carr or O?cer in Command at headquarters Native Mounted Police, Bungil Creek via Bungeworgerai (near Roma) ",1862/575,p.118,4 August 1862,,COL/Q2; SRS5360/1/2,
ITM861249,,,,,Letter from the Colonial Secretary to Commandant ,1862/58,p.15,20 January 1862,,COL/Q2; SRS5360/1/2,
ITM861249,,,,,Letter from the Colonial Secretary to Commandant ,1862/586,p.119,8 August 1862,,COL/Q2; SRS5360/1/2,
ITM861249,"BAKER, Lt ",,,,"Letter from the Colonial Secretary to Lieutenant Baker, Native Mounted Police at Gladstone ",Q1862/588,p.120,6 August 1862,,COL/Q2; SRS5360/1/2,
ITM861249,,,,,Letter from the Colonial Secretary to Commandant ,1862/612,p.123-124,16 August 1862,,COL/Q2; SRS5360/1/2,
ITM861249,,,,,Letter from the Colonial Secretary to Commandant ,1862/613,p.124,16 August 1862,,COL/Q2; SRS5360/1/2,
ITM861249,"ROBERTS, Mr;",,,Contains details regarding Murder,Letter from the Colonial Secretary to Commandant ,1862/634,p.128,27 August 1862,,COL/Q2; SRS5360/1/2,
ITM861249,,,,,Letter from the Colonial Secretary to PF Flanagan ,1862/704,p.142,24 September 1862,,COL/Q2; SRS5360/1/2,
ITM861249,,,,,Letter from the Colonial Secretary to Commandant ,1862/728,p.147,30 September 1862,,COL/Q2; SRS5360/1/2,
ITM861249,,,,,Letter from the Colonial Secretary to Commandant ,1862/729,p.147,1 October 1862,,COL/Q2; SRS5360/1/2,
ITM861249,"BAKER, LT;",,,,Letter from the Colonial Secretary to Commandant ,1862/730,p.147,1 October 1862,,COL/Q2; SRS5360/1/2,
ITM861249,"NUTTING, John B. ",,,,Letter from the Colonial Secretary to John B Nutting at Rockhampton ,1862/743,p.149,8 October 1862,,COL/Q2; SRS5360/1/2,
ITM861249,,,,,Letter from the Colonial Secretary to Commandant ,1862/744,p.149,8 October 1862,,COL/Q2; SRS5360/1/2,
ITM861249,,,,,Letter from the Colonial Secretary to Commandant ,1862/745,p.149,8 October 1862,,COL/Q2; SRS5360/1/2,
ITM861249,,,,,Letter from the Colonial Secretary to Commandant ,1862/746,p.149,8 October 1862,,COL/Q2; SRS5360/1/2,
ITM861249,"CAVE, Lt; MILLAR, Mr; ",,,,Letter from the Colonial Secretary to Commandant ,1862/759,p.151,13 October 1862,,COL/Q2; SRS5360/1/2,
ITM861249,,,,,Letter from the Colonial Secretary to Commandant ,1862/783,p.156,25 October 1862,,COL/Q2; SRS5360/1/2,
ITM861249,"BAKER, John T. ",,,,Letter from the Colonial Secretary to Lieutenant John T Baker ,1862/817,p.162,1 November 1862,,COL/Q2; SRS5360/1/2,
ITM861249,,,,,Letter from the Colonial Secretary to Commandant ,1862/818,p.162,1 November 1862,,COL/Q2; SRS5360/1/2,
ITM861249,,,,,Letter from the Colonial Secretary to Commandant ,1862/827,p.163,11 November 1862,,COL/Q2; SRS5360/1/2,
ITM861249,"WHEELER, Lt;",Sandgate,,,Letter from the Colonial Secretary to Lt Wheeler ,1862/869,p.180,31 December 1862,,COL/Q2; SRS5360/1/2,
ITM861249,,,,,Letter from the Colonial Secretary to Commandant ,1863/1,p.183,2 January 1863,,COL/Q2; SRS5360/1/2,
ITM861249,,,,,Letter from the Colonial Secretary to Commandant ,1863/10,p.185,7 January 1863,,COL/Q2; SRS5360/1/2,
ITM861249,,,,,Letter from the Colonial Secretary to Commandant ,1863/101,p.206,20 February 1863,,COL/Q2; SRS5360/1/2,
ITM861249,"COXEN, H.W.; CARR, Lt. ",? Bendemeer;,,,Letter from the Colonial Secretary to Lieutenant Carr ,1863/105,p.207,23 February 1863,,COL/Q2; SRS5360/1/2,
ITM861249,,,,,Letter from the Colonial Secretary to Commandant ,1863/112,p.209,26 February 1863,,COL/Q2; SRS5360/1/2,
ITM861249,,,,,Letter from the Colonial Secretary to Commandant ,1863/113,p.209,26 February 1863,,COL/Q2; SRS5360/1/2,
ITM861249,"WHEELER, Lt. ",Fassifern ,,,Letter from the Colonial Secretary to Lt Wheeler at Fassifern ,1863/136,p.212,4 March 1863,,COL/Q2; SRS5360/1/2,
ITM861249,,,,,Letter from the Colonial Secretary to Commandant ,1863/143,p.214,5 March 1863,,COL/Q2; SRS5360/1/2,
ITM861249,,,,,Letter from the Colonial Secretary to Commandant ,1863/17,p.187,12 January 1863,,COL/Q2; SRS5360/1/2,
ITM861249,"SHARPE, Mr; CAVE, Mr; MURRAY, G.P.M. ",Mackenzie River; Peak Downs; North Creek; broad Sound; Upper Dawson; Lower Dawson,,,Letter from the Colonial Secretary to Lieutenant GPM Murray ,1863/176,p.220,25 March 1863,,COL/Q2; SRS5360/1/2,
ITM861249,"SADLEIR, Sgt; ",,,,Letter from the Colonial Secretary to Lt Wheeler ,1863/23,p.188,12 January 1863,,COL/Q2; SRS5360/1/2,
ITM861249,"COXEN, H.W; GEORGY also known as MACBETH (Aboriginal man); ",Bendemeer ?; ,,,Letter from the Colonial Secretary to Lieutenant Carr ,1863/240,p.232,13 April 1863,,COL/Q2; SRS5360/1/2,
ITM861249,"COXEN, H.W; GEORGY also known as MACBETH (Aboriginal man); CARR, Lt; ",Bendemeer ?; ,,,Letter from the Colonial Secretary to HW Coxen ,1863/242,p.232,13 April 1863,,COL/Q2; SRS5360/1/2,
ITM861249,"MARLOW, Lt; POWELL, Lt;",,,,Letter from the Colonial Secretary to PM Murray ,1863/260,p.236,16 April 1863,,COL/Q2; SRS5360/1/2,
ITM861249,,,,,Letter from the Colonial Secretary to Lt Wheeler ,1863/262,p.236,16 April 1863,,COL/Q2; SRS5360/1/2,
ITM861249,"HODGSON, Mr;",Logan;,,,Letter from the Colonial Secretary to Commandant ,1863/285,p.240,29 April 1863,,COL/Q2; SRS5360/1/2,
ITM861249,"WALKER, Frederick; JOHNSON, Lt; ",,,,Letter from the Colonial Secretary to Commandant ,1863/287,p.241,29 April 1863,,COL/Q2; SRS5360/1/2,
ITM861249,,Robinsons Creek; Commissioners Creek,,,Letter from the Colonial Secretary to Commandant ,1863/308,p.245,8 May 1863,,COL/Q2; SRS5360/1/2,
ITM861249,,,,,Letter from the Colonial Secretary to Commandant ,1863/311,p.245,8 May 1863,,COL/Q2; SRS5360/1/2,
ITM861249,,Maranoa,,,Letter from the Colonial Secretary to the Commandant of the Maranoa Patrol,1863/324,247,11 May 1863,,COL/Q2; SRS5360/1/2,
ITM861249,"MOORHEAD, Lt. ",,,,Letter from the Colonial Secretary to Second Lieutenant Moorhead ,1863/325,p.247,13 May 1863,,COL/Q2; SRS5360/1/2,
ITM861249,,,,,"Letter from the Colonial Secretary to Commandant, Native Mounted Police ",1863/326,p.248,13 May 1863,,COL/Q2; SRS5360/1/2,
ITM861249,"DAWSON, Cadet ?; ",,,,Letter from the Colonial Secretary to Commandant ,1863/33,p.190,14 January 1863,,COL/Q2; SRS5360/1/2,
ITM861249,,,,,Letter from the Colonial Secretary to Commandant ,1863/333,p.249,18 May 1863,,COL/Q2; SRS5360/1/2,
ITM861249,"WALKER, Frederick; JOHNSON, 2nd Lt;",,,,Letter from the Colonial Secretary to Commandant ,1863/336,p.249,19 May 1863,,COL/Q2; SRS5360/1/2,
ITM861249,"DAVIDSON, Mr; CARR, Lt; FURLEY (Aboriginal man)",Maranoa River; Maranoa,,Contains details regarding Murder,Letter from the Colonial Secretary to Lieutenant Carr at Maranoa River ,1863/338,p.250,20 May 1863,,COL/Q2; SRS5360/1/2,
ITM861249,,Rockhampton;,,,Letter from the Colonial Secretary to Commandant ,1863/37,p.191,16 January 1863,,COL/Q2; SRS5360/1/2,
ITM861249,,,,,Letter from the Colonial Secretary to Commandant ,1863/41,p.192,19 January 1863,,COL/Q2; SRS5360/1/2,
ITM861249,JIMMY (Aboriginal man);,Gayndah;,,Contains details regarding Murder,Letter from the Colonial Secretary to Police Magistrate Gayndah ,1863/422,p.256,28 May 1863,,COL/Q2; SRS5360/1/2,
ITM861249,,,,,Letter from the Colonial Secretary to Commandant ,1863/424,p.256,1 June 1863,,COL/Q2; SRS5360/1/2,
ITM861249,JIMMY (Aboriginal man);,Gayndah;,,Contains details regarding Murder,,1863/427,p.256,1 June 1863,,COL/Q2; SRS5360/1/2,
ITM861249,"MOORHEAD, Lt. ",Maranoa,,,Letter from the Colonial Secretary to Lieutenant Moorhead at Maranoa ,1863/432,p.258,5 June 1863,,COL/Q2; SRS5360/1/2,
ITM861249,GEORGY (Aboriginal Trooper);,Rockhampton;,,,Letter from the Colonial Secretary to Commandant ,1863/434,p.258,6 June 1863,,COL/Q2; SRS5360/1/2,
ITM861249,,,,,Letter from the Colonial Secretary to Commandant ,1863/435,p.258,8 June 1863,,COL/Q2; SRS5360/1/2,
ITM861249,,,,,Letter from the Colonial Secretary to Commandant ,1863/452,p.261,18 June 1863,,COL/Q2; SRS5360/1/2,
ITM861249,,,,,Letter from the Colonial Secretary to Commandant ,1863/453,p.261,18 June 1863,,COL/Q2; SRS5360/1/2,
ITM861249,,,,,Letter from the Colonial Secretary to Commandant ,1863/462,p.263,22 June 1863,,COL/Q2; SRS5360/1/2,
ITM861249,,,,,Letter from the Colonial Secretary to Commandant ,1863/467,p.264,23 June 1863,,COL/Q2; SRS5360/1/2,
ITM861249,,,,,Letter from the Colonial Secretary to Commandant ,1863/477,p.265,25 June 1863,,COL/Q2; SRS5360/1/2,
ITM861249,"PRICE, Cadet; OWEN, Cadet; BAYLY, Cadet; BROWNE, Cadet; MORISSET, Mr; HILL, Mr; LERIE, Mr; COMPLIQUE, Mr;",,,,Letter from the Colonial Secretary to Commandant ,1863/478,p.266,25 June 1863,,COL/Q2; SRS5360/1/2,
ITM861249,,,,,Letter from the Colonial Secretary to Commandant ,1863/479,p.266,25 June 1863,,COL/Q2; SRS5360/1/2,
ITM861249,,,,,Letter from the Colonial Secretary to Commandant ,1863/5,p.184,5 January 1863,,COL/Q2; SRS5360/1/2,
ITM861249,,,,,Letter from Colonial Secretary to Commandant ,1863/516,p.273,4 July 1863,,COL/Q2; SRS5360/1/2,
ITM861249,,,,,Letter from Colonial Secretary to Commandant ,1863/518,p.274,4 July 1863,,COL/Q2; SRS5360/1/2,
ITM861249,,,,,Letter from Colonial Secretary to Commandant ,1863/531,p.276,9 July 1863,,COL/Q2; SRS5360/1/2,
ITM861249,,,,,Letter from Colonial Secretary to Commandant ,Q1863/55,p.195,29 January 1863,,COL/Q2; SRS5360/1/2,
ITM861249,,,,,Letter from Colonial Secretary to Commandant ,1863/56,p.196,29 January 1863,,COL/Q2; SRS5360/1/2,
ITM861249,,,,,Letter from the Colonial Secretary to Commandant ,1863/577,p.284,25 July 1863,,COL/Q2; SRS5360/1/2,
ITM861249,,,,,Letter from the Colonial Secretary to Commandant ,1863/580,p.284,25 July 1863,,COL/Q2; SRS5360/1/2,
ITM861249,,,,,Letter from the Colonial Secretary to Commandant ,1863/613,p.291,3 August 1863,,COL/Q2; SRS5360/1/2,
ITM861249,,,,,Letter from the Colonial Secretary to Commandant ,1863/693,p.306,27 August 1863,,COL/Q2; SRS5360/1/2,
ITM861249,,,,,Letter from the Colonial Secretary to Commandant ,1863/80,p.200,11 February 1863,,COL/Q2; SRS5360/1/2,
ITM861249,,,,,Letter from Colonial Secretary to Commandant ,1863/811,p.329,12 October 1863,,COL/Q2; SRS5360/1/2,
ITM861249,,,,,Letter from Colonial Secretary to Commandant ,1863/812,p.329,12 October 1863,,COL/Q2; SRS5360/1/2,
ITM861249,,,,,Letter from the Colonial Secretary to Commandant ,1863/838,p.333,15 October 1863,,COL/Q2; SRS5360/1/2,
ITM861249,,,,,Letter from Colonial Secretary to Office Commanding 12th Regiment,1863/859,p.337,20 October 1863,,COL/Q2; SRS5360/1/2,
ITM861249,,,,,Letter from Colonial Secretary to Commandant ,1863/874,p.340,27 October 1863,,COL/Q2; SRS5360/1/2,
ITM861249,"DALRYMPLE; Mr; MARLOW, Lt. ",Rockingham Bay; Port Denison,,,"Letter from Colonial Secretary to Lieutenant Marlow, Native Mounted Police Force at Port Denison ",1863/875,p.340,27 October 1863,,COL/Q2; SRS5360/1/2,
ITM861249,"GRIFFIN, Mr;",Peak Downs;,,,Letter from Colonial Secretary to Commandant ,1863/878,p.341,27 October 1863,,COL/Q2; SRS5360/1/2,
ITM861249,,,,,Letter from the Colonial Secretary to Commandant ,1863/9,p.185,7 January 1863,,COL/Q2; SRS5360/1/2,
ITM861249,,,,,Letter from Colonial Secretary to Commandant ,1863/904 & 1863/905,p.346,10 November 1863,,COL/Q2; SRS5360/1/2,
ITM861249,,,,,Letter from Colonial Secretary to Commandant ,1863/907,p.347,11 November 1863,,COL/Q2; SRS5360/1/2,
ITM861249,,,,,Letter from Colonial Secretary to Commandant ,1863/909,p.347,11 November 1863,,COL/Q2; SRS5360/1/2,
ITM861249,,,,,Letter from Colonial Secretary to Commandant ,1863/910,p.347,11 November 1863,,COL/Q2; SRS5360/1/2,
ITM861249,,,,,Letter from Colonial Secretary to Commandant ,1863/911,p.347,11 November 1863,,COL/Q2; SRS5360/1/2,
ITM861249,,,,,Letter from Colonial Secretary to Commandant ,1863/912,p.348,11 November 1863,,COL/Q2; SRS5360/1/2,
ITM861249,,,,,Letter from Colonial Secretary to Commandant ,1863/912,p.366,12 December 1863,,COL/Q2; SRS5360/1/2,
ITM861249,RIDDLE,Rockhampton; Minerva,,,Re: the murders of Mr Riddle and a shepherd,1863/928,p.370,16 December 1863,,COL/Q2; SRS5360/1/2,
ITM861249,"DICKO, Mr.; Nuller (?)",,,,Re: payment for the services of Mr Dicko in reference to Regina v Nuller case,1863/934,p.371,21 December 1863,,COL/Q2; SRS5360/1/2,
ITM861249,"FRANK, David. ",,,,Re: the inability to appoint David Frank as CPS ,1864/11,p.382,5 January 1864,,COL/Q2; SRS5360/1/2,
ITM861250,"CARR, F.W",Euleutha,,,,1864/159,p.41,15 March 1864,,COL/Q3; SRS5360/1/3,
ITM861250,,Rockhampton,,,Ackowledgement duties performed by officers of the Native Police Force ,1864/35,p.12,15 January 1864,,COL/Q3; SRS5360/1/3,
ITM861250,,Belyando,,,Increased allowance to sub inspector and camp sergeant.,1864/361,p.86,14 June 1864,,COL/Q3; SRS5360/1/3,
ITM861250,Messr ARCHER,Rockhampton,,,Sale of Native Police Barracks at Rockhampton,1864/392,p.93,28 June 1864,,COL/Q3; SRS5360/1/3,
ITM861250,"LAMBERT, C.H; WHEELER, Edward",,,,Appointment of Sub Inspectors Lambert and Wheeler.,1864/419,p.99-100,13 July 1864,,COL/Q3; SRS5360/1/3,
ITM861250,JARDINE,Somerset; Brisbane,,,Instructions for the establishment of the new settlement at Somerset,1864/421,p.100-103,9 July 1864,09/07/2023,COL/Q3; SRS5360/1/3,
ITM861250,"WHEELER, F; MANNING, A.W.; WHEELER, Edward",Sandgate,,,Appointment of Edward Wheeler as SI.,1864/425,p.104,14 July 1864,14/07/2023,COL/Q3; SRS5360/1/3,
ITM861250,,,,,Appointment of Visiting Justice to the gaol at Toowoomba,1864/462,p.114,6 October 1864,,COL/Q3; SRS5360/1/3,
ITM861250,"MANNING, A.W.",Brisbane,,,Provision of amunition to Native Mounted Police Force.,1864/479,p.118,4 August 1864,04/08/2023,COL/Q3; SRS5360/1/3,
ITM861250,Lt FREUDENTHAL,Mackenzie River; Rockhampton,"
",,,1864/48,p.16,21 January 1864,20 Janurary,COL/Q3; SRS5360/1/3,
ITM861250,Inspector CARR,Warrego River,,,Erection of barracks for the Warrego River detachment.,1864/480,p.118,4 August 1864,4 August 1864,COL/Q3; SRS5360/1/3,
ITM861250,"OWEN, B.S.",Belyando,,,Request for Owen to be tranferred to the civil service as a CPS.,1864/491,p.121,9 August 1864,9 August 1864,COL/Q3; SRS5360/1/3,
ITM861250,"Inspector MURRAY, John",Murray; Brisbane,,,Promotion of John Murray and recruitment of troopers in the Murray District.,1864/492,p.121,9 August 1864,9 August 1864,COL/Q3; SRS5360/1/3,
ITM861250,"BAYLEY, Walter P.",Brisbane,,,Resignation of Walter P. Bayley.,1864/528,p.130,19 August 1864,19 August 1864,COL/Q3; SRS5360/1/3,
ITM861250,MORISSET,,,,Resignation of Inspector Morisset,1864/529,p.130,19 August 1864,19 August 1864,COL/Q3; SRS5360/1/3,
ITM861250,"MACKAY, J.; HERBERT, Robert; JORDAN, H.",,,,Letter from Robert Herbert to H. Jordan (agent general for immigration) re: travelling expenses for his trip from England to Queensland.,1864/599,p.145,29 November 1864,17/09/1864,COL/Q3; SRS5360/1/3,
ITM861250,"CARR, Mr. ",Rockhampton ,,,Mr Carr's leave of absence,1864/6,p.6,5 January 1864,5 January 1864,COL/Q3; SRS5360/1/3,
ITM861250,,,,,Re: cheque for a stolen horse,1864/609,p.147,7 December 1864,,COL/Q3; SRS5360/1/3,
ITM861250,,,,,Re: CPS at Clermont's application to serve in the Justice of the Peace,1864/611,p.148,13 December 1864,,COL/Q3; SRS5360/1/3,
ITM861251,,,,,Letter from Colonial Secretary to Commissioner ,1867/161,p.44,27 February 1867,,COL/Q4; SRS5360/1/4,https://www.archivessearch.qld.gov.au/items/ITM861251
ITM861251,,,,,Letter from Colonial Secretary to Commissioner ,1867/204,p.52,15 March 1867,,COL/Q4; SRS5360/1/4,https://www.archivessearch.qld.gov.au/items/ITM861251
ITM861251,,,,,Letter from Colonial Secretary to Commissioner ,1867/233,p.58,28 March 1867,,COL/Q4; SRS5360/1/4,https://www.archivessearch.qld.gov.au/items/ITM861251
ITM861251,,,,,Letter from Colonial Secretary to Commissioner ,1867/312,p.74,6 May 1867,,COL/Q4; SRS5360/1/4,https://www.archivessearch.qld.gov.au/items/ITM861251
ITM861251,,,,,Letter from Colonial Secretary to Commissioner ,1867/324,p.76,14 May 1867,,COL/Q4; SRS5360/1/4,https://www.archivessearch.qld.gov.au/items/ITM861251
ITM861251,,,,,Letter from Colonial Secretary to Commissioner ,1867/349,p.80,25 May 1867,,COL/Q4; SRS5360/1/4,https://www.archivessearch.qld.gov.au/items/ITM861251
ITM861251,,Somerset,,,Letter from Colonial Secretary to Police Magistrate at Somerset ,1867/457,p.1,16 July 1867,,COL/Q4; SRS5360/1/4,https://www.archivessearch.qld.gov.au/items/ITM861251
ITM861251,,,,,Letter from Colonial Secretary to Commissioner ,1867/607,p.32-33,9 October 1867,,COL/Q4; SRS5360/1/4,https://www.archivessearch.qld.gov.au/items/ITM861251
ITM861251,,,,,Letter from Colonial Secretary to Commissioner ,1867/669,p.47-48 ,1 November 1867,,COL/Q4; SRS5360/1/4,https://www.archivessearch.qld.gov.au/items/ITM861251
ITM861251,,,,,Letter from Colonial Secretary to Commissioner ,1867/672,p.48,2 November 1867,,COL/Q4; SRS5360/1/4,https://www.archivessearch.qld.gov.au/items/ITM861251
ITM861251,,,,,Letter from Colonial Secretary to Commissioner ,1867/711,p.57,21 November 1867,,COL/Q4; SRS5360/1/4,https://www.archivessearch.qld.gov.au/items/ITM861251
ITM861251,,,,,Letter from Colonial Secretary to Commissioner ,1867/780,p.71,14 December 1867,,COL/Q4; SRS5360/1/4,https://www.archivessearch.qld.gov.au/items/ITM861251
ITM861251,,,,,Letter from Colonial Secretary to Commissioner ,1867/790,p.74,16 December 1867,,COL/Q4; SRS5360/1/4,https://www.archivessearch.qld.gov.au/items/ITM861251
ITM861251,"BOWEN, George, F. ",,,,Letter from Colonial Secretary to Sir George F Bowen ,1867/810,p.79-80,24 December 1867,,COL/Q4; SRS5360/1/4,https://www.archivessearch.qld.gov.au/items/ITM861251
ITM861251,"STEWART, Robert; ",Bourke; Upper Henderson ? River; Telawin ? Station; Burketown,,,Letter from Colonial Secretary to Police Magistrate at Burketown ,1867/360,p.82,29 May 1867,,COL/Q4; SRS5360/1/4,https://www.archivessearch.qld.gov.au/items/ITM861251
ITM861251,,,,,Letter from Colonial Secretary to Commissioner ,1867/407,p.90,25 June 1867,,COL/Q4; SRS5360/1/4,https://www.archivessearch.qld.gov.au/items/ITM861251
ITM861251,,,,,Letter from Colonial Secretary to Commissioner ,1867/418,p.92,2 July 1867,,COL/Q4; SRS5360/1/4,https://www.archivessearch.qld.gov.au/items/ITM861251
ITM861251,PASCHEU,,,,Letter from Colonial Secretary to Commissioner ,1867/83,p.29,31 January 1867,,COL/Q4; SRS5360/1/4,https://www.archivessearch.qld.gov.au/items/ITM861251
ITM861252,CAHILL; POWER. ,,,,Letter from Colonial Secretary to Commissioner re. murders of Cahill and Power on Gold Escort duty November 1867,1868/95,p.383,6 February 1868,,COL/Q5,
ITM861252,,,,,Letter from Colonial Secretary to Commissioner in relation to expedition to find white men associated with  'Black Prince',1868/17,p.8,9 January 1868,,"QSA item 861252, 1868/17",
ITM861252,"GILMORE, Acting Sub Inspector. ",,,,Letter from Colonial Secretary to Commissioner re. promotion of Acting Sub Inspector Gilmore,1868/185,p.41,20 March 1868,,"QSA item 861252, 1868/185",
ITM861252,,Wilpend; Marlborough,,,Letter from Colonial Secretary to Commissioner re. removal of detatchment of Native Police from Wilpend to Marlborough,1868/286,p.61,24 April 1868,,"QSA item 861252, 1868/286",
ITM861252,,,,,"Letter from Colonial Secretary to Commissioner re. removal of Native Police Barracks, buildings not worth removal, funds to erect new ones",1868/298,p.63,27 April 1868,,"QSA item 861252, 1868/298",
ITM861252,UHR   ,,,,Letter from Colonial Secretary to Commissioner re. appointment of Uhr to Inspector of Slaughter Houses for the Police District of Burke,1868/357,p.95,13 June 1868,,"QSA item 861252, 1868/357",
ITM861252,"SHARKEY, J.P. ",Burketown ,,,"Letter from Colonial Secretary to JP Sharkey, Crown Lands Commissioner at Burketown ",1868/386,p.101,21 May 1868,,"QSA item 861252, 1868/386",
ITM861252,,Burke District ,,,Letter from Colonial Secretary to Commissioner referring to application for more Native Police protection in the Burke District,1868/392,p.102,25 June 1868,,"QSA item 861252, 1868/392",
ITM861252,JARDINE,Somerset,,,Letter from Colonial Secretary to Police Magistrate at Somerset (Jardine) relating to disciplinary action of Howe,1868/425,p.109,6 July 1868,,"QSA item 861252, 1868/425",
ITM861252,,Somerset ,,,"Letter from Colonial Secretary to Commissioner re. in response to resignation of 5 Native Police at Somerset, to be replaced by half white and half black",1868/604,p.140,10 September 1868,,"QSA item 861252, 1868/604",
ITM861252,,Somerset ,,,"Letter from Colonial Secretary to Commissioner re. replacement staff at Somerset, 3 constables and 5 Black Troopers",1868/622,p.143,16 September 1868,,"QSA item 861252, 1868/622",
ITM861252,,Somerset ,,,"Letter from Colonial Secretary to Police Magistrate at Somerset re. stores, supplies, staff and management of these",1868/707,p.159,24 October 1868,,"QSA item 861252, 1868/707",
ITM861252,,,,,Letter from Colonial Secretary to Commissioner re. assistance to botanical researcher,1869/101,p.206,11 February 1869,,"QSA item 861252, 1869/101",
ITM861252,"UHR; COWARD; DOWLING, Jamie ",,,,Letter from Colonial Secretary to Commissioner re. demotion of Uhr due to report by Coward in assault of Jamie Dowling,1869/135,p.211,18 February 1869,,"QSA item 861252, 1869/135",
ITM861252,,,,,Letter from Colonial Secretary to Commissioner re.regulations accessing information,1869/158,p.215,1 March 1869,,"QSA item 861252, 1869/158",
ITM861252,,Queensland ,,,Letter from Colonial Secretary to Governor re. support of the fact that no British troops are stationed in Queensland,1869/207,p.222,16 March 1869,,"QSA item 861252, 1869/207",
ITM861252,,Norman,,,Memo from the Colonial Secretary to Commissioner re. Native Police Quarters and Lock up at Norman,1869/677,p.677,1 September 1869,,"QSA item 861252, 1869/677",
ITM861252,,,,,Letter from Colonial Secretary to Commissioner ,1868/32,p.11,16 January 1868,,"QSA item 861252, 1868/32",
ITM861252,UHR; SHARKEY,Norman River; Bowen,,,Letter from Colonial Secretary to Bench at Norman River re. response for more Police Protection at Norman River,1868/342,p.90,9 June 1868,,"QSA item 861252, 1868/342",
ITM861252,,Kennedy District; Bowen; Cardwell; Hinchinbrook Island,,,Letter from Colonial Secretary to Commissioner re. further search for the white men believed to have been seen on Hinchinbrook island in November 1867,1869/53,p.199,25 January 1869,November 1867,"QSA item 861252, 1869/53",
ITM861252,SCOTT; THOMPSON; MARLOW,Bowen; Strathbogie; Upper Burdekin; Dalrymple; Townsville,,,Letter from Colonial Secretary to Commissioner ,1869/89,p.204,5 February 1869,,COL/Q5; SRS5360/1/5,
ITM861252,,Somerset ,,,Letter from the Colonial Secretary to Governor’s Private Secretary re. stores and supplies for the settlement of Somerset,1870/130,p.378,16 March 1870,,COL/Q5; SRS5360/1/5,
ITM861252,,Somerset; Prince of Wales Island,,,"Letters from the Colonial Secretary to the Police Magistrate at Somerset re. massacre of the crew of the Cutter 'Sperwer' on Prince of Wales Island, and that an enquiry will take place",1870/118 & 1870/124,p.376-377,11 March 1870,June 1869,COL/Q5; SRS5360/1/5,
ITM861252,,Somerset; Prince of Wales Island,,,Letter from the Colonial Secretary to Police Magistrate at Somerset re. mention of massacre on Prince of Wales island and rumour that the son of the ship's master has survived.,1870/132,p.379,17 March 1870,June 1869,COL/Q5; SRS5360/1/5,
ITM861252,LAMBERT,Somerset; Prince of Wales Island,,,Letter from the Colonial Secretary to Governor’s Private Secretary re. massacre at Prince of Wales Island of the crew of the Cutter 'Sperwer',1870/75,p.368,17 February 1870,June 1869,COL/Q5; SRS5360/1/5,
ITM86550,"MURRAY; MARLOW, John; Corporal Fred; Corporal CROW, Jim; Trooper Gordon; Valentine; William; Scotchie; Oliver; Frank; Sambo; Peter; Johnston; BROWN, Tom; Tommy; Rick; Davie; Billy; Marmaduke; Tiger",Port Denison; Brisbane,,,Letter from Insp. Marlow at Port Denison to Commissioner re: vouchers rewarding the services of some troopers.,1866/125 and No.412,p.68-69,13 July 1866,,,
ITM86550,"B..(?), Henry; Corps Carlo 1; Lionel 2; Kuma 93; Oliver; Troopers Waverley 101; Peter; Philip 107; Mayboy 113; John Finn; Ludooie; Jupiter",Maranoa,,,,1866/699 and No.129,p.66-67,23 October 1866,,,
ITM86550,BLINTTING(?); Troopers Hector 17; Nelson 19; Nolan 7; Norman 45; Blennan 4; Tacho 5; Granly 10; Aslam(?) 6,,,,,,p.71,30 June 1866,,,
ITM86550,"MANNING, A.W.",,,,,1866/2868,p.59,6 December 1866,,,
ITM86550,BROWNE; MURRAY; Troopers Michael; Harry; Mowbray; Billambil; Frank; Kelly; Seymour; Maryborough; Carbine; Charlie,Spring Creek ,,,Re: bonus for troopers at Spring Creek,1866/632,p.63-64,22 February 1866,,,
ITM86550,Inspector MURRAY; George,Brisbane; Spring Creek,,,Re: bonus for troopers at Spring Creek,1866/731,p.62,8 March 1866,,,
ITM86749,"COMPIGNE, Walter",,,,Promotion of Walter Compigne to Acting Sub Inspector vice Paschen promoted ,"incorrect number. 
Not 1865/150.
Believe it to be 1865/149",p.43,27 June 1865,,POL/4; PRV10741/1/1,https://www.archivessearch.qld.gov.au/items/ITM86749
ITM86749,,,,,Memo from Commissioner,1864/65,p.34,4 August 1864,,POL/4; PRV10741/1/1,https://www.archivessearch.qld.gov.au/items/ITM86749
ITM86749,"CARR, Lieutenant; CHARTRES, Inspector; SEYMOUR, D. T., Acting  Commissioner of Police; ",St George's Bridge; Maranoa,,,Memo from Acting Commissioner of Police ,1864/27,p.29,8 February 1864,,POL/4; PRV10741/1/1,https://www.archivessearch.qld.gov.au/items/ITM86749
ITM86749,"PRICE, George F., Sub Inspector; MURRAY, G. P., Inspector; ARMSTRONG, Maxwell, Cadet; SEYMOUR, D. T., Commissioner of Police;",Rockhampton,,,Memo from Commissioner ,1864/70,p.34,26 August 1864,,POL/4; PRV10741/1/1,https://www.archivessearch.qld.gov.au/items/ITM86749
ITM86749,"AUBIN(?); MURRAY, G.P., Inspector; MCDONNELL, John",,,,Letter from John McDonnell per the Commissioner of Police ,1865/121,p.41,11 April 1865,,POL/4; PRV10741/1/1,https://www.archivessearch.qld.gov.au/items/ITM86749
ITM86749,"MCDONNELL, John; MURRAY, G. P., Inspector; RUXTON, I. S. Sergeant",Rockingham Bay;,,,Letter from Native Police Secretary ,1865/122,p.41,11 April 1865,,POL/4; PRV10741/1/1,https://www.archivessearch.qld.gov.au/items/ITM86749
ITM86749,"MURRAY, G. P., Inspector; SEYMOUR, E.B.; MCDONNELL, John;",Rockhampton,,,Memo from the Commissioner of Police ,1865/123,p.41,18 April 1865,,POL/4; PRV10741/1/1,https://www.archivessearch.qld.gov.au/items/ITM86749
ITM86749,"SUTCLIFFE, I.; WARD, Jas A., Const.; FARRELLY, Andrew, Acting Sergeant; ",Clermont,,,Memo from the Commissioner of Police,1865/124,p.41,18 April 1865,,POL/4; PRV10741/1/1,https://www.archivessearch.qld.gov.au/items/ITM86749
ITM86749,"FOGARTY, Sub Inspector; REID, Archibald; JUDGE, Tjomas, Const.; MURRAY, I. Inspector; SEYMOUR, D. T., Commissioner of Police;, ",Goondiwindi; Rockhampton;,,,Memo from the Commissioner of Police ,1865/143,p.42,29 May 1865,,POL/4; PRV10741/1/1,https://www.archivessearch.qld.gov.au/items/ITM86749
ITM86749,"HALEY, John, Acting Sub Inspector; CARNEY; POINGDESTRE, Lyndon I., Acting Sub INative Policesector; SEYMOUR, D. T., Commissioner of Police;",,,,Appointment of Lyndon J Poingdestre as Acting Sub Inspector ,1865/146,p.43,13 June 1865,,POL/4; PRV10741/1/1,https://www.archivessearch.qld.gov.au/items/ITM86749
ITM86749,"BURNE, Henry, Inspector; VON PASCHEN, Otto, Inspector; CORRANT, Thomas, sUB Inspector",,,,Promotion of Acting Sub Inspector Otto Oscar Paschen to Sub Inspector vice Browne promoted; Acting Sub Inspector Thomas Coward to be Sub Inspector vice Williams resigned; both e?ective from First April 1865 ,1865/151,p.43,25 June 1865,,POL/4; PRV10741/1/1,https://www.archivessearch.qld.gov.au/items/ITM86749
ITM86749,"STOKES, Acting Sub Inspector; CORRANT, Sub Inspector; MORISSET; THORNTON, T. Acting Sub Inspector; FITZMAURICE, Goe. A.; GAFFNEY, Peter;  ",Rockhampton; Mackenzie River; Belyando; Spring Creek; Marlborough; Clermont;,,,Memo from the Commissioner of Police ,1865/155,p.43,11 July 1865,,POL/4; PRV10741/1/1,https://www.archivessearch.qld.gov.au/items/ITM86749
ITM86749,"UHR, Wentworth D'arcy, Acting Sub Inspector; SEYMOUR, D. T., Commissioner of Police;",Rockhampton; Wide Bay,,,Memo from the Commissioner of Police ,1865/168,p.45,14 October 1865,,POL/4; PRV10741/1/1,https://www.archivessearch.qld.gov.au/items/ITM86749
ITM86749,"PRICE, Sub Inspector; BURNNE, H., Inspector; WHEELER, Inspector; SHARP, Charles Norman, Acting Sub Inspector; BEALE, Percy; KNOTT, George; THRONTON, Acting Sub Inspector; SEYMOUR, D. T., Commissioner of Police;",Maryborough; Wide Bay; ,,,Memo from the Commissioner of Police ,1865/169 ,p.45,23 October 1865,,"& Queensland Police Gazette, Vol 2:67",https://www.archivessearch.qld.gov.au/items/ITM86749
ITM86749,"FREUDENTHAL, Sub Inspector; SEYMOUR, D. T., Commissioner of Police;",Maryborough; Wide Bay;,,,Memo from the Commissioner of Police ,1865/95,p.38,10 January 1865,,POL/4; PRV10741/1/1,https://www.archivessearch.qld.gov.au/items/ITM86749
ITM86749,"GILMORE, James Merry, Acting Sub Inspector; GRAHAM, Michael H., Acting Sub Inspector; BLUNDEN, Christopher, Constable; MURRAY, F. J., Sub Inspector; WATT, W.G., Acting Sub Inspector; DOONAN, P., Constable; COFFEY, J., Sub Inspector; O'HARA, M. Sergeant; FRANCIS, W., Sergeant; ROCHE, G., Constable; HANRAHAN, U., Constable; O'TOOLE, H., Constable; SEYMOUR, D. T., Commissioner of Police;",Galdstone; Borvene; Cleveland; Brisbane; Taroon; Roma; Bigge's Camp; Ipswich; Charleville; aranoa; ,,,"Appointments, Resignations, Transfers and Promotions ",1866/180,p.47,1 February 1866,,POL/4; PRV10741/1/1,https://www.archivessearch.qld.gov.au/items/ITM86749
ITM86749,"BEALE, Percy, Acting Sub Inspector; GINNA, James, Constable; HARRIS, H., Constable; NIHILL, P. R., Constable; ",Brisbane; Western Districts; Maryborough; Rockhampton,,,Transfer of Acting Sub Inspector Percy Beale from Brisbane to the Western district ,1866/194,p.48,30 April 1866,,POL/4; PRV10741/1/1,https://www.archivessearch.qld.gov.au/items/ITM86749
ITM86749,"GOUGH, H.B., Acting Sub Inspector; DUNNE, John McKay, Acting Sub Inspector; SEYMOUR, D. T., Commissioner of Police;",,,,Appointment of HB Gough as Acting Sub Inspector; Appointment of John McKay Dunne as Acting Sub Inspector; etc ,1866/204,p.50,1 July 1866,,POL/4; PRV10741/1/1,https://www.archivessearch.qld.gov.au/items/ITM86749
ITM86749,"PRICE, G., Sub Inspector; BLAKENEY, C., Sub Inspector; SEYMOUR, D. T., Commissioner of Police;",Fort Cooper; ,,,Memo from the Commissioner of Police ,1866/209,p.50,25 September 1866,,POL/4; PRV10741/1/1,https://www.archivessearch.qld.gov.au/items/ITM86749
ITM86749,"HILL, Richaard William Onslow, Acting Sub Inspector; HOWE, Tim., Acting Sergeant; SEYMOUR, D. T., Commissioner of Police;",,,,Dismissal of Acting Sergeant Howe for breach of Police Regulation in marrying without consent; Appointment of William Richard Onslow Hill as Acting Sub Inspector;   Resignation of Acting Sub Inspector Percy Beale; etc ,1866/211,p.51,1 October 1866,,POL/4; PRV10741/1/1,https://www.archivessearch.qld.gov.au/items/ITM86749
ITM86749,"WHEELER, Inspector; GOUGH, Acting Sub Inspector; WARE, Sergeant;  SEYMOUR, D. T., Commissioner of Police;",Rockingham Bay; Wide Bay; Broadsound; Hordleigh,,,Memo from the Commissioner of Police ,1866/220,p.52,13 December 1866,,POL/4; PRV10741/1/1,https://www.archivessearch.qld.gov.au/items/ITM86749
ITM86749,"ATKINSON, Robert; WHITE, John, Sergeant; BLAKENEY, C., Sub Inspector; CARR, Ernest H., Acting Sub Inspector;  ",,,,Dismissal of Sub Inspector C Blakeney ,1866/221,p.52,6 December 1866,,POL/4; PRV10741/1/1,https://www.archivessearch.qld.gov.au/items/ITM86749
ITM86749,"UHR, R. C., Sub Inspector; COWARD, T., Sub Inspector; MARLOW, Inspector;  ",Bowen; Mackenzie River;,,,Memo from the Commissioner of Police. Transfers of Sub Inspector RC Uhr from Bowen to Mackenzie River & Sub Inspector T Coward from Mackenzie River to Bowen ,1867/250,p.56,16 May 1867,,POL/4; PRV10741/1/1,https://www.archivessearch.qld.gov.au/items/ITM86749
ITM86749,"COMPIGNE, Walter, Sub Inspector;",,,,Promotion of Acting Sub Inspector Walter Compigne to Sub Inspector ,1867/267,p.57,1 July 1867,,POL/4; PRV10741/1/1,https://www.archivessearch.qld.gov.au/items/ITM86749
ITM86749,"COWARD, Sub Inspector; MURRAY, F., Sub Inspector; ",Bowen River; Suttor River; ,,,Transfer of Sub Inspector Coward from Native Mounted Police Bowen River to Suttor River; Sub Inspector F Murray from Native Mounted Police Suttor River to Bowen River ,1867/271,p.58,29 July 1867,,POL/4; PRV10741/1/1,https://www.archivessearch.qld.gov.au/items/ITM86749
ITM86749,"NUTTING, J. B., Inspector; CLOHESY, T. Sub Inspector;",,,,Promotion of Sub Inspector John Bligh Nutting to Inspector (to replace CH Lambert) & Acting Sub Inspector Thomas Clohesy to Sub Inspector ,"1867/284, ",p.59,21 November 1867,,POL/4; PRV10741/1/1,https://www.archivessearch.qld.gov.au/items/ITM86749
ITM86749,"HILL, G., Sergeant;",,,,Transfer of Sergeant G Hill from the Lands Dept to the QPF with the same rank No 74 ,1868/311,p.61,1 February 1868,,POL/4; PRV10741/1/1,https://www.archivessearch.qld.gov.au/items/ITM86749
ITM86749,"WOLFE, John, Acting Sub Inspector; NOWLAN, George Denis Boman;",,,,Appointment of John Wolfe as Acting Sub Inspector; Appointment of George Denis Boman Nowlan as Acting Sub Inspector  ,1868/348,p.65,23 June 1868,,POL/4; PRV10741/1/1,https://www.archivessearch.qld.gov.au/items/ITM86749
ITM86749,"Semoir, Trooper (Aboriginal man); Johnny, Trooper (Aboriginal man); ",Gympie; Maryborough,,,Memo from the Commissioner of Police; Transfers: Troopers Semoir? No 82 & Johnny No 83 from Gympie to Maryborough ,1868/357,p.66,21 July 1868,,POL/4; PRV10741/1/1,https://www.archivessearch.qld.gov.au/items/ITM86749
ITM86749,"SHAIRP, Acting Sub Inspector; SCOTT, James Hamilton, Acting Sub Inspector;",Cardwell; Suttor River; Brisbane; ,,,Transfer of Acting Sub Inspector Shairp from Cardwell to Suttor River; also appointment of James Hamilton Scott as Acting Sub Inspector ,1868/361,p.66,1 August 1868,,POL/4; PRV10741/1/1,https://www.archivessearch.qld.gov.au/items/ITM86749
ITM86749,"CLOHESY, Sub Inspector; MARLOW, Inspector; LEWIS, Inspector;",Townsville; Cape River,,,Memo from the Commissioner of Police ,1868/379,p.67,5 October 1868,,POL/4; PRV10741/1/1,https://www.archivessearch.qld.gov.au/items/ITM86749
ITM86749,"DUMARESQ, C J., Acting Sub Inspector;",Springsure; Barcoo;,,,Transfer of Acting Sub Inspector CJ Dumaresq from Springsure to Barcoo ,1868/396,p.69,10 November 1868,,POL/4; PRV10741/1/1,https://www.archivessearch.qld.gov.au/items/ITM86749
ITM86749,"UHR, W. D., Acting Sub Inspector; ",,,,Reduction of WD Uhr from Sub Inspector to Acting Sub Inspector ,1868/408,p.70,21 November 1868,,POL/4; PRV10741/1/1,https://www.archivessearch.qld.gov.au/items/ITM86749
ITM86749,"GALBRAITH, Hugh, Acting Sub Inspector; UHR, W. D., Acting Sub Inspector; ",Brisbane; Yo Yo Creek;,,,Appointment of Hugh Galbraith as Acting Sub Inspector & transfer from Brisbane to Yo Yo Creek; Resignation of Acting Sub Inspector WD Uhr  ,1869/427,p.72,10 June 1869,,POL/4; PRV10741/1/1,https://www.archivessearch.qld.gov.au/items/ITM86749
ITM86749,"CLOHESY, Thos, Sub Inspector;",Cape River; Gilbert Goldfields,,,Transfer of Sub Inspector Thos Clohesy from Cape River to Gilbert goldfields ,1869/435,p.72,9 July 1869,,POL/4; PRV10741/1/1,https://www.archivessearch.qld.gov.au/items/ITM86749
ITM86749,"FREUDENTHAL, Sub Inspector; DUNNE, Acting Sub Inspector; SHAIRP, Charles N., Acting Sub Inspector;",Conway; Nebo;,,,Transfers of Sub Inspector Freudenthal from Conway to Nebo & Acting Sub Inspector Dunne from Nebo to Conway; Resignation of Acting Sub Inspector Charles N Shairp ,1869/435,p.73,15 July 1869,,POL/4; PRV10741/1/1,https://www.archivessearch.qld.gov.au/items/ITM86749
ITM86749,"MURRAY, Geo P. M., Chief Inspector; BALFREY, John Sub Inspector; WHEELER, Edward, Sub Inspector; FREUDENTHAL, Sub Inspector; GOUGH, Acting Sub Inspector; ",Marlborough; Nebo; Bloomsbury; Clermont; Cape River;,,,"Transfers of Sub Inspector Edward Wheeler from Marlborough to Nebo, Sub Inspector Freudenthal from Nebo to Bloomsbury & Acting Sub Inspector Gough from Bloomsbury to Marlborough ",1869/438,p.73,23 July 1869,,POL/4; PRV10741/1/1,https://www.archivessearch.qld.gov.au/items/ITM86749
ITM86749,"FINCH, Hy Zouch, Acting Sub Inspector; NICHOLSON, Henry I.;",Springsure; Yo Yo Creek; ,,,Promotion and transfer of Acting Sub Inspector Finch from Springsure to Yo Yo Creek,1869/456,p.74,5 October 1869,,POL/4; PRV10741/1/1,https://www.archivessearch.qld.gov.au/items/ITM86749
ITM86749,"UHR, R. C. H., Sub Inspector;",,,,"Resignation of Sub Inspector RC Uhr, Native Mounted Police ",1869/466,p.75,13 November 1869,,POL/4; PRV10741/1/1,https://www.archivessearch.qld.gov.au/items/ITM86749
ITM86749,"BEEVOR, A., Sub Inspector; THORNTON, Thos., Sub Inspector",,,,Resignation Sub Inspector A Beevor Western Districts. Promotion Acting Sub Inspector Thos Thornton to be Sub Inspector vice Beevor resigned,1866/214,p.51,4 October 1866,,POL/4; PRV10741/1/1,https://www.archivessearch.qld.gov.au/items/ITM86749
ITM86749,"CARR, Ernest H., Acting Sub Inspector; BLAKENEY, C., Sub Inspector; WHITE, John, Sergeant; ATKINSON, Robert, Constable",,,,Resignation of Sub Inspector Ernest H Carr ,1866/221,p.52,December 1866,,POL/4; PRV10741/1/1,https://www.archivessearch.qld.gov.au/items/ITM86749
ITM86749,"SEYMOUR, E., Sub Inspector; ","Rockhampton,; Barcoo River;",,,Transfer of Sub Inspector E Seymour from Native Mounted Police at Rockhampton to Barcoo River ,1867/271,p.58,8 August 1867,,POL/4; PRV10741/1/1,https://www.archivessearch.qld.gov.au/items/ITM86749
ITM86749,"GILMOUR, James M., Sub Inspector; ",,,,"Promotion of Acting Sub Inspector James M Gilmour to Sub Inspector, Native Mounted Police ",1868/319,p.62,19 March 1868,,POL/4; PRV10741/1/1,https://www.archivessearch.qld.gov.au/items/ITM86749
ITM86749,"CLOHESY, Thos., Sun Inspector;",Maryborough; Cape River;,,,Transfer of Sub Inspector Thomas Clohesy from Maryborough to Cape River,1868/378,p.67,1 October 1868,,POL/4; PRV10741/1/1,https://www.archivessearch.qld.gov.au/items/ITM86749
ITM86749,"PRIDAY, Saml I., Sergeant; ",,,,Resignation of Sam Priday No.178 ,"69/412 & Queensland Police Gazette, Vol 6:33",p.71,1 April 1869,,POL/4; PRV10741/1/1,https://www.archivessearch.qld.gov.au/items/ITM86749
ITM86749,"BLAKENEY, C., Sub Inspector; PRICE, G., Sub Inspector; MURRAY, G., Inspector",Rockhampton,,,Letter from the Commissioner of Police re. directing Native Mounted Police Sub Inspector Blackeney to report himself to Inspector Murray for communication before the Board of Enquiry,1866/210,p.51,25 September 1866,,POL/4; PRV10741/1/1,https://www.archivessearch.qld.gov.au/items/ITM86749
ITM86749,"UHR, Reginald, Sub Inspector; ",Rockhampton; MacKenzie River; MacKenzie Crossing; Canoona Head Station,,,"Memo from the Commissioner of Police re. Sub Inspector Uhr directed to proceed to Rockhampton, then to Mackenzie Crossing - upon arrival take charge of the detachment of Police whose duty is to patrol the road and visit the stations on and about the MacKenzie River to check crime - by white men or natives",1868/334,p.64,5 May 1868,10/02/1905,POL/4; PRV10741/1/1,https://www.archivessearch.qld.gov.au/items/ITM86749
ITM86749,"NUTTING, Charles, Acting Sub Inspector;",,,,Resignation of Acting Sub Inspector Charles Nutting ,1873/562,p.3,September 1873,,POL/4; RV10741/1/1,https://www.archivessearch.qld.gov.au/items/ITM86749
ITM86749,"STAFFORD, Brabazon R., Acting Sub Inspector;",,,,Appointment of Brabazon R Stafford as Acting Sub Inspector ,1874/565a,p.4,18 August 1873,,POL/4; RV10741/1/1,https://www.archivessearch.qld.gov.au/items/ITM86749
ITM86749,"POINGDESTRE, L. I., 2nd Sub Inspector;",,,,Appointment of LJ Poingdestre as Second Class Sub Inspector ,1875/590,p.13,02 June 1875,,POL/4; RV10741/1/1,https://www.archivessearch.qld.gov.au/items/ITM86749
ITM86749,"CHEEKE, Walter F., 2nd class Sub Inspector;",,,,Appointment of Walter F Cheeke as Second Class Sub Inspector ,1876/595,p.19,07 October 1876,,POL/4; RV10741/1/1,https://www.archivessearch.qld.gov.au/items/ITM86749
ITM86749,"NUTTING, J. B., 1st class Inspector;",,,,"Discharge, on pension, of former First-Class Inspector John B Nutting ",1878/608,p.30,08 December 1878,,POL/4; RV10741/1/1,https://www.archivessearch.qld.gov.au/items/ITM86749
ITM86749,"LAMOND, James, 2nd class Sub Inspector; ",,,,Appointment of James Lamond as Second Class Sub Inspector ,1879/608,p.30,1 February 1879,,POL/4; RV10741/1/1,https://www.archivessearch.qld.gov.au/items/ITM86749
ITM86749,"FREUDENTHAL, R., 1st class Sub Inspector; MOORE, John, 2nd class Sub Inspector;",,,,Discharge on pension of First-Class Sub Inspector R Freudenthal and Second Class Sub Inspector John Moore,1879/611,p.32,30 September 1879,,POL/4; RV10741/1/1,https://www.archivessearch.qld.gov.au/items/ITM86749
ITM86749,"THORNTON, Thos., Inspector;",,,,Promotion Sub Inspector Thomas Thornton to Inspector.,1872/543,p.87,01 August 1872,,POL/4; PRV10741/1/1,https://www.archivessearch.qld.gov.au/items/ITM86749
ITM86749,"Inspector CLOHESY, Thomas",Rockhampton,,,"Death of Inspector Thomas Clohesy, 10JAN1879","1879/608
",p.30,01 January 1879,10/01/2023,POL/4; RV10741/1/1,https://www.archivessearch.qld.gov.au/items/ITM86749
ITM86749,"SALMOND, A.H., Imspector;",,,,Resignation of Acting Sub Inspector A. H. Salmond 1JAN1870,1870/473,P.75,01 January 1870,01/01/2023,POL/4; PRV10741/1/1,https://www.archivessearch.qld.gov.au/items/ITM86749
ITM86749,Acting SI NOWLAN; Acting SI FITZGERALD; Acting SI GALBRAITH,Cunnamulla; Yo Yo; Yowah,,,"Transfers of Acting Sub Inspectors Nowlan, Fitzgerald, Gilbraith 10 May 1870",1870/499,p.77,10 May 1870,10/05/2023,POL/4; PRV10741/1/1,https://www.archivessearch.qld.gov.au/items/ITM86749
ITM86749,"SI ARMSTRONG; INative Policeector WHEELER, E",Neebo; Springsure; Barcoo,,,Transfer of Sub Inspectors Armstrong and Wheeler,1870/504,p.79,12 August 1870,,POL/4; PRV10741/1/1,https://www.archivessearch.qld.gov.au/items/ITM86749
ITM86749,"MURRAY, John",,,,"Resignation of Inspector John Murray, 31OCT1870",1870/506 & 1870/512,p.80,31 October 1870,31/10/2023,POL/4; PRV10741/1/1,https://www.archivessearch.qld.gov.au/items/ITM86749
ITM86749,"FINCH, H.Z.; MURRAY, F.J.",Conway; Belyando,,,Transfer of  Sub Inspectors Finch and Murray,1870/507,p.80,25 October 1870,25/10/2023,POL/4; PRV10741/1/1,https://www.archivessearch.qld.gov.au/items/ITM86749
ITM86749,Acting SI NOWLAN; Acting SI DUNNE; Acting SI FITZGERALD,Yo Yo Creek; Springsure; Cunnamulla; Brisbane,,,"Transfers of Sub Inspectors Nowlan, Dunne and Fitzgerald",1870/512,p.80,01 December 1870,01/12/2023,POL/4; PRV10741/1/1,https://www.archivessearch.qld.gov.au/items/ITM86749
ITM86749,"SI ARMSTRONG, Maxwell; Acting SI NOWLAN, G.B.D.",Belyando; Nebo,,,Transfer of Sub Inspectors  Maxwell Armstrong and G. B. D. Nowlan,1871/521,p.83,26 May 1871,26/05/2023,POL/4; PRV10741/1/1,https://www.archivessearch.qld.gov.au/items/ITM86749
ITM86749,"SEYMOUR, D. T., Commissioner;",Brisbane ,,,Memo from the Commissioner of Police re: status of Sub Inspectors ,1871/522,p.83,01 June 1871,,POL/4; PRV10741/1/1,https://www.archivessearch.qld.gov.au/items/ITM86749
ITM86749,"SI WHEELER, Edward",,"
",,Dismissal of Sub Inspector Edward Wheeler,1871/523,p.83,21 June 1871,21/06/2023,POL/4; PRV10741/1/1,https://www.archivessearch.qld.gov.au/items/ITM86749
ITM86749,"Acting Inspector ARMSTRONG, Maxwell",,,,Promotion of Sub Inspector Maxwell Armstrong,1871/523,p.83,23 June 1871,01/07/2023,POL/4; PRV10741/1/1,https://www.archivessearch.qld.gov.au/items/ITM86749
ITM86749,"Acting SI CARR, Ernest",,"
",,Appointment of Ernest Carr to Acting Sub Inspector,1871/525,p.84,01 December 1871,01/12/2023,POL/4; PRV10741/1/1,https://www.archivessearch.qld.gov.au/items/ITM86749
ITM86749,"SI DUNNE, John Mckay",Cunnamulla; Bowen Downs,"

",,Transfer of Sub Inspector John McK Dunne,1872/528,p.85,01 March 1872,01/03/2023,POL/4; PRV10741/1/1,https://www.archivessearch.qld.gov.au/items/ITM86749
ITM86749,"Acting SI ARMIT, William Eddington D.M.",,,,Appointment of William Edington De Margerites Armit to Acting Sub Inspector,1872/537,p.86,05 June 1872,05/06/2023,POL/4; PRV10741/1/1,https://www.archivessearch.qld.gov.au/items/ITM86749
ITM86749,"Acting SI DOUGLAS, Alexander Douglas; Acting SI WILLIAMS, Thomas S.",,,,Appointment of Alex. D. Douglas  and Thomas S. Williams to Acting Sub Inspector,1872/539,p.87,09 June 1872,09/07/2023,POL/4; PRV10741/1/1,https://www.archivessearch.qld.gov.au/items/ITM86749
ITM86749,"BARRON, Thomas Henry Bowman",,,,Re: travelling allowances for Native Police Sub Inspectors on patrol,1872/540,p.87,02 February 1872,01/07/2023,POL/4; PRV10741/1/1,https://www.archivessearch.qld.gov.au/items/ITM86749
ITM86749,"Acting SI SHAIRP, Charles",,,,Appointment of Charles Shairp to Acting Sub Inspector,1872/547,p.88,07 September 1872,07/09/2023,POL/4; PRV10741/1/1,https://www.archivessearch.qld.gov.au/items/ITM86749
ITM86749,"Acting SI SHAIRP, Chas N",,,,Dismissal of Acting Sub Inspector Charles Shairp ,1872/552,p.89,31 October 1872,31/10/2023,POL/4; PRV10741/1/1,https://www.archivessearch.qld.gov.au/items/ITM86749
ITM86749,"Acting SI DUMARESQ, Edward John",,,,Appointment of Edward John Dumaresq to Acting Sub Inspector,1872/552,p.90,22 October 1872,22/10/2023,POL/4; PRV10741/1/1,https://www.archivessearch.qld.gov.au/items/ITM86749
ITM86749,"JOHNSTONE, R.S.; FINCH, Henry. Z.",,,,General Orders issued - promotion of Acting Sub Inspector Robert S Johnstone to Sub Inspector of Police; and the resignation of Sub Inspector Henry Z Finch,"1873/558  
",p.1-2,23 May 1873,,"POL/4; PRV10741/1/1;
",https://www.archivessearch.qld.gov.au/items/ITM86749
ITM86749,"SEYMOUR; Inspector LEWIS(?); Inspector LLOYD; Inspector NUTTING; Inspector MORISSET; Inspector MARLOW; Inspector CLOHESY, S; Inspector ARMSTRONG; Inspector WHEELER; Sub Inspector JAYLY(?); Sub Inspector MURRAY; Sub Inspector TOMPSON(?); Sub Inspector CLOHESY; Sub Inspector WARRELL(?); MATHERS; Sergeant DOYLE",,,,Re: bonuses for Native Police Force,1873/561,p.2,25 July 1873,25/07/2023,POL/4; RV10741/1/1,https://www.archivessearch.qld.gov.au/items/ITM86749
ITM86749,"TOWNER, Lionel",,,,Appointment of Lionel Towner to Acting Sub Inspector,1873/563,p.3,01 September 1873,01/09/2023,POL/4; RV10741/1/1,https://www.archivessearch.qld.gov.au/items/ITM86749
ITM86749,"Acting Sub Inspector NUTTING, W.B.; Acting Sub Inspector MACNEILL, Reginald",,"
",,Appointment of W. B. Nutting and Reginald McNeill to Acting Sub Inspector,1873/564,p.4,01 December 1873,01/12/2023,POL/4; RV10741/1/1,https://www.archivessearch.qld.gov.au/items/ITM86749
ITM86749,Sub Inspector GILMOUR,,,,Death of Sub Inspector James Merry Gilmour,1874/568 and 1874/573,"p.7,9",10 June 1874,10/06/2023,POL/4; RV10741/1/1,https://www.archivessearch.qld.gov.au/items/ITM86749
ITM86749,"Sub Inspector NUTTING, W.B.",,,,Resignation of Sub Inspector W. B. Nutting,1874/568,p.7,17 June 1874,17/06/2023,POL/4; RV10741/1/1,https://www.archivessearch.qld.gov.au/items/ITM86749
ITM86749,"SEYMOUR, D. T., Commissioner",,,,Edict regarding leave of absence,1874/570,p.7,14 July 1874,14/07/2023,POL/4; RV10741/1/1,https://www.archivessearch.qld.gov.au/items/ITM86749
ITM86749,Inspector LEWIS; INative Policeector CLOHESY; Inspector COWARD; SI DYAS; SEYMOUR,Cooktown; Palmerville,,,re: responsibilities of Inspector Lewis in Palmerville. ,1874/572,p.7-8,04 August 1874,04/08/2023,POL/4; RV10741/1/1,https://www.archivessearch.qld.gov.au/items/ITM86749
ITM86749,"SI TOWNSEND, E.J.",,,,Appointment of E. J. Townsend as Sub Inspector,1874/574,p.9,21 July 1874,21/07/2023,POL/4; RV10741/1/1,https://www.archivessearch.qld.gov.au/items/ITM86749
ITM86749,Inspector COWARD; Inspector CLOHESY; Constable O’Heher(?); SI TOWNSEND; Inspector DOUGLAS; BARRON,Palmer River Gold Fields; Palmer; Cooke; Puckley Creek,"
",,Re: Inspector Clohesy as Sub Gold Commissioner on the Palmer River Gold Fields,1874/577,p.10,18 November 1874,18/11/2023,POL/4; RV10741/1/1,https://www.archivessearch.qld.gov.au/items/ITM86749
ITM86749,"Inspector WHEELER, Frederick",,,,Resignation of Inspector Frederick Wheeler,1874/581,p.11,31 December 1874,31/12/2023,POL/4; RV10741/1/1,https://www.archivessearch.qld.gov.au/items/ITM86749
ITM86749,"O'CONNOR, Stanhope, 2nd Sub Inspector",,,,Appointment of Stanhope O’Connor as Second Class Sub Inspector ,1875/581,p.11,01 January 1875,,POL/4; RV10741/1/1,https://www.archivessearch.qld.gov.au/items/ITM86749
ITM86749,"SI DYAS, G.",Clermont; Mackay,,,Transfer of Sub Inspector G. Dyas,1875/582,p.12,01 April 1875,01/04/2023,POL/4; RV10741/1/1,https://www.archivessearch.qld.gov.au/items/ITM86749
ITM86749,"SI WILLIAMS, Thomas S.",,,,Dismissal of Sub Inspector Thomas S. Williams,"1875/584
",p.12,07 April 1875,07/04/2023,"ITM86749, POL/4; RV10741/1/1 

QSA item 564605,
A/40194; SRS1108/2/1709",https://www.archivessearch.qld.gov.au/items/ITM86749
ITM86749,"SI DUMARESQ, Edward J.",,,,Discharge of Sub Inspector Edward J Dumaresq ,1875/584,p.12,31 January 1875,31/01/2023,POL/4; RV10741/1/1,https://www.archivessearch.qld.gov.au/items/ITM86749
ITM86749,"SI FINCH, Henry Zouch",,,,Death of Sub Inspector Henry Zouch Finch,"1875/590 


& ITM2802678, 1301 ",p.14,11 July 1875,11/07/2023,POL/4; RV10741/1/1,https://www.archivessearch.qld.gov.au/items/ITM86749
ITM86749,"SI WHEELER, Frederick",,,,Appointment of Frederick Wheeler to 2nd Sub Inspector,1875/592,p.15,15 October 1875,15/10/2023,POL/4; RV10741/1/1,https://www.archivessearch.qld.gov.au/items/ITM86749
ITM86749,"SI SALMOND, A.H.",,,,Resignation of 2nd class Sub Inspcetor A. H. Salmond,1876/593,p.16,18 January 1876,18/01/2023,POL/4; RV10741/1/1,https://www.archivessearch.qld.gov.au/items/ITM86749
ITM86749,"SI WHEELER, Frederick",,,,Dismissal of 2nd class Sub Inspector Frederick Wheeler,1876/594,p.17,01 April 1876,01/04/2023,POL/4; RV10741/1/1,https://www.archivessearch.qld.gov.au/items/ITM86749
ITM86749,"SI NOWLAN, Denis B.; SI ARMIT, William Eddington D.M.; SI JUDGE, Thomas",,,,"Promotion of G.D.B. Nowloan, W.E.D.M. Armit, A.D. Douglas and Thomas Judge to 1st class Sub Inspector",1876/594,p.17,23 March 1876,23/03/2023,POL/4; RV10741/1/1,https://www.archivessearch.qld.gov.au/items/ITM86749
ITM86749,"SI SMART, Alfred",,,,Resignation of 2nd class Sub Inspector Alfred Smart,1877/598,p.21,28 February 1877,28/02/2023,POL/4; RV10741/1/1,https://www.archivessearch.qld.gov.au/items/ITM86749
ITM86749,"DYAS, George, 1st class Sub Inspector; AHERN, John, 2 class Sub Inspector",,"
",,Promotion of George Dyas and John Ahern,1877/599,p.22,13 July 1877,14/07/2023,POL/4; RV10741/1/1,https://www.archivessearch.qld.gov.au/items/ITM86749
ITM86749,"SI DUNNE, John Mckay",,,,Death of 1st class Sub Inspector John McKay Dunne,"1877/602 


ITM2803399, 2024",p.24,20 November 1877,20/11/2023,"POL/4; RV10741/1/1 & 

ITM2803399, 2024, SCT/P58; SRS4486/3/58; 741861",https://www.archivessearch.qld.gov.au/items/ITM86749
ITM86749,"SI LITTLE, R.R.; SI TOWNSEND, G.R.",Palmer; Barron River; Georgetown,,,Transfer of Sub Inspectors R. K. Little and G. R. Townsend,1878/608,p.28,Date 1878,,POL/4; RV10741/1/1,https://www.archivessearch.qld.gov.au/items/ITM86749
ITM86749,"SI MACNEILL, Reginald",,,,Resignation of 2nd lcass Sub Inspector Reginald Macneill,1879/611,p.32,31 May 1879,31/05/2023,POL/4; RV10741/1/1,https://www.archivessearch.qld.gov.au/items/ITM86749
ITM86749,"SI MURRAY, F.; SI WHEELER, Edward",Conway; Clermont,,,,1870/501,p.78,03 June 1870,03/06/2023,POL/4; PRV10741/1/1,
ITM86749,"Acting SI SCOTT, Hamilton",,,,,"1870/504 & 


Queensland Police Gazette, 1870:78
",p.79,01 September 1870,01/09/2023,"POL/4; PRV10741/1/1

Queensland Police Gazette, 1870:78;",
ITM86749,Acting Inspector COWARD; Inspector LEWIS; SEYMOUR,Cooktown; Cook; Palmer,"
",,Re: appointment of SI Coward as Acting Inspector,1874/573,p.8,04 August 1874,04/08/2023,POL/4; RV10741/1/1,
ITM867875,"TOBY;  JEREMIAH; LITTLE, Robert; REAL, Patrick; CUNNINGHAM, John; COCKLE, Sir James; STOCKWELL, James",Maryborough; Frasers Island,,Contains details regarding Murder,Sentencing of Toby for murder.,1,All,15 July 1875,01/04/2020,CCT3B/N2; SRS5521/1/2,
ITM867875,"NELLY; LIZZY;  INDANE, William; BLIGH PELL, John; JOSEPH, Henry; CRAIG, Robert; O’LEARY; LEFZY(?), Bill; Messr EELISSUS; GILES, Billy (William); ROWE, George; DARYS(?); Senior Constable CAHILL, Malachy; Dr BENSON, John Robinson; PORTER; CRAIG, Emily",Gympie; Maryborough; Mount Coora,,Contains details regarding Murder,Trial of William Indane upon the suspicion of the murder of Nelly.,,All,21 October 1875,,"CCT3B/N2; SRS5521/1/2 
",
ITM867894,"ALBERT; JENNY; LITTLE, Robert; WATSON, Absalom(?); Sergeant SHEA, Bartholomew; DAWSON, James; Dr POWER, John Joseph; PENDERGAST; TRAVIS",Maryborough; Brisbane,,Contains details regarding Murder,Committal at Maryborough of Albert for the murder of Jenny.,No 3,All,02 March 1877,,CCT3B/N21; SRS5521/2/18,
ITM87287,SI DOUGLAS; Inspector ISLEY,Baan Bero; Cairns,"

",Conatins details regarding kidnapping,,1878/10,p.18,21 January 1878,21/01/2023,POL12M/G1; PRV10800/1/1,
ITM87287,Inspector ISLEY; Constable McDermott,Barron River; Cairns; Hodgkinson,"
",,re: application for duty in the 1st station  on the Hodgkinson,1878/11,p.18,25 January 1878,25/01/2023,POL12M/G1; PRV10800/1/1,
ITM87287,SI TOWNSEND; Inspector ISLEY,Baan Bero; Cairns,,,Re: purchase of medicine for troopers,1878/129,p.88,10 September 1878,21/08/2023,POL12M/G1; PRV10800/1/1,
ITM87287,"NORRIS (?), Constable.",,,,Re: injury of Constable Norris(?),1878/13,"p.19
",19 February 1878,,POL12M/G1; PRV10800/1/1,
ITM87287,"ROBINSON, Solomon; BROWNE, Henry; McCart(?) James; PICKERING",Daintree River; Cairns,"
",,Re: protection from Indigenous Australians in the area,1878/131,p.88,01 September 1878,01/09/2023,POL12M/G1; PRV10800/1/1,
ITM87287,"TOBY; SUNDAY; 
SI TOWNSEND, G.R.; inspector DOUGLAS",Baan Bero; Cairns,,,Re: desertion of Native Police Troopers Toby and Sunday,1878/137,p.90,21 August 1878,21/08/2023,POL12M/G1; PRV10800/1/1,
ITM87287,"SI TOWNSEND, G.R.; TAUKRY(?)",Baan Bero; Cairns; Daintree River,,,Re: damage to boat while on patrol and death of a trooper,1878/138 & 1878/140,"p.90, 91",21 August 1878,17/08/2023,POL12M/G1; PRV10800/1/1,
ITM87287,"DELANEY, I.F; DILLON, Snr Const.; MONDAY (Aboriginal boy); PHELAN, M.",Cairns; Barron River; Smithfield;,,,Letter from Constable Delaney at Cairns to Inspector Isley at Cairns ,1878/143,p.93 LHS,06 September 1878,3 September 1878,POL12M/G1; PRV10800/1/1,
ITM87287,"DILLON, Snr Const.; PHELAN, Michael; CLIFFORD, Const. ",Cairns; Barron River;,,,Letter from Senior Constable Dillon at Cairns to Inspector Isley at Cairns ,1878/144,p.93 RHS,06 September 1878,3 September 1878,POL12M/G1; PRV10800/1/1,
ITM87287,"Fitzgerald, Sub. Insp; ROMOLY[?]; LITTLE, R. Kyle, Sub Insp, Native Mounted Police",Cairns; Cooktown; Palmerville Native Mounted Police Camp; Maytown; ,,,Letter from Sub Inspector RK Little at Cairns to the Commissioner of Police ,1878/145,p.94,24 September 1878,,POL12M/G1; PRV10800/1/1,
ITM87287,"ARMSTRONG, Senior Serg; CROWE, Const; BOBBY (Aboriginal); SHRIM[?], Warden; PATTERSON; [?]BYERS LITTLE BROS; DOUGLAS, Sub Insp.;",Thronborough; Walsh River; ?? River;,,,Letter from Sergeant Armstrong at Thornborough to Inspector Isley at Cairns ,1878/148,p.95,24 September 1878,,POL12M/G1; PRV10800/1/1,
ITM87287,"CONNOR (Aboriginal man); JIMMY (Aboriginal man); DOUGLAS, Alex D., Sub Insp;",Ban Biro,,,Letter from Sub Inspector Douglas at Baan Bero to Inspector Isley at Cairns ,1878/151,p.103,29 September 1878,,POL12M/G1; PRV10800/1/1,
ITM87287,"SEYMOUR, D; Port Douglas Progress Committee; DOUGLAS; ISLEY, Insp.;",Port Douglas;,,,Petition from Port Douglas Progress Association to the Commissioner of Police ,1878/156,p.108,19 September 1878,,POL12M/G1; PRV10800/1/1,
ITM87287,"DOUGLAS, Alex D.",Barron River,,,Letter from Sub Inspector Douglas at Barron River to Inspector Isley at Cairns ,1878/26,p.25,22 February 1878,,POL12M/G1; PRV10800/1/1,
ITM87287,"RILEY, Const.; LACEY (mail contractor); CONNOR (Aboriginal man, trooper); IVANHOE (horse); DOUGLAS, Alex D.;",Barron River; Cairns,,,Letter from Sub Inspector Douglas at Cairns to Constable Riley at Barron River Native Police camp ,1878/34,p.28,28 February 1878,,POL12M/G1; PRV10800/1/1,
ITM87287,"DOUGLAS, Alex D.; ISLEY, Insp.;",Cairns;,,,Letter from Sub Inspector Douglas at Cairns to Inspector Isley at Cairns ,1878/35,p.28-29,01 March 1878,,POL12M/G1; PRV10800/1/1,
ITM87287,"MCDONALD, Trooper; ISLEY, Insp.; TOWNSEND, G.R., Sub Insp",Barron River; Cairns; Bowen;,,,Letter from Sub Inspector GR Townsend at Barron River to Inspector Isley ,1878/39,p.32,05 March 1878,4 March 1878,POL12M/G1; PRV10800/1/1,
ITM87287,"ISLEY, Insp; NORRIS, James H., Const; COPP, Lewis; BOHMAN, Charles; KOCHE",Smithfield Station; Cairns; ,,,Letter from Constable Norris at Smithfield to Inspector Isley at Cairns ,1878/43,p.34,17 February 1878,,POL12M/G1; PRV10800/1/1,
ITM87287,"ISLEY, Insp.; MACDONALD, Tommy (Aboriginal man); JIMMY (Aboriginal man); BROWN, John (Aboriginal man); BOBBY (Aboriginal man); TOWNSEND, Sub Insp; MORRISSET, Insp.; DOUGLAS, Alex D. Sub Insp",Cairns; Baan Bero;  Bloomsbury;,,,Letter from Sub Inspector Douglas at Baan Bero camp to Inspector Isley at Cairns ,1878/44,p.34,10 March 1878,,POL12M/G1; PRV10800/1/1,
ITM87287,"DOUGLAS, Alex D. Sub Insp; ISLEY, Insp.; CONNORS, Lieut.; MCCARTHY;",Cairns; Baan Bero; Bowen; Daintree River; ,,,Letter from Sub Inspector Douglas at Baan Bero camp to Inspector Isley at Cairns ,1878/45,p.35,19 February 1878,,POL12M/G1; PRV10800/1/1,
ITM87287,"DOUGLAS, Alex D. Sub Insp; ISLEY, Insp.; MCDONALD, Tommy (Aboriginal man)",Cairns; Baan Bero; Bloomsbury;,,,Letter from Sub Inspector Douglas at Baan Bero to Inspector at Cairns ,1878/49,p.38,10 March 1878,,POL12M/G1; PRV10800/1/1,
ITM87287,"DOUGLAS, Alex D. Sub Insp; MCDERMOTT, M.C. Const;  ISLEY, Insp.; ",Barron River; ,,,Letter from Constable McDermott at Barron River Native Police Camp to Sub Inspector Douglas ,1878/5,p.16,12 January 1878,,POL12M/G1; PRV10800/1/1,
ITM87287,"DOUGLAS, Alex D. Sub Insp;  ISLEY, Insp.;",Cairns; Baan Bero; ,,,Letter from Sub Inspector Douglas at Baan Bero camp to Inspector Isley at Cairns ,1878/57,p.43,01 April 1878,,POL12M/G1; PRV10800/1/1,
ITM87287,"MOWBRAY, Warden; ",Thornborough;,,,Letter from Warden Mowbray at Thornborough to the Commissioner of Police ,1878/6,p.16,14 January 1878,,POL12M/G1; PRV10800/1/1,
ITM87287,"DOUGLAS, Alex D. Sub Insp;  ISLEY, Insp.; TOWNSEND, Sub Insp; ",Cairns; Baan Bero; ,,,Letter from Sub Inspector Douglas at Baan Bero camp to Inspector Isley at Cairns ,1878/60,p.44,03 April 1878,,POL12M/G1; PRV10800/1/1,
ITM87287,"ARMSTRONG, Senior Serg.; TOWNSEND, Sub Insp; DALGLISH, Const.;",Cairns; Port Douglas; ,,,Letter from Sergeant Armstrong at Cairns to Inspector Isley? ,1878/64,p.47,09 April 1878,,POL12M/G1; PRV10800/1/1,
ITM87287,"JOHNNY, Trooper (Aboriginal man); MYERS, Edward",Cairns; Brisbane,,,Letter from Dr Edward Myers at Cairns to Inspector Isley at Cairns ,1878/65,p.48,16 April 1878,,POL12M/G1; PRV10800/1/1,
ITM87287,"TOWNSEND, G.R., Sub Insp; DOUGLAS, Alex D.; MYERS, Dr",Barron River; Cairns; Baan Bero;,,,Letter from Sub Inspector GR Townsend at Barron River to Inspector Isley at Cairns ,1878/87,p.59,31 May 1878,,POL12M/G1; PRV10800/1/1,
ITM87287,"DILLON, Michael Senior Const; CROWE, Const; PALMERSTON, Christy; MOFFAT; JACKSON; LEWIS, Bob; ",Cairns; Thronborough; Port Douglas; Rifle Creek; Cooktown and Palmer Roads; ,,,Letter from Senior Constable Michael Dillon at Cairns to Inspector Isley at Cairns ,1878/89,p.60,19 June 1878,,POL12M/G1; PRV10800/1/1,
ITM87287,"ISLEY, Insp; CLOHESY, Insp; TOWNSEND, Sub Inspector; DOUGLAS, Alex D. Sub Insp; WILLY & GIN (Aboriginal); DICK (Aboriginal);",Cairns; Baan Bero;,,,Letter from Sub Inspector Douglas at Baan Bero camp to Inspector Isley at Cairns ,1878/9,p.17,21 January 1878,,POL12M/G1; PRV10800/1/1,
ITM87287,"PICKERING, Serg; HAMM[?], Const; GILLIGAN, Const; THOMPSON; ",Port Douglas; Schooner Telegraph; Commercial Hotel; Landers Hotel;,,,Letter from Sergeant Walter Pickering at Port Douglas to Inspector Isley? at Cairns ,1878/98,p.65,01 July 1878,,POL12M/G1; PRV10800/1/1,
ITM87288,,,,,Letter from Inspector Isley at Cairns to the Commissioner of Police ,1878/100,p.18,13 April 1878,,POL12M/G2; PRV10800/1/2,
ITM87288,"ISLEY, Inspector; DOUGLAS",Barron River ,,,Letter from Inspector Isley at Cairns to Sub Inspector Douglas at Barron River re payment for salaries for your detachment of Native Mounted Police for month of April,1878/108,p.21,04 May 1878,,POL12M/G2; PRV10800/1/2,
ITM87288,"ISLEY, Inspector",,,,Letter from Inspector Isley at Cairns to Sub Inspector Douglas at Barron River ,1878/111,p.22,09 May 1878,,POL12M/G2; PRV10800/1/2,
ITM87288,"ISLEY, Inspector",,,,Letter from Inspector Isley at Cairns to the Commissioner of Police ,1878/112,p.23,10 May 1878,,POL12M/G1; PRV10800/1/1,
ITM87288,"ISLEY, Inspector",,,,Letter from Inspector Isley at Cairns to Commissioner re. inadequacy of current horses for Gold Escort,1878/141,p.30-31,22 June 1878,,POL12M/G2; PRV10800/1/2,
ITM87288,,,,,Letter from Inspector Isley at Cairns to Chief Inspector of Brands re. resignation as Inspector of Brands,1878/188,p.43,21 September 1878,,POL12M/G2; PRV10800/1/2,
ITM87288,,,,,Letter from Sub Inspector Stuart at Cairns to the Commissioner of Police who has taken charge of the District from Inspector Isley.,1878/235,p.59-60,16 November 1878,,POL12M/G2; PRV10800/1/2,
ITM87288,,,,,Letter from Sub Inspector Stuart at Port Douglas to Senior Sergeant Armstrong at Thornborough ,1878/240,p.62,28 November 1878,,POL12M/G1; PRV10800/1/1,
ITM87288,,,,,Letter from Sub Inspector Stuart at Port Douglas to Sub Inspector Douglas at Baan Bero ,1878/253,p.66,21 December 1878,,POL12M/G2; PRV10800/1/2,
ITM87288,,,,,Letter from Sub Inspector Stuart at Port Douglas to Commissioner re. request to immediately commence the builidng of new Head Quarters for the police in Port Douglas,1878/258,p.67,24 December 1878,,POL12M/G2; PRV10800/1/2,
ITM87288,,,,,Letter from Sub Inspector Stuart at Port Douglas to Commissioner relating to an accident of the Gold Escort Van,1878/264,p.69,31 December 1878,,POL12M/G2; PRV10800/1/2,
ITM87288,,,,,Letter from Inspector Isley at Cairns to Sub Inspector Douglas at Barron River ,1878/96,P.17,13 April 1878,,POL12M/G2; PRV10800/1/2,
ITM87288,,,,,"Letter from Inspector Stuart at Port Douglas to R Frendenthal, Georgetown",1879/101,p.99,05 April 1879,,POL12M/G1; PRV10800/1/1,
ITM87288,,,,,Letter from Inspector Stuart at Port Douglas to the Commissioner of Police ,1879/121,p.105,28 April 1879,,POL12M/G2; PRV10800/1/2,
ITM87288,,,,,Letter from Inspector Stuart at Port Douglas to Sub Inspector Little at Baan Bero ,1879/124,p.106,07 May 1879,,POL12M/G2; PRV10800/1/2,
ITM87288,,,,,Letter from Inspector Stuart at Port Douglas to the Commissioner of Police recommending to not move the Gold escort horses and van to the Native Police Camp,1879/157,p.112,30 May 1879,,POL12M/G2; PRV10800/1/2,
ITM87288,,,,,Letter from Inspector Stuart at Port Douglas to Sub Inspector Carr at Barron River requesting advice about best position for a Central Native Police Camp in the District,1879/164,p.1,06 June 1879,,POL12M/G1; PRV10800/1/1,
ITM87288,,,,,Letter from Sub Inspector Stuart at Port Douglas to the Commissioner of Police re. horses and expenses ,1879/18,p.75,05 February 1879,,POL12M/G2; PRV10800/1/2,
ITM87288,,,,,Letter from Inspector Stuart at Port Douglas to the Commissioner of Police re. request to improve housing arrangements,1879/180,p.3,20 June 1879,,POL12M/G2; PRV10800/1/2,
ITM87288,,,,,Letter from Inspector Stuart to Sergeant Bean re. payment of accounts,1879/19,p.75,24 January 1879,,POL12M/G2; PRV10800/1/2,
ITM87288,,,,,Letter from Inspector Stuart at Port Douglas to the Commissioner of Police ,1879/190,p.5,02 July 1879,,POL12M/G1; PRV10800/1/1,
ITM87288,,,,,Letter from Inspector Stuart at Port Douglas to Sub Inspector Carr at Barron River ,1879/194,p.6,05 July 1879,,POL12M/G2; PRV10800/1/2,
ITM87288,,,,,Letter from Sub Inspector Stuart at Port Douglas to the Commissioner of Police re. supporting Sub Inspector Little's application due to his having a family,1879/2,p.71,10 January 1879,,POL12M/G2; PRV10800/1/2,
ITM87288,,,,,Letter from Inspector Stuart at Port Douglas to the Commissioner of Police re. requirements of supplies for new Native Police Camp at Mowbray,1879/208,p.10,30 July 1879,,POL12M/G2; PRV10800/1/2,
ITM87288,,,,,Letter from James Lipscombe to Minister for Lands ,1879/225,p.15,30 August 1879,,POL12M/G1; PRV10800/1/1,
ITM87288,,,,,Letter from Inspector Stuart at Port Douglas to the Commissioner of Police re. establishment of Police Paddock,1879/226,p.15,30 August 1879,,POL12M/G2; PRV10800/1/2,
ITM87288,,,,,Letter from Inspector Stuart at Port Douglas to Inspector Isley at Cooktown re. transfer of Sub Inspector Marratt to Cook District ,1879/260,p.25,13 October 1879,,POL12M/G2; PRV10800/1/2,
ITM87288,,,,,Letter from Inspector Stuart at Port Douglas to Sub Inspector Nowlan at Mowbray River re. transfer of Sub Inspector Marratt to Cook District ,1879/261,p.25,14 October 1879,,POL12M/G2; PRV10800/1/2,
ITM87288,,,,,Letter from Inspector Stuart at Port Douglas to Sub Inspector Marrett at Port Douglas re. his transfer to the Cook District under Inspector Isley,1879/262,p.25,14 October 1879,,POL12M/G1; PRV10800/1/1,
ITM87288,,,,,Letter from Inspector Stuart at Port Douglas to Sub Inspector Carr at Barron River re. Marratt to relieve Carr from Patrol Duty until Carr can report himself fit for duty,1879/267,p.27,25 October 1879,,POL12M/G2; PRV10800/1/2,
ITM87288,,,,,Letter from Inspector Stuart at Port Douglas to Sub Inspector Nowlan at Mowbray River re. Camp set up,1879/268,p.27,29 October 1879,,POL12M/G2; PRV10800/1/2,
ITM87288,,,,,"Letter from Inspector Stuart at Port Douglas to Sub Inspector Carr at Barron River with a ""please explain"" re a supposed connection to the Cairns Progress Association",1879/278,p.30  ,31 October 1879,,POL12M/G2; PRV10800/1/2,
ITM87288,,,,,Letter from Inspector Stuart at Port Douglas to the Commissioner of Police re. dismissal of Trooper Harry due to disease,1879/279,p.30,01 November 1879,,POL12M/G1; PRV10800/1/1,
ITM87288,,,,,Letter from Inspector Stuart at Port Douglas to Sub Inspector Dyas at Mowbray River ,1879/280,p.30,01 November 1879,,POL12M/G2; PRV10800/1/2,
ITM87288,,,,,Letter from Inspector Stuart at Port Douglas to the Commissioner of Police reporting that Office has burnt down,1879/283,p.31,15 November 1879,,POL12M/G2; PRV10800/1/2,
ITM87288,,,,,Letter from Inspector Stuart at Port Douglas to the Commissioner of Police ,1879/29,p.80,08 February 1879,,POL12M/G2; PRV10800/1/2,
ITM87288,,,,,Letter from Inspector Stuart at Port Douglas to Sub Inspector Marrett at Port Douglas ,1879/294,p.35,06 December 1879,,POL12M/G1; PRV10800/1/1,
ITM87288,,,,,"Letter from Inspector Stuart at Port Douglas to Sub Inspector Carr at Barron River re. still no response received re. a ""please explain"" re a supposed connection to the Cairns Progress Association",1879/298,p.36,24 December 1879,,POL12M/G2; PRV10800/1/2,
ITM87288,,,,,Letter from Inspector Stuart at Port Douglas to Sub Inspector Carr at Mowbray River ,1879/300,p.36,24 December 1879,,POL12M/G2; PRV10800/1/2,
ITM87288,,,,,"Letter from Inspector Stuart at Port Douglas to the Commissioner of Police re. Native Police Sub Inspector Nowlan has reported himself unfit for duty, and is considered physically unfit for this District.",1879/308,p.38,27 December 1879,,POL12M/G2; PRV10800/1/2,
ITM87288,,,,,Letter from Inspector Stuart at Port Douglas to the Commissioner of Police ,1879/41,p.83,12 February 1879,,POL12M/G1; PRV10800/1/1,
ITM87288,,,,,Letter from Inspector Stuart at Port Douglas to Sub Inspector Little at Baan Bero camp ,1879/44,p.84,25 February 1879,,POL12M/G2; PRV10800/1/2,
ITM87288,,,,,Letter from Inspector Stuart at Port Douglas to Officer in Command of Police at Rockhampton re. Trooper Neddy supposed to have gone by Steamer with Sub Inspector Douglas but by some mistake was left behind,1879/52,p.85,29 February 1879,,POL12M/G2; PRV10800/1/2,
ITM87288,,,,,Letter from Inspector Stuart at Port Douglas to Sub Inspector Carr at Baan Bero re. his promotion,1879/56,p.86,27 February 1879,,POL12M/G2; PRV10800/1/2,
ITM87288,,,,,Letter from Inspector Stuart at Port Douglas to Commissioner ,1879/57,p.86,28 February 1879,,POL12M/G1; PRV10800/1/1,
ITM87288,,,,,Letter from Sub Inspector Stuart at Port Douglas to the Commissioner of Police ,1879/6,p.72,13 January 1879,,POL12M/G2; PRV10800/1/2,
ITM87288,,,,,Letter from Inspector Stuart at Port Douglas to Sub Inspector Carr at Baan Bero ,1879/74,p.91,11 March 1879,,POL12M/G2; PRV10800/1/2,
ITM87288,,,,,Letter from Inspector Stuart at Port Douglas to Sub Inspector Carr at Baan Bero re. outstanding debt of Sub Inspector Little,1879/75,p.91,11 March 1879,,POL12M/G2; PRV10800/1/2,
ITM87288,"ISLEY; JOHNNY (Native Police Trooper - Aboriginal); MYERS, Dr",Cairns; Brisbane;,,,Letter from Inspector Isley at Cairns to the Commissioner of Police for Native Police Trooper to be given medical care in Brisbane due to ill health,1878/101,p.19,16 April 1878,,POL12M/G1; PRV10800/1/1,
ITM87288,ISLEY,Cairns; Port Douglas,,,Letter from Inspector Isley at Cairns to Port Douglas Progress Assoc. ,1878/119,p.24,20 May 1878,,POL12M/G2; PRV10800/1/2,
ITM87288,TOWNSEND; ARMSTRONG; DALGLISH,Cairns,,,Letter from Inspector Isley at Cairns to Sub Inspector Douglas at Baan Bero re. actions of Armstrong and Dalglish,1878/125,p.26,10 June 1878,,POL12M/G2; PRV10800/1/2,
ITM87288,DALGLISH,Cairns,,,Letter from Inspector Isley at Cairns to the Commissioner of Police ,1878/160,p.36,24 June 1878,,POL12M/G2; PRV10800/1/2,
ITM87288,ISLEY,Cairns; Port Douglas & Thornborough Road,,,Letter from Inspector Isley at Cairns to Port Douglas Progress Assoc. ,1878/195,p.46,25 September 1878,,POL12M/G1; PRV10800/1/1,
ITM87288,ISLEY,Cairns; Port Douglas  ,,,Letter from Inspector Isley at Cairns to the Commissioner of Police ,1878/197,p.47,28 September 1878,,POL12M/G2; PRV10800/1/2,
ITM87288,ISLEY; LITTLE; DOUGLAS;,Cairns ,,,Letter from Inspector Isley to Sub Inspector Douglas at Barron River ,1878/213,p.52,28 October 1878,,POL12M/G2; PRV10800/1/2,
ITM87288,ISLEY; DOUGLAS; TOWNSEND; LITTLE,Cairns; Port Douglas  ,,,Letter from Inspector Isley at Cairns to the Commissioner of Police ,1878/214,p.52,28 October 1878,,POL12M/G2; PRV10800/1/2,
ITM87288,ISLEY; DOUGLAS; ARMSTRONG; CRUZE; DALGLISH; RAVEN; CANVELLS?; DEVINE;,Cairns; Port Douglas  ,,,Letter from Inspector Isley at Cairns to the Commissioner of Police responding to various charges of poor conduct,1878/225,p.55-56,01 November 1878,,POL12M/G1; PRV10800/1/1,
ITM87288,PICKERING; DOUGLAS; LITTLE; STUART; ,Port Douglas; Daintree; Banen?; Cairns,,,Letter from Sub Inspector Stuart at Port Douglas to Commissioner ,1878/237,p.61,27 November 1878,,POL12M/G2; PRV10800/1/2,
ITM87288,STUART,Thornborough; Stuart Town,,,Letter from Sub Inspector Stuart at Port Douglas to Commissioner ,1878/252,p.65-66,21 December 1878,,POL12M/G2; PRV10800/1/2,
ITM87288,"ISLEY: DOUGLAS: SUNDAY (Aboriginal Trooper); MAGGIE (female Aboriginal); DICK (Aboriginal boy); HENRY (Aboriginal Trooper); MCCORMACK, James; TOWNSEND",Cairns,,,Letter from Inspector Isley at Cairns to Sub Inspector Douglas at Barron River ,1878/89,p.14,07 April 1878,,POL12M/G2; PRV10800/1/2,
ITM87288,"ISLEY; KELLY, P; PICKERING; RUTHERFORD; ",Cairns; Brisbane,,,Letter from Inspector Isley at Cairns to Police Commissioner RE. dismissal of Constable Kelly for continual drunkenness,1878/95,P.16,13 April 1878,,POL12M/G1; PRV10800/1/1,
ITM87288,LITTLE; DOUGLAS; STUART,Port Douglas; ,,,Letter from Sub Inspector Stuart at Port Douglas to Sub Inspector Douglas at Baan Bero ,1879/11,p.73,22 January 1879,,POL12M/G2; PRV10800/1/2,
ITM87288,STUART; CARR; ,"Port Douglas; Smithfield; Cairns, The Barron",,,Letter from Inspector Stuart at Port Douglas to Sub Inspector Carr at Baan Bero ,1879/148,p.110,24 May 1879,,POL12M/G2; PRV10800/1/2,
ITM87288,LITTLE; CARR; STUART; ,Port Douglas; Rifle Creek [head of the Mowbray and the Mossman Rivers]; Mossman River; Barron River; ,,,Letter from Inspector Stuart at Port Douglas to the Commissioner of Police ,1879/163,"p.114 [57635]
and
p.1 [DR57636]",06 June 1879,,POL12M/G2; PRV10800/1/2,
ITM87288,STUART; CARR; ,Stuartown; Thornborough; ,,,Letter from Inspector Stuart at Port Douglas to Sub Inspector Carr at Barron River ,1879/167,p.2,17 June 1879,,POL12M/G1; PRV10800/1/1,
ITM87288,LITTLE; STUART;,Port Douglas; Barron River; ,,,Letter from Inspector Stuart to Sub Inspector Little at Barron River ,1879/185,p.4,28 June 1879,,POL12M/G2; PRV10800/1/2,
ITM87288,LITTLE; STUART; CARR; NOLAN,Port Douglas; Barron River; ,,,Letter from Inspector Stuart at Port Douglas to Sub Inspector Carr at Barron River re. dismissal of Sub Inspector Little,1879/186,p.4,28 June 1879,,POL12M/G2; PRV10800/1/2,
ITM87288,LITTLE; STUART; CARR,Port Douglas; Barron River; Mossman,,,Letter from Inspector Stuart to Sub Inspector Carr at Barron River ,1879/188,p.5,28 June 1879,,POL12M/G2; PRV10800/1/2,
ITM87288,CARR; NOWLAN; STUART;,Port Douglas; Mowbray River; Mossman River;,,,Letter from Inspector Stuart to Sub Inspector Nowlan ,1879/195,p.7,05 July 1879,,POL12M/G1; PRV10800/1/1,
ITM87288,STUART; NOWLAN,Port Douglas; Mowbray River; Kirknee; Bloomsburg; ,,,Letter from Inspector Stuart at Port Douglas to the Commissioner of Police ,1879/204,p.9,29 July 1879,,POL12M/G2; PRV10800/1/2,
ITM87288,STUART; NOWLAN;,Port Douglas; Mowbray River,,,Letter from Inspector Stuart at Port Douglas to Sub Inspector Nowlan at Mowbray River ,1879/216,p.11,16 August 1879,,POL12M/G2; PRV10800/1/2,
ITM87288,STUART; NOWLAN; CARR; JONES; ,Port Douglas; Mowbray River; Barron River; Mossman River;,,,Letter from Inspector Stuart at Port Douglas to the Commissioner of Police ,1879/217,p.12,16 August 1879,,POL12M/G2; PRV10800/1/2,
ITM87288,CARR; STUART;,Port Douglas; Mulgrave River; Barron River;,,,Letter from Inspector Stuart at Port Douglas to Sub Inspector Carr at Barron River ,1879/220,p.13,22 August 1879,,POL12M/G1; PRV10800/1/1,
ITM87288,NOWLAN; JONES; CARR; STUART; DAVIES; MARRATT; ,Port Douglas; Mowbray River; Mossman River;,,,Letter from Inspector Stuart at Port Douglas to the Commissioner of Police ,1879/221,p.13-14,23 August 1879,,POL12M/G2; PRV10800/1/2,
ITM87288,NOWLAN; STUART,Port Douglas,,,Letter from Inspector Stuart at Port Douglas to the Commissioner of Police re. dispersal of Aboriginals following spearing of two Native Police horses,1879/222,p.14,25 August 1879,,POL12M/G2; PRV10800/1/2,
ITM87288,"NOWLAN; STUART; GRAY, Allan; ",Port Douglas; Mowbray River,,,Letter from Inspector Stuart at Port Douglas to Sub Inspector Nowlan at Mowbray River ,1879/236,p.17,12 September 1879,,POL12M/G2; PRV10800/1/2,
ITM87288,,Port Douglas; Cooktown; ,,,Letter from Inspector Stuart at Port Douglas to the Commissioner of Police ,1879/239,p.18,13 September 1879,,POL12M/G2; PRV10800/1/2,
ITM87288,"NOWLAN; STUART; GRAY, Allan; LIPSCOMBE; GREGORY; ",Port Douglas; Brisbane; White Cliffs Pocket; Mowbray River; Cooktown; ,Blacks have a track from White Cliffs right over the range ,,"Letter from Allan Gray at Port Douglas to John Walsh, MLA ",1879/239,p.18-19,19 August 1879,,POL12M/G2; PRV10800/1/2,
ITM87288,NOWLAN; TROOPER WILLIE; TROOPER CHARLIE;,Port Douglas; Mulgrave River; Georgetown,,,Letter from Inspector Stuart at Port Douglas to Sub Inspector Nowlan ,1879/248,p.22,1 October 1879,,POL12M/G2; PRV10800/1/2,
ITM87288,KEATING; HARVEY; STUART; NOWLAN,Mulgrave River,,,Letter from Inspector Stuart at Port Douglas to Sub Inspector Nowlan at Mowbray River ,1879/253,p.23,02 October 1879,,POL12M/G2; PRV10800/1/2,
ITM87288,JONES; MARRATT; NOWLAN; STUART,Mossman,,,Letter from Inspector Stuart at Port Douglas to Sub Inspector Nowlan at Mowbray River ,1879/255,p.24,06 October 1879,,POL12M/G2; PRV10800/1/2,
ITM87288,"STUART; COMMISSIONER OF POLICE; BYRNE, James;",Cairns; ,,,Letter from Inspector Stuart at Port Douglas to Cairns Progress Assoc. ,1879/269,p.27,29 October 1879,,POL12M/G2; PRV10800/1/2,
ITM87288,CARR; STUART,Port Douglas; Cairns,,,Letter from Inspector Stuart at Port Douglas to Sub Inspector Carr at Cairns ,1879/295,p.35,06 December 1879,,POL12M/G2; PRV10800/1/2,
ITM87288,"STUART; NOWLAN; GRAY, Allan",Port Douglas; Mowbray River,,,Letter from Inspector Stuart at Port Douglas to Sub Inspector Nowlan at Mowbray River ,1879/299,p.36,24 December 1879,,POL12M/G2; PRV10800/1/2,
ITM87288,STUART; NOWLAN; WATSON; TROPPER OTTO?;,Port Douglas; Mowbray River,,,Letter from Inspector Stuart at Port Douglas to Sub Inspector Nowlan at Mowbray River ,1879/301,p.37,24 December 1879,,POL12M/G2; PRV10800/1/2,
ITM87288,MCCORMACK; CARR; STUART; HENRY,Port Douglas;,,,Letter from Inspector Stuart at Port Douglas to the Commissioner of Police ,1879/77,p.91-92,13 March 1879,,POL12M/G2; PRV10800/1/2,
ITM87288,CARR; STUART; DOUGLAS; LITTLE; MCCORMACK; ,Port Douglas; Rockhampton,,,Letter from Inspector Stuart at Port Douglas to the Commissioner of Police re. dessertion of 14 Troopers,1879/88,p.95,27 March 1879,18 March 1879,POL12M/G2; PRV10800/1/2,
ITM87288,,,,,"Letter from Inspector Stuart at Port Douglas to the Commissioner of Police re. Native Police Sub Inspector Nowlan has reported himself unfit for duty, and is considered physically unfit for this District.",1879/308,p.38,27 December 1879,,POL12M/G2; PRV10800/1/2,
ITM87376,Billy (Aboriginal man); Billy (Tracker),"Cloncurry; Leichhardt Ranges; 
",,,Billy killed at Cloncurry. Inquiry into cause of death of Billy ,4 of 1898,p.2,18/02/1998,05/01/1898,POL14B/15,
"ITM87834
",,,,,Port Douglas Police Letterbook,,p.41,30 March 1878,,"POL12D/G1
POL12D/1",
"
ITM87815",,Port Douglas,,,Port Douglas Police Letterbook,,p.4-88,"31/12/1879
31/3/1882
30/6/1882
30/9/1882
31/12/1882
31/3/1883
30/6/1883
31/12/1883
30/11/1884
30/11/1885
22/3/1886
3/6/1886
30/9/1886
30/10/1886
7/3/1887
9/5/1887
2/7/1887
20/8/1887
30/9/1887
28/4/1888
19/9/1888
30/9/1888
3/10/1888
12/4/1889
16/5/1889",,"POL12D/G2
POL12D/2",
ITM87898,"OWENS, J., Sergt; MARLOW, Insp.; HIELLSON, W.S.; MURRAY, Sub Insp;  ",Ravenswood; Burdekin; Hiffer Station Camp; Conway;,,,Letter from Sergeant Owens at Ravenswood to Sub Inspector Murray at Conway ,1870/22,p.9,26 July 1870,,POL11B/5; PRV10974/1/1,
ITM87866,"OWENS, J., Sergt; MARLOW, Insp.; ",Ravenswood; Dalrymple; ,,,Letter from Sergeant Owens at Ravenswood to Inspector Marlow at Dalrymple ,1870/26,p.10,28 July 1870,,POL11B/5; PRV10974/1/1,
ITM88109,Attorney General; DAW alias MOONDANGA (Aboriginal),Maryborough;,,,Letter from Police Magistrate at Maryborough to Attorney General ,1863/14,p.92,10 February 1863,,CPS3B/G1; PRV11049/1/1,
ITM88109,Colonial store-keeper,Maryborough;,,,Letter from Police Magistrate at Maryborough to Colonial Storekeeper ,1863/31,p.4,6 April 1863,,CPS3B/G1; PRV11049/1/1,
ITM88109,Sec Police,Maryborough;,,,Letter from Police Magistrate at Maryborough ,1863/43,p.7,20 May 1863,,CPS3B/G1; PRV11049/1/1,
ITM88109,"Registrar General; DAVIDSON, District Surveyor; Mary River; HAY, W.; EATON, J.; GRAHAM; O'KEEFE; MAYNE; BERGIN; MCKENZIE; SCOT; HAPALL [?]; SOOTH; POCKINGTON; BROWN; BARKER; CORFIELD; PALMER; BARTON, A.P.; ",Maryborough; Wide Bay; Mary River; Susan River; Tahiti [?]; Tiaro; Ulirrah; Gutchy; Carra; Traveston [?]; Imbil; Kenilworth; Canbroon; Canondale; Maroochedore [sic]; 6 Mile Creek; Marians; East Doongal; Warra; Doongal; Market Flat; Golden Fleece; Bales [?]; Teebar; Gigoomgan [?]; Kelly's Station; Marodian [?]; Miva; Junction; Atherton; Glenbar; Kilkivan; Widgee; Eureka; Torangen; Sandy Creek; Gigsom; Agnes Tale; Stanton Harcourt; Strathdee; Big Mick's; Tinana Creek; Copenhagen Bend; Poulter's; Salt Water Creek; Welcome Creek; Kolan; Mundaran; Gin Gin; Walla; Degilbo; Moolboolamar; ,,,Letter from Police Magistrate at Maryborough to Registrar General ,1863/98,p.24-27,15 November 1863,,CPS3B/G1; PRV11049/1/1,
ITM88109,"Commissioner of Police; O'BRIEN, Const; JERRY (possibly Aboriginal)",,,,Letter from Police Magistrate at Maryborough to Commissioner ,1864/105,p.55,27 July 1864,,CPS3B/G1; PRV11049/1/1,
ITM88109,"Commissioner of Police; WHEELER, Lieut.;",,,,Letter from Police Magistrate at Maryborough to Commissioner ,1864/106,p.55-56,27 July 1864,,CPS3B/G1; PRV11049/1/1,
ITM88109,"CORFIELD, H.C.",Stanton Harcourt,,,Letter from Police Magistrate at Maryborough to HC Corfield at Stanton Harcourt ,1864/111,p.57,24 September 1864,,CPS3B/G1; PRV11049/1/1,
ITM88109,"CORFIELD, H.C.; Attorney General",Stanton Harcourt,,,Letter from Police Magistrate at Maryborough to HC Corfield at Stanton Harcourt ,1864/112,p.57,26 September 1864,,CPS3B/G1; PRV11049/1/1,
ITM88109,"O'BRIEN, Sergt; MELON [?] (Aboriginal); JOHN (Aboriginal); YORKEY (Aboriginal);",,,,Letter from Police Magistrate at Maryborough to Commissioner ,1864/115,p.57,26 September 1864,,CPS3B/G1; PRV11049/1/1,
ITM88109,"PALMER, C.F., Surgeon; WARD, I.H., Dr; CORFIELD, H.C.; CUSTARD;",Maryborough; Gigoom;,,,Letters from Police Magistrate at Maryborough to Dr Palmer and Dr Ward at Maryborough ,1864/122 & 1864/123,p.59,22 October 1864,,CPS3B/G1; PRV11049/1/1,
ITM88109,"Attorney General; PALMER, C.F.; WARD, I.H.; CORFIELD, H.C.;",Gigoom Station; ,,,Letter from Police Magistrate at Maryborough to Attorney General ,1864/124,p.60,26 October 1864,,CPS3B/G1; PRV11049/1/1,
ITM88109,"Commissioner of Police; CORFIELD, H.C.; BROWN, Sergt; ",Gigoom Station; ,,,Letter from Police Magistrate at Maryborough to Commissioner ,1864/125,p.60-61,26 October 1864,,CPS3B/G1; PRV11049/1/1,
ITM88109,"Commissioner of Police; CORFIELD, H.C.; BROWN, Charles Sergt; FAENDENTHAL, Sub Inspector;",Stanton Harcourt,,,Letter from Police Magistrate at Maryborough to the Commissioner of Police ,1864/126,p.61,26 October 1864,,CPS3B/G1; PRV11049/1/1,
ITM88109,"Commissioner of Police; O'BRIEN, Darcy, Const; ",,,,Letter from Police Magistrate at Maryborough to Commissioner ,1864/136,p.63,12 November 1864,,CPS3B/G1; PRV11049/1/1,
ITM88109,"SEYMOUR, D.I.; BROWN, Charles; HIRST; Inspector;",,,,Letter from Police Magistrate at Maryborough to Mr Chas Browne ,1864/158,p.67,27 December 1864,,CPS3B/G1; PRV11049/1/1,
ITM88109,"RICHARDSON, H., Acting Colonial Store-keeper;",Brisbane,,,Letter from Police Magistrate at Maryborough to Col Storekeeper ,1864/81,p.49,13 June 1864,,CPS3B/G1; PRV11049/1/1,
ITM88109,Commissioner of Police,Wide Bay,,,Letter from Police Magistrate at Maryborough to Commissioner ,1864/82,p.49,13 June 1864,,CPS3B/G1; PRV11049/1/1,
ITM88109,"Commissioner of Police; FERRY, Manus, Constable; ",,,,Letter from Police Magistrate at Maryborough to Commissioner ,1864/83,p.49-50,13 June 1864,,CPS3B/G1; PRV11049/1/1,
ITM88109,Colonial Secretary; District Surveyor,,,,Letter from Police Magistrate at Maryborough to the Colonial Secretary ,1864/85,p.50-51,13 June 1864,,CPS3B/G1; PRV11049/1/1,
ITM88109,"Commissioner of Police; BROWN, Charles, Sergeant;",,,,Letter from Police Magistrate at Maryborough to Commissioner ,1864/98,p.54,13 July 1864,,CPS3B/G1; PRV11049/1/1,
ITM88109,"FREUDENTHAL, Sub Insp; SOLOMON [?] (Aboriginal); ",,,,Letter from PM at Maryborough to Sub Inspector Freudenthal ,1865/107,p.5,30 September 1865,,CPS3B/G1; PRV11049/1/1,
ITM88109,"Colonial Secretary; PALMER, Henry; FREUDENTHAL, Sub Inspector; ",Brisbane; Mary River; Maryborough,,,Letter from PM at Maryborough to the Colonial Secretary ,1865/84,p.1-2,18 September 1865,15 September 1865,CPS3B/G1; PRV11049/1/1,
ITM88109,Colonial Secretary; Police Magistrate; SHERIDAN; ,Maryborough;,,,Letter from the Police Magistrate at Maryborough to the Colonial Secretary ,1866/23,p.26,25 April 1866,,CPS3B/G1; PRV11049/1/1,
ITM88109,Colonial Secretary; SHERIDAN;,,,,Letter from the Police Magistrate at Maryborough to the Colonial Secretary ,1866/27,p.27-28,9 May 1866,2 May 1866,CPS3B/G1; PRV11049/1/1,
ITM88109,Colonial Secretary; SHERIDAN ,,,,Letter from the Police Magistrate at Maryborough to the Colonial Secretary ,"1866/33; 

",p.29,6 June 1866,2 May 1866,CPS3B/G1; PRV11049/1/1,
ITM846810,Colonial Secretary; SHERIDAN; P.M. Maryborough [illegible signature],Maryborough; Fraser Island;,,,Letter from the Police Magistrate at Maryborough to the Colonial Secretary ,1866/1547,p.204-205,6 June 1866,2 May 1866,COL/A80; SRS5253/1/81,
ITM88109,RANKIN; ,,,,"Letter from PM at Maryborough to Sub Inspector of Native Police, Police Camp, Coopers Plains ",1866/6,p.17,5 February 1866,,CPS3B/G1; PRV11049/1/1,
ITM88109,"PRICE, Sub Lieut.; FREUDENTHAL, Sub Insp.; MURRAY, Jas;",Maryborough; Tinana Creek;,,,"Letter from PM at Maryborough to Sub Lt Price, Native Police ",1866/8,p.18,12 February 1866,,CPS3B/G1; PRV11049/1/1,
ITM88109,THOMPSON;,Fraser Island,,,Letter from the Police Magistrate at Maryborough to the Colonial Secretary ,1867/72,p.38-39,10 May 1867,,CPS3B/G1; PRV11049/1/1,
ITM88109,NAVE; WARD; WALKER; ROBERT; G.C.K.,,,,"Letter from the Police Magistrate at Maryborough to Messrs Naves, Ward, Walker and Robert ",1867/83,p.42,28 October 1867,,CPS3B/G1; PRV11049/1/1,
ITM88109,"Commissioner of Police; KELLY, J. (possibly prisoner); CLOKESY, Sub Inspector; ",,,,Letter from the Police Magistrate at Maryborough to Commissioner ,1868/no number,p.61,15 April 1868,,CPS3B/G1; PRV11049/1/1,
ITM88109,CARDEW;,Tinana Creek,,,"Letter from the Police Magistrate at Maryborough to Cardew, Tinana Creek ",1868/no number,p.60,9 April 1868,,CPS3B/G1; PRV11049/1/1,
ITM88109,Commissioner of Police;,,,,Letter from the Police Magistrate at Maryborough to the Commissioner of Police ,1869/no number,p.15,16 September 1869,,CPS3B/G1; PRV11049/1/1,
ITM88109,"Colonial Secretary; ROGERS; HARRIS, Sub Inspector; COLQUHOUN (man in custody for murder); G.F.",Toowoomba,,,Letter from the Police Magistrate at Maryborough to the Commissioner of Police ,1869/no number,p.15-16,18 September 1869,,CPS3B/G1; PRV11049/1/1,
ITM88109,"MCDONNELL, John, Colonial Stores",Brisbane; Maryborough,,,Letter from Police Magistrate at Maryborough to Col Stores ,1862/3,p.56,11 June 1862,,CPS3B/G1; PRV11049/1/1,
ITM88109,Under Secretary;,Wide Bay; Maryborough;,,,Letter from the Police Magistrate at Maryborough to the Colonial Secretary ,1863/10,p.91,28 January 1863,,CPS3B/G1; PRV11049/1/1,
ITM88109,Colonial Seceretary;,,,,Letter from the Police Magistrate at Maryborough to the Colonial Secretary ,1870/no number,p.38,01 June 1870,24 June 1870,CPS3B/G1; PRV11049/1/1,
ITM88109,Under Colonial Secretary,"""Owanyilla""",,,Letter from the Police Magistrate at Maryborough to the Colonial Secretary ,1870/no number,p.35,03 April 1870,,CPS3B/G1; PRV11049/1/1,
ITM882698,"WHEELER, Frederick; JEMMY (Aboriginal); LOVE, Paul; MURRAY; PETERSEN; MACKAY",Mistake Creek; Clermont; ,,,Statement by Senior Constable Paul Love at committal hearing of Frederick Wheeler at Clermont ,1876/372,p.24-26,03 April 1876,15 March 1876,SCT/CG7; SRS5750/1/7,
ITM882698,"WHEELER, Frederick; JEMMY (Aboriginal); MURRAY; COOLING, Alfred; KEANE, John; TOBY (Aboriginal); LOVE, Paul; DYAS, George; HARRICKS, John Hugh; MCGAVIN, Robert; BAKER, Thomas; HAMILTON, Frank; BROWN, Arthur; DICKEY (Aboriginal); REVOLVER (Aboriginal); ",Mistake Creek; Clermont; Belyondo; Ditley; Rockhampton; Banchony Station; ,,Describes brutul behaviour,"Depositions against Frederick Wheeler in relation to Death of Jemmy at Ditley outstation, Banchory Run near Clermont ",,p.5-23,05 May 1876 ,15 March 1876,SCT/CG7; SRS5750/1/7,
ITM882698,"WHEELER, Frederick; JEMMY (Aboriginal); MURRAY; COOLING, Alfred; KEANE, John;",Mistake Creek; Clermont; ,,,Statement of the Accused -  Frederick Wheeler at Clermont Court ,,P.6,10 April 1876,15 March 1876,SCT/CG7; SRS5750/1/7,
ITM950005,"HARRY (Aboriginal); RODE, Frederick William, J.P.; LEANEY, John, J.P.; SEATON, Richard, J.P.; CROUPLAN, Richard; CAROLL, James; MCNEIL, Flora; HORRAN, ??; BEATTY, Charles, A.; WEAVER, Alfred; MCNEIL, John; MURPHY, john Albert; WESTON, John;",Dalby; Toowoomba;,,,"Register of criminal depositions received, Vol. 1",,p.66,1 July 1867,17 May 1867,JUS/S2; SRS6226/1/2,
ITM950005,"BILLY (Aboriginal)FAIRCLOTH, G.; O'CALLAGHAN, James O.; CUNNINGHAM, Daniel; BYRNE, T.E.D.;",Maryborough;,,,"Register of criminal depositions received, Vol. 1",,p.81,1 October 1869,28 June 1869,JUS/S2; SRS6226/1/2,
ITM950004,"HUTCHINSON, F.R., J.P.; MANSFIELD, P.D., J.P.; ST GEORGE, Howard, J.P.; PLEWS, H.P., J.P.; MURRAY, George, J.P.; PALMER, A., J.P.; HUNTER.M., J.P.; RANKIN, George, J.P.; RUNDLE, M.S., J.P.; BURNEL, Tho., J.P.; LARNACH, I.A., J.P.; PALMER, John, J.P.; MCDONALD, P.F., J.P.; BROWN, W.I., J.P.; LAWLOR, Luke; JARDINE, John; CANNING, I.H.; FEEZ, Albrecht; WARD, John; ",Rockhampton,,,Committal trial of George Dalrymple at Rockhampton ,,p.36,13 November 1864,13 November 1864,JUS/S1; SRS6226/1/1,
"
ITM950005","JIMMEY (Aboriginal); BILLY (Aboriginal); BOBBY (Aboriginal); YORKEY (Aboriginal); SHERIDAN, R.B., J.P.; DAVIDSON, W.M., J.P.; WARE, Richard R.; THOMPSON, John;",Maryborough,,,"Trial of Jimmy, Billy, Bobby and Yorkey at Maryborough ",,p.52,13 September 1866,14/04/2023,"JUS/S1; SRS6226/1/1
JUS/S2; SRS6226/1/2",
ITM950004,"JEMMY (Aboriginal); MASSIE, H.H., P.M.; SEYMOUR, D.U., J.P.; HOBBS, William; JOHNSON, Helen; GRAY; G.S.; DAWES, James; LOVE, George; LOVE, Frances; LOVE, Mary Ann",Brisbane,,Contains details regarding Rape,Register of criminal depositions received,,p.74,17 February 1865,17 February 1865,JUS/S1; SRS6226/1/1,
ITM950004,"BILLY (Aboriginal); BILLY (Aboriginal); MACARTHUR, Patrick P.M.; AULD, Jane; THOMPSON, David; THOMPSON, Mary; DORSEY, William McTaggert; ",Ipswich,,Contains details regarding Rape,"Register of criminal depositions received, Vol. 1",,p.76,2 November 1868,28 September 1868,JUS/S1; SRS6226/1/1,
ITM950004,"KIPPER TOMMY (Aboriginal); JUDY (Aboriginal); CLAPPERTAIN, Geo., J.P.; JONES, Thomas, J.P.; MURPHY, John; CONNOR, Mary; FRASER, Frances;",Nanango; Maryborough;,,,"Register of criminal depositions received, Vol. 1",,p.59,20 March 1867,9 October 1866,JUS/S1; SRS6226/1/1,
ITM950004,"COINEY alias CHARLEY (Aboriginal); SINCLAI, D.M., P.M.; SCOTT, Mary; DEVINE, George",Dalby; Toowoomba,,,Register of criminal depositions received,,p.36,20 October 1863,20 October 1863,JUS/S1; SRS6226/1/1,
ITM950004,"BILLY (or possibly BILBY) (Aboriginal); GRAY, Chas. Geo., J.P.;  FORBES, Lester, J.P.; CARSON, Wm.; RAE, Jane;",Ipswich,,Contains details regarding Rape,Register of criminal depositions received,,p.11,21 December 1861,24 December 1861,JUS/S1; SRS6226/1/1,
ITM950004,"JACKY (Aboriginal); WARDBOURNE, I.H.; BLYMORE, I.; CLOHESY, Thomas; MEE, Henry; NOLO, William; MACDOUNELL, Frank; SINGLE, Arthur; WAGENER, Goerge;",Degilbo; Maryborough;,,,Trial of Jacky at Maryborough,,p.91,21 March 1865,21/03/2023,JUS/S1; SRS6226/1/1,
ITM950004,"KIPPY (or possibly KIPPER) BILLY (Aboriginal); GRAY, Chas. Geo, P.M.; RAE, Jane; PRITCHARD, James; RICHARDS, James; RAE, Edward",Ipswich;,,,Register of criminal depositions received,,p.12,25 January 1862,25 January 1862,JUS/S1; SRS6226/1/1,
ITM950004,"MONDOI, Waddy (Aboriginal); HACKEL, J.R.; TRYER, J.A.; KINCAIDe, John; BEAUFOD, Charles;",Rockhampton,,,"Register of criminal depositions received, Vol. 1",,p.83,27 October 1869,27 October 1869,JUS/S1; SRS6226/1/1,
ITM950004,"JEMMY (Aboriginal); GRAY, Chas. Geo., P.M.; MURPHY, J., J.P.; LEITH HAY, J., J.P.; DOWLING, Lawrence; KACHEL, Wilelmina; LEE, William; PERRETT, Adam;",Ipswich;,,,Register of criminal depositions received,,p.70,30 January 1865,30 January 1865,JUS/S1; SRS6226/1/1,
"ITM950004
ITM950005","JOHNNY (Aboriginal); CAVE, William, P.M.; SOMERVILLE, William M.; SMITH, Alexander H.; YOUNG, John; BYRNE, Patrick; MINSELLA, Thomas; RANKIN, Alexander",Taroom,,,Trial of Johnny at Taroom ,,p.69,30 January 1868,06/11/2023,"JUS/S1; SRS6226/1/1
JUS/S2; SRS6226/1/2",
ITM950004,"GEORGY (Aboriginal); CRIBB, B.; RYAN, Bridget; RYAN, Thos.; CHALLINOR, Amy (or May?); PEACOCK, John; OWENS, R.S.; DUNN, James; CAISON, Wm.;",Ipswich; Brisbane; ,,Contains details regarding Rape,Register of criminal depositions received,,p.8,31 October 1861,31 October 1861,JUS/S1; SRS6226/1/1,
ITM950004,"BERRY, Billy (Aboriginal); LOW, Jacob, J.P.; BROWNE, Henry, J.P.; EGAN, Sergeant; MCPHERSON, Mary; MARSHALL, Margaret",Toowoomba;,,Contains details regarding Rape,"Register of criminal depositions received, Vol. 1",,p.79,8 July 1869,7 April 1869,JUS/S1; SRS6226/1/1,
ITM950004,"JEMMY (Aboriginal); GRAY, Chas. Geo., P.M.; MURPHY, J., J.P.; LEITH HAY, J., J.P.; MCCARTHY, Michael; KACHEL, Wilhelmina; ADAMS, William; PERRITT, Adam; LEE, William; SLACK, Thomas;",Ipswich,,Contains details regarding Rape,Trial of Jemmy at Ipswich ,,p.74,9 February 1865,"9 February, 1865",JUS/S1; SRS6226/1/1,
ITM950004,"YORKY (Aboriginal); WISEMAN, W.H., P.M.; O'BEIRNE, Edward; CANNING, John H.; COOKE ROGERS, W.; KELLETT, James; JONES, Catherine;",Rockhampton,,Contains details regarding Rape,Register of criminal depositions received,,p.98,9 November 1865,9 November 1865,JUS/S1; SRS6226/1/1,
ITM950004,"JOHNNY (Aboriginal); DRURY, Edwd. R.; PETRIE, John; APJOHN, Wm; BRIEN, Emma; HOUGH, Marianne; HOUGH, John",Brisbane,,,Register of criminal depositions received,,p.13,14 January 1862,14 January 1862,JUS/S1; SRS6226/1/1,
ITM950004,"GEORGE (Aboriginal); WISEMAN, W.H.; JUDGE, Thomas; MANNION, Ellen; SALMOND, David; MANNION, Peter;",Rockhampton,,Contains details regarding Rape,"Register of criminal depositions received, Vol. 1",,p.94,27 March 1871,22 December 1870,JUS/S1; SRS6226/1/1 ,
ITM950004,"DUGALD (Aboriginal); SANDY (Aboriginal); BLIGH, J.O.C., P.M.; HUTCHINSON, Sarah; HUTCHINSON, Catherine; CORLEY, Thomas; MARTIN, Edward;",Maryborough,,Contains details regarding Rape,"Register of criminal depositions received, Vol. 1",,p.104,12 April 1872,3 April 1872,JUS/S1; SRS6226/1/1,
ITM950004,"CAMPBELL (Aboriginal); HALY, C.R., J.P.; KELLY, John; O'FARRELL, Eliza; KIRRELLOO, Andrew",Maryborough,,Contains details regarding Rape,"Register of criminal depositions received, Vol. 1",,p.100,27 October 1871,11 October 1871,JUS/S1; SRS6226/1/1,
"ITM950004
ITM950005","LUKEN, G.L.; DEVINE, George; RIEP, Henrietta; SELKE, Julius; NICHOL, Mary; GERICK, Eliza",Toowoomba; ,,,Trial of Jack Whitton (Aboriginal) at Toowoomba ,,p.85,31 June 1870,04/01/2023,"JUS/S1; SRS6226/1/1
JUS/S2; SRS6226/1/2",
ITM950005,"DOCTOR DAWSON (Aboriginal); WISEMAN, W.H.; DOYLE, William; SLATER, Bridget; SALMOND, David; BURNS, Margaret; TIERNEY, Bridget;",Rockhampton,,Contains details regarding Rape,Trial at Rockhampton of Doctor Dawson (Aboriginal) ,,p.95,27 March 1871,27 March 1871,"ITM950005; JUS/S2; SRS6226/1/2 



",
ITM3508,"DOCTOR DAWSON (Aboriginal); SLATER, Bridget",Rockhampton,,Contains details regarding Rape,Trial at Rockhampton of Doctor Dawson (Aboriginal) ,,p.183-185,27 March 1871,2 January 1871,CCT7/N23; PRV6098/1/20 ,
ITM3485,"DOCTOR DAWSON (Aboriginal); LILLEY, Charles; SLATER, Bridget; COCKLE, Sir James; STOCKWELL, James; MORRAY, Thomas; HUNT, George Charles; PALFREY, Emanuel; ARROWSMITH, John; BELR SMITH, James; O'DONNELL, John Alfred; TIPPETT, Samuel; DEMPSEY, James; ALLEY, Walter; WOOD, James; MOLLOY, Joseph; BLANCHARD, Samuel; WISEMAN, W.H., P.M.; DOYLE, William, Sergeant; MURRAY, Geo. P.M., J.P; MULVEY, Mrs; BURNS, Margaret; TIERNEY, Bridget; SALMOND, David, Dr;",Rockhampton;,,Contains details regarding Rape,Trial at Rockhampton of Doctor Dawson (Aboriginal) ,ITM3485 No 6,p.158-167,27 March 1871,2 January 1871,CCT7/N30; PRV6097/1/3,
ITM950005,"DUGALD (Aboriginal); SANDY (Aboriginal); BLIGH, J.O.C., P.M.; HUTCHINSON, Sarah; HUTCHINSON, Catherine; CORLEY, Thomas; MARTIN, Edward;",Maryborough,,Contains details regarding Rape,Committal hearing at Maryborough of Dugald & Sandy ,,p.104,03 April 1872,3 April 1872,JUS/S2; SRS6226/1/2,
ITM950005,,,,Contains details regarding Rape,"Rockhampton, George (Aboriginal)",,p.94,15 May 1871,,JUS/S2; SRS6226/1/2,
ITM950293,"N Secy Treasury; FAHEY, P.;",Cardwell; Cooktown; Townsville; Hope Island,,,Telegram from P Fahey to Treasury ,1875/1445,All,02 August 1875,27 July 1875,TRE/A15; SRS6232/1/15,
ITM950293,"MCALLAN, Jas. E.S.; SHUREY, Henry (Aboriginal); THORN, George; TAYLOR, Richard; FINCH, Sub Inspector; ",Cape River Goldfields; Upper Cape; Oxley Creek; Flinders River; ,,,"Letter from James McAllan to George Thorn, MLA ",1875/1929,All,22 September 1875,,TRE/A15; SRS6232/1/15,
ITM950294,SOMERSET,Townsville; Port Trinity Bay; ,,,Telegram from Police Magistrate at Townsville to Attorney General ,"1876/1475

Top Number 1876/1647",p.25,27 July 1876,,TRE/A16; SRS6232/1/16,
ITM950295,"Police Magistrate, Somerset; WILKIE, Master of government cutter; CHESTER; BROWN, E.L.; CHAPMAN, Thomas, Master of Peveril; ROMERIL, Edward, second mate Peveril;",Torres Strait; Somerset;  ,,,"Letter from Thomas Chapman, Master of “Peveril” at Torres Straits to Attorney General ","1876/898

Top Number 1877/3567",p.18-22,30 August 1876,,TRE/A17; SRS6232/1/17,
ITM950296,"DEASY, Daniel; DOWDELL; FULLER, Harry; SHAW, John; PRUCELL, William; ROZ, Patrick; COUGHLAN, Humphrey; MACINTOSH, Alexander; LORRIE, William; HARRISONBEARER; ",Dunk Island; Cairns; Flinders Passage; Melbourne; Cardwell; ,,Description of fighting and injuries,,1877/1306,All pages in both documents SEEM TO BE THE SAME FILE ,25 April 1877,,TRE/A18; SRS6232/1/18,
ITM950297,"HUGHES, Joseph, Sub Coll.; PARSFIELD, of boat Liverpool",Townsville; Kings Reef; ,,,"Telegram from Joseph Hughes, Sub Collector of Customs at Townsville, to Collector of Customs at Brisbane ","1878/1890

Top number 1778/1918",p.3-4,03 September 1878,,TRE/A19; SRS6232/1/19,
ITM950298,"Col. Treasurer; GILLIN, G.J., Sub Collector; Master of the ""Prospect""","Cardwell; Dungeness; Cooktwon; Hecketty Point, Hinchinbrook; ",,,"Telegram from GJ Giffin, Sub-collector at Cardwell to Treasurer ",1879/257,p.8,05 February 1879,,TRE/A20; SRS6232/1/20,
ITM950298,"GIFFIN, G.J., Sub Coll.;",Cardwell; Dungeness; Cooktown; Heckety Point; Hinchinbrook;,,,Telegram from Sub Collector of Customs at Cardwell (GJ Giffin) to Treasurer ,1879/257,p.8,05 February 1879,,TRE/A21; SRS6232/1/21,
ITM950298,"GIFFIN, G.J., Sub Coll.; JOHNSTONE, Insp.;",Cardwell; Hinchinbrook Islands;,,,Telegram from Sub Collector of Customs at Cardwell to Treasurer ,1879/318,p.1,10/02/1879,,TRE/A21; SRS6232/1/21,
ITM950298,"SHERIDAN, James; SOLOMON; DUSNCOMBE, James, Master of the ""Prospect""; GLASS, Charles;GIFFIN, G.J.;",Port Hinchinbrook; Hecate Point; Dungeness; Cooktown; ,,,Letter from Sub Collector of Customs at Cardwell (Giffin) to Treasurer ,1879/343,p.2-7,05/02/1879,,TRE/A21; SRS6232/1/21,
ITM950302,"WEBB, Captain; LAHEY, B",Cairncross Island;Cape Grenville; Pipon  Island,,,Report of Lady Dennison's missing boat and men killed,2070 of 1881,p.230-232,09/11/1881,,TRE/A24,
ITM950302,"WATSON, Mrs; FAHEY, B; AH SAM (Chinese man)",,,,Telegram re finding Mrs Watsons diary with entry re attack of Aborigines,2119 o f1881,p.253-254,14/11/1881,,TRE/A24,
ITM950306,"JOHNSTONE, Captain; MACKAY, Captain; FAHEY; ","Cooktown, Cape Flattery, Archer Point, Monkhouse Point, ",Daintree Aboriginals,,"Telegram from Fahey of Customs to Treasury, re concern for Captain Johnstone's beche de mer expedition ",2480 of 1884,p.1-2,30/07/1884,,TRE/A28,
ITM950306,"JOHNSTONE, Captain; BARRY, Steve (a Greek); FAHEY; ","Great Barrier Reef, Cape Flattery, Cooktown",Daintree Aboriginals; Musgrave River Aboriginals; Townsville Aboriginals,,"Telegram from Fahey of Customs to Treasury, re recovery of Johnstone and one Townsville boy from the crew of the Ruby.",2534 of 1884,p.1-6,08/04/1884,,TRE/A28,
ITM847351,"ROBINSON, FW; STUART, J; LAMOND, J",Herberton; Wooroora,,,Native Police wanted at Herberton,7024 of 1890,p.13,15/06/1890,,COL/A620,
ITM847351,,Herberton; Wooroora; Nigger Creek; Evelyn; Cashmere; Kirrama; Woodleigh; Gunnawarra,,,Native Police wanted at Herberton,7024 of 1890,p.14-18,24/03/1890,,COL/A620,
ITM847354,"DOUGLAS, John; MILMAN, Hugh; JACKY NORMAN (Aboriginal); SEYMOUR, DT; GOODSHAW, Robert ",Thursday Island; Small River ,,,,8096 of 1890,p.482-495,15/07/1890,,COL/A623,
ITM847355,"JARDINE, Frank",Paterson; Coen; Thursday Island,,,Native Police wanted at Cape York,8263 of 1890,p.282-283,01/08/1890,,COL/A624,
ITM847357,"ST GEORGE, H; CONNOLLY, Michael; SNEIDER (Aboriginal)",Maytown,,,Poison killing at Palmer River,8828 of 1890,p.117-126,04/08/1890,04/08/1890,COL/A626,
ITM847359,"LAMOND, James",Atherton; Herberton,,,Native Police wanted at Atherton,9431 of 1890,p.58-60,06/08/1990,,COL/A628,
ITM847359,"WIMBLE, FT",Atherton,,,Native Police wanted at Atherton,7785 of 1890,p.61-62,09/07/1890,,COL/A628,
ITM847360,"DOUGLAS, John; JOHNSTON, Andrew; ",Batavia River; Thursday Island,,,,9058 of 1890,p.344-345,23/08/1890,02/09/1890,COL/A629,
ITM847360,"JOHNSTON, Andrew; DOUGLAS, John",Warrior Island; Thursday Island,,,,9886 of 1890,p.341-343,26/08/1890,23/08/1890,COL/A629,
ITM847366,,,,,Women kidnapped near Cairns,9902 of 1890,p.487,20/09/1890,,COL/A635,
ITM847366,,,,,Police to investigate kidnapping,9981 of 1890,p.486,25/09/1890,,COL/A635,
ITM847366,,,,,Boat arrived at Cooktown,10146 of 1890,p.485,01/10/1890,,COL/A365,
ITM847366,,,,,Women kidnapped near Cairns,10165 of 1890,p.484,01/10/1890,,COL/A635,
ITM847366,,,,,What Act for prosecution?,10322 of 1890,p.483,03/10/1890,,COL/A635,
ITM847366,,,,,Women recovered,10356 of 1890,p.481-482,03/10/1890,,COL/A635,
ITM847366,,,,,No charges over kidnapping,10383 of 1890,p.480,08/10/1890,,COL/A635,
ITM847366,"ROBINSON, J; WILTSHIRE, BB",Cooktown; Mulgrave River ,,,No refund of kidnapping fine,11493 of 1890,p.474-478 ,22/10/1890,22/10/1890,COL/A635,
ITM847368,"NOTT, Alan",,,,,11828 of 1890,p.158,07/11/1890,07/11/1890,COL/A637,
ITM847369,,Cooktown; Palmer River,,,Native Police wanted at Palmer River,12034 of 1890,p.62-68,08/09/1890,08/09/1890,COL/A638,
ITM847369,"MURRAY, FJ",Cooktown; Palmer River,,,Native Police not needed at Palmer River,12034 of 1890,p.61,22/10/1890,22/10/1890,COL/A638,
ITM847370,"KIDZ, Patrick; DOT (Aboriginal); CASEY, JK; BALZEN, William",Karumba,,,,12476 of 1890,Part 1 p.271-310,10/11/1890,,COL/A639,
ITM847371,"PRINGLE, J",Port Douglas,,,Native Police wanted at Port Douglas,12767 of 1890,p.283-284,04/12/1890,,COL/A640,
ITM847377,"ROBINSON, James; CHESTER, HM; CASEY, D; WARREN, George; MINNIE (Aboriginal); JENNY (Aboriginal); MILMAN, H",Cooktown; Mulgrave River ,,,Men killed on Barrier Reef,1105 of 1891,p.158-175,23/01/1891,,COL/A646,
ITM847377,,Cooktown; Mulgrave River ,,,Kidnapped women returned,1377 of 1891,p.157,28/01/1891,,COL/A646,
ITM847379,"RENTOUL, IL; GRIFFITH, SW",,,,Native Police killings in NQ,1962 of 1891,p.144-160,04/02/1891,,COL/A648,
ITM847383,"POINGDESTRE, LJA",Tate River,,,,3045 of 1891,p.74-77,16/03/1891,,COL/A652,
ITM847387,,Kennedy River,,,Native Police camp on Cape York,4680 of 1891,Part 1 p.123,27/04/1891,,COL/A656,
ITM847388,"BOBBY (Aboriginal); FERGUSON, HC",Cape River; Pentland; St Helena Gaol,,,,4614 of 1891,Part 1 p.48-49,18/04/1891,,COL/A657,
ITM847391,"DOUGLAS, John  ",Batavia River; Moreton Telegraph Station,,,Native Police not needed at Cape York,5866 of 1891,p.55-56,26/05/1891,,COL/A660,
ITM847392,"POINGDESTRE, LJA",Thornborough,,,Native Police collecting census data,6432 of 1891,Part 2 p.166-168,08/06/1891,,COL/A661,
ITM847397,"GIFFIN, GJ",Cardwell,,,Disease in Cardwell district,2910 of 1891,p.144-145,02/03/1891,,COL/A666,
ITM847397,"OGILVIE, ",Cardwell,,,Disease in Cardwell district,7745 of 1891,p.143,02/07/1891,,COL/A666,
ITM847398,"BALSER, SF",Kennedy River,,,Native Police wanted at Cape York,8264 of 1891,p.425,14/07/1891,14/07/1891,COL/A667,
ITM847400,,Port Douglas,,,Native Police wanted at Port Douglas,8766 of 1891,Part 1 p.114,18/07/1891,18/07/1891,COL/A669,
ITM847402,"ZILLMAN, AH",Atherton; Herberton; Nigger Creek,,,Native Police wanted at Atherton,10088 of 1891,p.64-67,28/08/1891,,COL/A671,
ITM847409,,Laura River; Mossman River; Normanby,,,Starvation at Laura,13090 of 1891,Part 1 p.111-113,13/11/1891,,COL/A678,
ITM847413,"COWLEY, AS",Geraldton,,,Native Police wanted at Johnstone River,14755 of 1891,Part 2 p.121,23/12/1891,23/12/1891,COL/A682,
ITM847420,DONALD (Aboriginal); JIMMY REID (Aboriginal),Taroom,,,Police protection wanted at Taroom,2425 of 1892,Part 1 p.89-112,04/02/1892,,COL/A689,
ITM847434,"APLIN, AS; ZILLMAN, AH",Herberton; Atherton,,,Rations needed at Herberton,8171 of 1892,Part 1 p.171-176,03/06/1892,,COL/A703,
ITM847434,"BALSER, SF",Laura   ,,,Native Police wanted on Cape York,8393 of 1892,Part 3 p.35-36,06/07/1892,06/07/1892,COL/A703,
ITM847434,"UNDERWOOD, James",Cooktown,,,Killing near Cooktown,8170 of 1892,cannot be found again,10/07/1892,,COL/A702,
ITM847435,"HUTCHINSON, A",,,,Cannibalism in NQ,5898 of 1891,Part 1 p.83-87,22/05/1891,,COL/A704,
ITM847435,"ISLEY, J; HENRY, James",,Tully; Cardwell,,Cannibalism in NQ,9270 of 1891,Part 1 p.80-82,07/08/1891,,COL/A704,
ITM847435,"SPEARS, JW",,,,Cannibalism in NQ,4726 of 1892,Part 1 p.77-79,18/04/1892,,COL/A704,
ITM847435,"FITZGERALD, H; MARRETT, CB",,Coen; Thursday Island,,Cannibalism in NQ,5619 of 1892,Part 1 p.69-76,27/05/1892,,COL/A704,
ITM847435,"DOUGLAS, AD",,,,Cannibalism in NQ,8566 of 1892,Part 1 p.67-68,10/06/1892,,COL/A704,
ITM847435,"DOUGLAS, John; SAVAGE, Charles; SMITH, Malcolm; WY-AN-YACK (Aboriginal); AH-YAH-GIB (Aboriginal); TRO-TAE-NONAH (Aboriginal); YAH-GA-RAH (Aboriginal); TOAM-JEAN-NE (Aboriginal)",Batavia River; Thursday Island,,,Kidnapping on Cape York,8875 of 1892,Part 5 p.54-71,21/06/1892,,COL/A704,
ITM847435,,,,,Cannibalism in NQ,8566 of 1892,Part 1 p.66-85,15/07/1892,,COL/A704,
ITM847438,"ROSS, ES; DOUGLAS, AD",Croydon,,,Kidnapping near Normanton,10203 of 1892,Part 2 p.86-87,17/07/1892,,COL/A707,
ITM847438,"DOUGLAS, AD ",Croydon,,,Kidnapping near Normanton,10203 of 1892,Part 2 p.81-85,02/08/1892,,COL/A707,
ITM847441,,Atherton; Herberton; Diamantina River,,,Disease in West and North,11299 of 1892,Part 1 p.88-91,19/09/1892,,COL/A710,
ITM847446,"BECKETT, Robert; DALLACHY, William; HENRY, Isaac",Cardwell; Murray River; Tully River,,,Native Police wanted at Cardwell,13406 of 1892,Part 2 p.207-212,01/09/1892,,COL/A715,
ITM847448,"PURCELL, BH",Boulia; Urandangie; Lake Nash; Normanton,,,Disease in Western districts,13729 of 1892,Part 2 p.102-110,14/11/1892,,COL/A717,
ITM847448,"DOUGLAS, AD",,,,Disease in Western districts,14199 of 1892,Part 2 p.99-101,01/12/1892,,COL/A717,
ITM847449,"PALMER, Edward",Gamboola; Highbury; Canobie,,,Native Police wanted at Mitchell River,14707 of 1892,Part 2 p.133-134,28/11/1892,,COL/A718,
ITM847450,"SINCLAIR, R",Camooweal  ,,,Flogging at Camooweal,13411 of 1892,Part 1 p.258,10/10/1892,,COL/A719,
ITM847450,"GLISSAN, AH; MAGGIE (Aboriginal)",Camooweal; Rocklands  ,,,Flogging at Camooweal,13528 of 1892,Part 1 p.256-257,15/11/1892,,COL/A719,
ITM847450,,,,,Flogging at Camooweal,14994 of 1892,Part 1 p.242-255,22/11/1892,,COL/A719,
ITM847451,"HAYWOOD, H",Brisbane,,,Protection legislation query,180 of 1893,Part 2 p.224,04/01/1893,,COL/A720,
ITM847462,,,,,No more Native Police cadets appointed,4388 of 1893,Part 3 p.56,08/04/1893,,COL/A731,
ITM847483,"MESTON, Archibald; PURCELL, Brabazon",Boulia  ,,,Letter from J. Coghlan re. charges made by Purcell as to treatment of blacks,12837 of 1893,p.179-181,14/10/1893,,COL/A752,
ITM847484,"DOUGLAS, John",Thursday Island; Pine River,,,Native Police wanted at Cape York,13174 of 1893,"Part 1, p.219",09/10/1893,,COL/A753,
ITM847485,"DOUGLAS, John; BRUCE, Charles",Thursday Island; Bertiehaugh; Ducie River,,,Attack at Cape York,13863 of 1893,"Part 3, p.84",25/11/1893,,COL/A754,
ITM847489,,McIvor River; Starcke River; Eight Mile,,,Native Police wanted at Cape York,449 of 1894,"Part 4, p.174-175",05/01/1894,,COL/A758,
ITM847491,"DOUGLAS, John; HEY, N",Batavia River; Thursday Island,,,Troopers killed at Cape York,1311 of 1894,"Part 3, p.57-69",16/12/1893,,COL/A760,
ITM847492,"DOUGLAS, John; BRUCE, Charles; ROEW, Samuel",Ducie River; Batavia River,,,Troopers killed at Cape York,1606 of 1894,p.141-153,08/12/1893,,COL/A761,
ITM847500,"URQUHART, Frederic; COOPER, William","Cloncurry, Thursday Island, Coen",,,Native Police officers transferred,4695 of 1894,"Part 3, p22",26/04/1894,,COL/A769,
ITM847506,"DONALD, R","Laura, Mein, Maytown   ",,,Native Police wanted at Laura,7435 of 1894,"Part 1, p162",28/06/1894,,COL/A775,
ITM847506,"DAVIS, John; FULTON, JPW; BALSER, SF","Cooktown, Laura",,,Native Police wanted at Laura,7688 of 1894,"Part3, p31-35",28/06/1894,,COL/A775,
ITM847509,"FITZGERALD, H; BELL","Cooktown, Mt Finnegan, Mt Romeo",,,Native Police wanted near Cooktown,6888 of 1894,p.63-64,06/06/1894,,COL/A778,
ITM847509,"FITZGERALD, H  ","Mt Romeo, Annan River",,,Native Police patrolling near Cooktown,9030 of 1894,"Part 1, p58",25/07/1894,,COL/A778,
ITM847511,"LANIGAN, Edward; NORMAN (Aboriginal)","Montalbion, Herberton",,,Ex-trooper killed policeman,10390 of 1894,"Part 3, p110",06/09/1894,06/09/1894,COL/A780,
ITM847512,"ARMIT, William",New Guinea,,,Massacre and reprisal at NG,10801 of 1894,"Part 3, p34-46",10/09/1894,,COL/A781,
ITM847512,"COLLINS, Timothy; TYSON, Arthur",Coen,,,Killing near Coen,10963 of 1894,"Part4, p143-144",21/09/1894,,COL/A781,
ITM847514,"URQUHART, Frederic ",Pine River,,,Native Police patrolling at Cape York,11597 of 1894,"Part 2, p107-112",26/09/1894,,COL/A783,
ITM847514,"DOUGLAS, John",Pine River,,,Native Police patrolling at Cape York,11537 of 1894,"Part 2, p113",26/09/1894,08/10/1894,COL/A783,
ITM847516,"BALSER, SF; FITZGERALD, H",Breeza Plains,,,Native Police wanted at Laura,12905 of 1894,"Part 3, p131-132",08/11/1894,,COL/A785,
ITM847525,"MASSY, Harry; MESTON, Archibald",Rokeby,,,Killing near Laura,8432 of 1895,"Part 1, p228",09/07/1895,,COL/A794,
ITM847532,"LEE, Frank",Princess Charlotte Bay,,,Firearms stolen at Cape York,15033 of 1895,"Part 1, p113",16/12/1895,,COL/A801,
ITM847533,"MACINTOSH, TB",Lawn Hill,,,Man reported killed near Burketown,891 of 1896,"Part2, p111",17/01/1896,,COL/A802,
ITM847561,"COLLINGS, JS; WHITEFORD, J; HAMILTON, J","Musgrave, Coen",,,Native Police wanted at Cape York,7510 of 1899,p489-497,15/05/1899,,HOM/A23,
ITM847641,"STUART, J; URQUHART, F; MARRETT, CB; LAMOND, J","Mein, Coen, Laura, Nigger Creek",,,Change in Native Police role and arrangements,967 of 1907,see 847461 partial,26/05/1896,,HOM/J22,
ITM17981,"HOBSON, George; BISMARK (Aboriginal); DARKIE (Aboriginal); DRISCOLL, John; WALTON, John; SWEENEY, William; HANSEN, Carl",Cairns; Myola,,,Trial of Darkie for murder,,p.103-109,02/04/1891,,A/18493,
ITM271705,"JACKEY NORMAN (Aboriginal); LANIGAN, Edward; HIGGINS, John","Montalbion, Herberton",,,Trial of Jackey Norman for murder,,,11/10/1894,,A/19930,
ITM282296,,"Barron River; Glendhu; Dunrobin, Maytown",,,Police general orders and memoranda,,,11/11/1881,,A/36274,
ITM282297,,,,,Police general orders and memoranda,,,10/05/1889,,A/36275,
ITM282600,,"Nigger Creek, Herberton",,,Nigger Creek Native Police camp Letterbook,,,,,A/38047,
ITM289937,,Coen; Laura; Breeza Plains; Archer River; Batavia River; Mein; Musgrave,,,Coen police station file,,,,,A/41229,
ITM289938,"BATEMAN, Charles; LAMOND, James; WHITEFORD, James; MARRETT, Charles; WHELAN, Daniel; MONDAY or MUNDAY (Aboriginal)",Coen; Laura; Breeza Plains; Archer River; Batavia River; Mein; Musgrave,,,Coen police station file,,,,,A/41230,
ITM290231,"HANN, Frank; LAMOND, James",Carl Creek; Nicholson River; Gregory River; Lawn Hill,,,Turn Off Lagoon police station file,,p23-25,08/10/1883,08/10/1883,A/41523,
ITM290306,,"Glenroy Creek, Palmerville",,,Glenroy police station file,,p5-55,,,A/41598,
ITM290308,,Breeza Plains; Piccanniny Creek; Archer River; Mein; Merluna ,"WATSON Bros; NOTT, AW; WHELAN, Daniel; FITZGERALD, Hervey; Massy, G; LAMOND, James ",,Clay Hole Creek police station file,,p1-55,,,A/41600,
ITM313127,"URQUHART, Frederic ",Boigu Island,,,Steamer Albatross logbook,,p8,11/2/1890,,A/71239,
ITM317664,"FITZGERALD, H  ",Cardwell; Murray River; Tully River,,,Cardwell trackers,,p.128-132,,,A/44850,
ITM317666,"FITZGERALD, H; HEENAN, J; MARRETT, CB;   ","Herberton, Tully",,,Nigger Creek trackers,,p329-335,,,A/44858,
ITM317670,,,,,Cooktown trackers,,p179-282,,,A/44852,
ITM317678,,,,,Turn Off Lagoon trackers,,p33-56,,,A/44866,
ITM317687,,"Normanton, Croydon, Turnoff Lagoon",,,Normanton District trackers,,p174-215,,,A/44872,
ITM317696,,,,,Toowoomba district trackers,,,,,A/44880,
ITM318443,,Cardwell; Murray River; Tully River,,,Offences against Aborigines,,p245-317,,,A/45211,
ITM318618,,,,,Police Museum,,p147-292,,,A/45277,
ITM319097,,Camooweal; Urandangie,,,Police correspondence,,p219,,,A/45400,
ITM337170,,,,,Aboriginal crime,,p1-128,,,A/58786,
ITM370168,,Coen  ,,,,,,,,SRS39/4/946,
ITM563084,"BEEHAN, Patrick; MARRETT, CB; WHELAN, D: LUCY (Aboriginal); TOPSY (Aboriginal); NELLY (Aboriginal)",Palmer River; Cooktown,,,Police staff file Patrick Beehan,,p203-242,,,A/38736,
ITM563330,"DOHERTY, Cornelius",Palmer River; Cooktown,,,Police staff file Cornelius Doherty,,p43-91,,,A/38774,
ITM563398,"ALFORD, Richard","Turnoff Lagoon, Burketown",,,Police staff file Richard Alford,,p107-331,,,A/38791,
ITM563456,"EARL, Edward",Fairmead,,,Police staff file Edward Earl,,p3-27,,,A/38803,
ITM563598,"HANSEN, Charles",Atherton; Herberton; Nigger Creek,,,Police staff file Charles Hansen,,p159-174,,,A/38828,
ITM563710,"HOLMES, William",Kirtleton,,,Police staff file William Holmes,,,,,A/38853,
ITM563740,"KENNY, James",Cooktown ,,,Police staff file James Kenny,,p93-100,,,A/38859,
ITM563778,"KELLY, George","Cooktown, Highbury",,,Police staff file George Kelly,,,,,A/38865,
ITM563826,"LACEY, Thomas","Laura, Geraldton",,,Police staff file Thomas Lacey,,,,,A/38874,
ITM563859,"LINEHAN, Michael","Eyres Creek, Musgrave, Laura",,,Police staff file Michael Linehan,,p24-51,,,A/38879,
ITM563856,"LANIGAN, Edward; NORMAN (Aboriginal)","Montalbion, Herberton",,,Police staff file Edward Lanigan,,,,,A/38878,
ITM563884,"LITTLE, JK","Turnoff Lagoon, Burketown",,,Police staff file John Kyle Little,,p24-129,,,A/40052,
ITM563896,"MORISSET, Aulaire",Cooktown; Port Douglas; Barcoo River; Normanton,,,Police staff file Aulaire Morisset,,p126-191,,,A/40054,
ITM563908,"MOSMAN, Archibald",Boulia  ,,,Police staff file Archibald Mosman,,p1-13,,,A/40056,
ITM564203,,,,,Police staff file Joseph Owens,,,,,A/40108,
ITM564334,"RYAN, Patrick",Mossman,,,Police staff file Patrick Ryan,,p12 ,,,A/40133,
ITM564387,"ROOTS, Richard",Coen  ,,,Police staff file Richard Roots,,,,,A/40142,
ITM564457,"SMITH, George","Coen, Laura, Turnoff Lagoon",,,Police staff file George Smith,,p296-323,,,A/40158,
ITM564459,"SYMS, Henry",Coen  ,,,Police staff file Henry Syms,,,,,A/40159,
ITM564552,"WHELAN, Edmond",Cairns; Urandangi,,,Police staff file Edmond Whelan,,,,,A/40186,
ITM564616,,,,,Police staff file Joseph Waters,,,,,A/40196,
ITM564643,,,,,Police staff file James Walsh,,,,,A/40204,
ITM564673,"GARRAWAY, Roland",Coen,,,Police staff file Roland Garraway,,"p197-204, 307-330, 339-355",,,A/40212,
ITM564869,"CUDDIHY, Michael",Coen,,,Police staff file Michael Cuddihy,,p180-210,,,A/40267,
ITM564916,"HIGGINS, John",Nigger Creek,,,Police staff file John Higgins,,"p4-5, 29-95",,,A/40290,
ITM564935,,,,,Police staff file Denis Keane,,,,,A/40300,
ITM564940,"LAMOND, James","Herberton, Laura",,,Police staff file James Lamond,,p1-38,,,A/40303,
ITM564941,"BATEMAN, Charles",Coen,,,Police staff file Charles Bateman,,p168-189,,,A/40304,
ITM564945,"LORIGAN, Daniel","Dunrobin, Carl Creek, Paterson, Coen",,,Police staff file Daniel Lorigan,,p20-51,,,A/40306,
ITM564954,"MARRETT, Charles","Coen, Paterson",,,Police staff file Charles Marrett,,p198-333,,,A/40310,
ITM564957,"MURRAY, FJ",Cooktown ,,,Police staff file Frederick Murray,,p50-108,,,A/40311,
ITM564961,"MURPHY, James","Cooktown, Palmerville, Maytown",,,Police staff file James Murphy,,p108-123,,,A/40312,
ITM564966,"MURRAY, Robert","Highbury, Maytown, Musgrave, Coen, Laura",,,Police staff file Robert Murray,,p2-59,,,A/40314,
ITM564971,,,,,Police staff file Edward Martin,,,,,A/40317,
ITM564982,"POINGDESTRE, LJA","Norman River, Carl Creek, Highbury",,,Police staff file Lyndon Poingdestre,,p44-185,,,A/40323,
ITM565002,"STUART, J",,,,Police staff file John Stuart,,,,,A/40331,
ITM565028,"BARSON, Robert","Cooktown, Highbury",,,Police staff file Robert Barson,,p86-103,,,A/40339,
ITM565043,,,,,Police staff file David Twaddle,,,,,A/40343,
ITM565056,"WHITEFORD, James",,,,Police staff file James Whiteford,,p14-107,,,A/40348,
ITM565067,"BLAKENEY, F",Cardwell,,,Police staff file Frank Blakeney,,p97-112,,,A/40354,
ITM565165,,,,,,Restricted to 2050,,,,A/40383,
ITM565174,"O’BRIEN, J",,,,Police staff file John O’Brien,,,,,A/40385,
ITM565260,"ORDISH, L",,,,Police staff file Lionel Ordish,,,,,A/40414,
ITM565604,"PORTLEY, M",Mossman,,,Police staff file Michael Portley,,p33-100,,,A/40521,
ITM665850,"QUILTER, Insp.; MALONE, Insp.; JACK (Aboriginal); BAKER or JIMMY DUMMY (Aboriginal); ROMEO (Aboriginal); TOBY PLATT  (Aboriginal); JIMMY NICOL  (Aboriginal); JIMMY DOUGLAS  (Aboriginal); WHITEFORD, Snior Sergeant; FOX, Wille  (Aboriginal); THOMPSON, J.R.; MARTIN, Henry Stanley, Const.; HIPPENDALL, Percy; SMILER  (Aboriginal); DOHERTY; ANDERSON, W.P., J.P.; BURTON, W., J.P.; NOONAN; HARRY  (Aboriginal); TOMMY  (Aboriginal); DOHERTY, William; RICHARDSON, Richard Francis, Constable; PADDY  (Aboriginal); KIRKWOOD, Constable; CHARLIE  (Aboriginal Tracker);",Cairns; Barambah; Kendall River; Coen;  Diamond creek Station; Ebagoola; Port Stewart; Musgrave; Emily Creek; ,Baldutcha; 'Coast Tribe'; Cookalama Tribe;,confronting language,Jimmy Dummy (Baker) murder file,,All,7 Jan 1910 - 31 Jul 1911,,A/49714,
ITM2842648,"CARROLL, John William; CARROLL, Mary Josephine; CARROLL, Annie; CARROLL, John William; CARROLL, Stella Teresa; CARROLL, Kathleen Rosalie; CAROLL nee O'SULLIVAN, Mary Eugenie; BUCHANAN, William Samuel; ROBERTS, George Alexander; RYAN, James; BREENE, Martin; ",Townsville; ,,,Will file John Carroll,1893/4,All,c.1893,,A/16753,
ITM87815,,,,,Police stores register for Port Douglas,,"p8, 18-20, 26-31, 41-50, 52, 55, 60-64, 69-76, 79-84",,,POL12D/2,
ITM17281,FRED DINGO (Aboriginal),Eidsvold,,,Ex-trooper tried for murder,41 of 1890,,18/04/1890,,EXE/6,
ITM87380,PETER (Aboriginal),Cooktown ,,,Death of trooper,,,19/04/1890,,POL13A/H1,
ITM2730541,"DARKIE (Aboriginal); HOBSON, G","Myola, Cairns",,,Inquest into death of George Hobson,380 of 1890,,28/07/1890,,JUS/N179,
ITM17981,"DARKIE (Aboriginal); MESTON, A; HOBSON, G",Fraser Island; Myola,,,"Petition from Darkie, prisoner at ST Helena, for remission of sentence",7734 of 1902,p.85-125,28/07/1890,,COL/143,
ITM844946,,,,,Firearms and ammunition,413 of 1890,,11/08/1890,,COL/E120,
ITM844946,,,,,Trackers rations,418 of 1890,,13/08/1890,,COL/E120,
ITM844946,,,,,Trackers rations,437 of 1890,,22/08/1890,,COL/E120,
ITM844947,,,,,Firearms and ammunition,457 of 1890,,11/09/1890,,COL/E121,
ITM844947,,,,,Trackers rations,468 of 1890,,15/09/1890,,COL/E121,
ITM844948,,,,,Native Police stores,490 of 1890,,02/10/1890,,COL/E122,
ITM87380,JACK (Aboriginal),Cooktown ,,,Death of trooper,,,14/10/1890,,POL13A/H1,
ITM2730699,"HARRY (Aboriginal); HOULAHAN, Michael",Palmer River; Cooktown; Normanby River,,,Inquest into death of Michael Houlahan,541 of 1890,,08/11/1890,,JUS/N183,
ITM19202,"BALSER, SF",Kennedy River; McIvor River; Stewart River,,,Native Police wanted at Cape York,298 of 1891,p210-211,29/01/1891,,JUS/A54,
ITM19202,"BALSER, SF",Kennedy River  ,,,No money for more Native Police,355 of 1891,p212,11/02/1891,,JUS/A54,
ITM87782,"HARRY (Aboriginal); HOULAHAN, Michael",Palmer River; Cooktown,,,Houlihan killed at Palmer River,,p64,10/03/1891,,POL13/Q1,
ITM19202,"BALSER, SF",Kennedy River,,,Native Police wanted at Cape York,584 of 1891,p208-209,11/03/1891,,JUS/A54,
ITM2730962,,Maytown,,,Inquest into death of Ah Gow,196 of 1891,p1-9,11/05/1891,,JUS/N189,
ITM107999,,Musgrave ,,,Native Police camp at Cape York,12583 of 1891,,16/05/1891,,WOR/A286,
ITM844955,"DARKIE (Aboriginal); HOBSON, G","Myola, Cairns",,,Death sentence commuted (Darkie),199 of 1891,p4-5,21/05/1891,,COL/E129,
ITM844958,,,,,Trackers rations,,,13/08/1891,,COL/E132,
ITM516354,,,,,Tracker discharged,,,28/09/1891,,SRS703/1/1,
ITM844960,,,,,Trackers rations,393 of 1891,,01/10/1891,,COL/E134,
ITM6820,"LAMOND, James",Daintree River,,,Native Police operations at Daintree,12007 of 1891,"Part 1, p126-7",28/10/1891,,COL/139,
ITM6820,"OSBORNE, Frank",Daintree River,,,Native Police operations at Daintree,12471 of 1891,"Part1, p120-158",29/10/1891,,COL/139,
ITM86446,,,,,Native Police breaking up sugar worker fight,,p62,04/03/1892,,POL/J1,
ITM86446,,,,,Native Police breaking up sugar worker fight,,p58-59,09/03/1892,,POL/J1,
ITM2731463,"SUP GEE, Chinese",Maytown,,,Inquest into death of Sup Gee,199 of 1892,p1-8,20/05/1892,,JUS/N200,
ITM108009,"FITZGERALD, H  ","Nigger Creek, Herberton",,,Nigger Creek Native Police camp buildings,8145 of 1892,p367-371,05/07/1892,,WOR/A296,
ITM108027,"DOUGLAS, AD ",Percy River,,,Police protection wanted at Percy River,9269 of 1892,p195-198,01/08/1892,,WOR/A314,
ITM844970,,,,,Trackers rations,344 of 1892,,18/08/1892,,COL/E144,
ITM2732009,"KELLOWAY, William; JIMMIE (Aboriginal)",Geraldton,,,Inquest into death of William Kelloway,220 of 1893,p1-16,10/03/1893,,JUS/N212,
ITM2732044,"MURTEY or BILLY (Aboriginal); SHEEHAN, Philip; CAMPBELL, Archibald; KIPPER, Robert: KENYON, James",Boulia  ,,,Inquest into death of Billy,256 of 1893,p1-28,11/04/1893,,JUS/N213,
ITM2732124,"WATERS, George; HOLLINGSWORTH, George; LANCASTER, Frederic; SAM (Aboriginal); ANDERSON (Aboriginl)",Forbes Island,,,Inquest into death of George Waters,338 of 1893,p1-20,29/05/1893,,JUS/N214,
ITM7041,,Port Douglas,,,Native Police not needed at Port Douglas,6549 of 1893,,30/06/1893,,COL/O25,
ITM7041,,Port Douglas,,,Native Police wanted at Port Douglas,7939 of 1893,,10/07/1893,,COL/O25,
ITM7041,,Port Douglas,,,Native Police wanted at Port Douglas,9748 of 1893,,08/08/1893,,COL/O25,
ITM844982,,,,,Trackers rations,258 of 1893,,30/08/1893,,COL/E156,
ITM844983,,,,,Native Police stores,299 of 1893,,27/09/1893,,COL/E157,
ITM844984,,,,,Trackers rations,310 of 1893,,04/10/1893,,COL/E158,
ITM6820,,Cardwell; Murray River; Tully River,,,Native Police needed at Cardwell,13223 of 1893,p398-400,20/10/1893,,COL/139,
ITM86739,"GREENLAW, Henry; JONES, George",Cape York Peninsula,,,Attacks at Cape York,,p1,06/12/1893,,POL/2,
ITM6820,"OSBORNE, F",Daintree River,,,Native Police not needed at Port Douglas,308 of 1894,p151-153,21/12/1893,,COL/139,
ITM86739,"FERGUSON, A; DU MOULIN; CLARKE, JS",Mentana; Turnoff Lagoon,,,Attacks at Gulf of Carpentaria,,p1,25/03/1894,,POL/2,
ITM86739,"BAIRD, William",Cape York Peninsula,,,Baird killed at Cape York,,p1,27/04/1894,,POL/2,
ITM844991,"COOPER, W; URQUHART, F",Thursday Island ,,,Native Police officers transferred,162 of 1894,p24-26,09/05/1894,,COL/E165,
ITM86739,"CLARKE, JS",Turnoff Lagoon  ,,,Clarke killed at NT border,,p1,05/06/1894,,POL/2,
ITM6820,,"Cooktown, Geraldton",,,Native Police operations at Cape York,13850 of 1894,p192-204,05/08/1894,,COL/139,
ITM844995,,,,,Native Police stores,331 of 1894,p109-110,05/09/1894,,COL/E169,
ITM2732809,"NATHAN, W; WALINGERA (Aboriginal)",Carandotta,,,Inquest into death of Walter Nathan,449 of 1894,p1-10,06/09/1894,,JUS/N228,
ITM2732717,"LANIGAN, Edward; NORMAN (Aboriginal)",Montalbion ,,,Inquest into death of Edward Lanigan,356 of 1894,p1-48,08/09/1894,,JUS/N227,
ITM2732767,"ORARA, P; GREGORIS, V; NOPEEPA (Aboriginal)",Milman Island,,,"Inquest into deaths of Pedro Orara, Vassio Gregoris and Nopeepa",406 of 1894,p1-29,06/11/1894,,JUS/N228,
ITM6820,"SPLAINE, J",Cardwell,,,Attack near Cardwell,5910 of 1895,p404-406,21/01/1895,,COL/139,
ITM6820,"EWAN, WG","Tully River, Murray River",,,Native Police wanted at Cardwell,4225 of 1895,p401-403,28/03/1895,,COL/139,
ITM318443,"HANSEN, Charles",Tully River,,,Native Police wanted at Cardwell and Tully River,5910 of 1895,p313-317,28/03/1895,,A/45211,
ITM6820,"MURRAY, FJ",Tully River,,,Native Police not needed at Cardwell,5910 of 1895,p407,03/06/1895,,COL/139,
ITM6820,"CRAIG, W",Cardwell,,,Native Police operations at Cardwell,5091 of 1896,p370-372,04/04/1896,,COL/139,
ITM6820,"HANSEN, Charles",Cardwell,,,Rations distributed at Cardwell,4863 of 1896,p408,30/04/1896,,COL/139,
ITM845019,,,,,Firearms and ammunition,393 of 1896,p10-11,17/09/1896,,COL/E193,
ITM86495,"MACINTOSH, TB",Lawn Hill,,,Native Police wanted at Lawn Hill,15910 of 1896,p313-316,06/11/1896,,,
ITM17981,DARKIE (Aboriginal) ,St Helena Gaol,,,"Petition from prisoner, Darkey, at St Helena",16543 of 1896,p.95,14/12/1896,,COL/143,
ITM86495,"WHITEFORD, James",Musgrave ,,,Rations distributed at Cape York,2823 of 1897,p410-414,02/01/1897,,POL/J20,
ITM86473,"FORREST, FB; MESTON, A",,,,Criticism of Native Police,,p336-337,16/01/1897,,POL/J14,
ITM17981,DARKIE (Aboriginal) ,,,,Prisoner Darkie granted interview by Home Secretary at St Helena,4228 of 1897,p.96,20/02/1897,,COL/143,
ITM86550,"LAMOND, James",,,,Pay rise for troopers recommended,7084 of 1897,"Part 2, p56-57",31/03/1897,,POL/J37,
ITM86473,"THOMAS, J","Fairview, Laura",,,Native Police wanted near Laura,,p388-389,12/04/1897,,POL/J14,
ITM86495,"MACINTOSH, TB",Lawn Hill,,,Native Police wanted at Lawn Hill,,p321-323,14/04/1897,,POL/J20,
ITM86473,"LAMOND, James","Fairview, Laura",,,Native Police not needed near Laura,4891 of 1897,p381-386,15/04/1897,,POL/J14,
ITM6826,"THOMAS, J; LAMOND, James",Kennedy River  ,,,Native Police operations at Cape York,,p411-417,15/04/1897,,COL/140,
ITM2733877,"COLE, J; JACK (Aboriginal); NELLIE (Aboriginal)","Greens Creek, Cloncurry",,,Inquest into death of John Cole,191 of 1897,p1-72,19/04/1897,,JUS/N251,
ITM6826,"COLLINGS, JS; LAMOND, James",Koolburra; Laura,,,Attack near Laura,,p471-481,24/04/1897,,COL/140,
ITM86473,"FITZGERALD, H  ",,,,Criticism of Native Police,6334 of 1897,p347,01/05/1897,,POL/J14,
ITM86473,"DOUGLAS, AD",,,,Criticism of Native Police,5679 of 1897,p358-p363,11/05/1897,,POL/J14,
ITM6826,"NOTT, Alan; LAMOND, James",Langi; Musgrave,,,Native Police operations at Cape York,,"p401, 430-437",13/05/1897,,COL/140,
ITM6826,"WHITEFORD, James",Musgrave ,,,Rations distributed at Cape York,,p466,17/05/1897,,COL/140,
ITM6826,"LAMOND, James",Archer River; Coen; Mein,,,Native Police officer dying from illness at Coen,6088 of 1897,p422,19/05/1897,,COL/140,
ITM6826,"LAMOND, James",Coen,,,New Native Police officers needed at Coen,6187 of 1897,p420,21/05/1897,,COL/140,
ITM86495,"WHITEFORD, James",Musgrave ,,,Rations distributed at Cape York,8528 of 1897,p393,30/05/1897,,POL/J20,
ITM2733935,CHARLIE MORGAN (Aboriginal),Bowen,,,Inquest into death of Charlie Morgan,251 of 1897,p1-16,18/06/1897,,JUS/N253,
ITM2733970,MAHOMET ALI (Malay); NELLIE (Aboriginal),Deighton,,,Inquest into death of Mahomet Ali,288 of 1897,p1-11,14/07/1897,,JUS/N253,
ITM86495,"MACINTOSH, TB",,,,Native Police wanted at Lawn Hill,9919 of 1897,p320,19/08/1897,,POL/J20,
ITM86510,,"Boigu Island, Meruke Dutch Papua, Cairns, Brisbane",,,Native Police operations in Torres Strait Islands,10152 of 1897,p.9,"11 January 1906
",,POL/J29,
ITM86495,"LAMOND, James",Highbury,,,Highbury Native Police barracks report,10628 of 1897,p172-175,30/08/1897,,POL/J20,
ITM86495,"WHITEFORD, James",Musgrave ,,,Rations distributed at Cape York,12117 of 1897,p374-379,16/09/1897,,POL/J20,
ITM364038,"GRAHAM, David",Turnoff Lagoon  ,,,Turn Off Lagoon Native Police barracks,13329 of 1897,p59-63,30/10/1897,,SRS39/2,
ITM19254,,,,,Aboriginal Protection legislation,5993 of 1897,All (1 page),11/12/1897,,JUS/A104,
ITM86495,"MACINTOSH, TB",,,,Native Police wanted at Lawn Hill,,p237-273,12/11/1897,,POL/J20,
ITM87382,,Cooktown ,,,Cooktown troopers listed,,p57,01/01/1898,,POL13A/2,
ITM18284,,,,,"Register of Relief given to Aboriginals and includes list of Districts assigned to Meston, and list of Districts assigned to Roth for the purposes of ""The Aboriginal Protection and Restriction of the Sale of Opium Act 1897""",,All   ,01/01/1898,,COL/457,
ITM87376,"GRECU, M. Sergt; BILLY (Aboriginal); BILLY(Aboriginal Tracker); MCDONALD; J.P.; HONAN, Constable; CAULFIELD, Constable;",Cloncurry; Leichardt Ranges; Bowen Bird; Glenroy Station,,,Inquest into death of Billy,4 of 1898,p.2,18/02/1898,,POL14B/15,
ITM86495,"WHITEFORD, James",Musgrave ,,,Native Police operations at Cape York,4715 of 1898,p358-359,10/03/1898,,POL/J20,
ITM364038,"GRAHAM, David",Turnoff Lagoon  ,,,Turn Off Lagoon Native Police barracks,12274 of 1898,p54-58,20/09/1898,,SRS39/2,
ITM364038,"GRAHAM, David",Turnoff Lagoon  ,,,Native Police operations at Turn Off Lagoon,6143 of 1899,p43-47,17/04/1899,,SRS39/2,
ITM364038,"LAMOND, James",Turnoff Lagoon  ,,,Native Police operations at Turn Off Lagoon,,p41-42,13/09/1899,,SRS39/2,
ITM22058,,,,,Petition from Northen Stockholders of Queensland,1473 of 1865,p.1-5,10 July 1865,,LWO/A22,
,,,,,,,,,,,
,,,,,,,,,,,
